# Blender v2.93.10 OBJ File: 'Mc_Donalds_Sign_bind.blend'
# www.blender.org
mtllib Mc_Donalds_Sign_bind.mtl
o Sign_Text.001
v 1.101318 3.860321 0.323511
v 1.096068 3.862987 0.323511
v 1.090904 3.865367 0.323511
v 1.085843 3.867470 0.323511
v 1.080901 3.869301 0.323511
v 1.076094 3.870866 0.323511
v 1.071439 3.872173 0.323511
v 1.066951 3.873227 0.323511
v 1.062648 3.874036 0.323511
v 1.058545 3.874606 0.323511
v 1.054659 3.874943 0.323511
v 1.051007 3.875054 0.323511
v 1.047274 3.874923 0.323511
v 1.043787 3.874538 0.323511
v 1.040562 3.873913 0.323511
v 1.037614 3.873060 0.323511
v 1.034957 3.871993 0.323511
v 1.032606 3.870725 0.323511
v 1.030576 3.869269 0.323511
v 1.028881 3.867637 0.323511
v 1.027538 3.865844 0.323511
v 1.026559 3.863901 0.323511
v 1.025961 3.861823 0.323511
v 1.025759 3.859622 0.323511
v 1.026031 3.857704 0.323511
v 1.026866 3.855701 0.323511
v 1.028293 3.853588 0.323511
v 1.030339 3.851341 0.323511
v 1.033033 3.848938 0.323511
v 1.036403 3.846354 0.323511
v 1.040478 3.843566 0.323511
v 1.045285 3.840551 0.323511
v 1.050853 3.837286 0.323511
v 1.057209 3.833745 0.323511
v 1.064384 3.829907 0.323511
v 1.072403 3.825747 0.323511
v 1.079906 3.821270 0.323511
v 1.086600 3.817033 0.323511
v 1.092516 3.812991 0.323511
v 1.097682 3.809102 0.323511
v 1.102130 3.805323 0.323511
v 1.105889 3.801611 0.323511
v 1.108987 3.797922 0.323511
v 1.111456 3.794214 0.323511
v 1.113324 3.790443 0.323511
v 1.114622 3.786566 0.323511
v 1.115378 3.782540 0.323511
v 1.115624 3.778322 0.323511
v 1.115072 3.771098 0.323511
v 1.113459 3.764318 0.323511
v 1.110843 3.758015 0.323511
v 1.107287 3.752226 0.323511
v 1.102852 3.746986 0.323511
v 1.097597 3.742330 0.323511
v 1.091585 3.738294 0.323511
v 1.084877 3.734912 0.323511
v 1.077532 3.732221 0.323511
v 1.069612 3.730254 0.323511
v 1.061178 3.729049 0.323511
v 1.052290 3.728639 0.323511
v 1.046507 3.728727 0.323511
v 1.040897 3.728998 0.323511
v 1.035421 3.729462 0.323511
v 1.030038 3.730131 0.323511
v 1.024709 3.731013 0.323511
v 1.019393 3.732121 0.323511
v 1.014051 3.733463 0.323511
v 1.008642 3.735052 0.323511
v 1.003125 3.736896 0.323511
v 0.997462 3.739007 0.323511
v 0.991611 3.741395 0.323511
v 0.985533 3.744071 0.323511
v 0.985533 3.780204 0.323511
v 0.991691 3.776604 0.323511
v 0.997741 3.773332 0.323511
v 1.003667 3.770383 0.323511
v 1.009450 3.767756 0.323511
v 1.015072 3.765447 0.323511
v 1.020517 3.763455 0.323511
v 1.025764 3.761776 0.323511
v 1.030799 3.760409 0.323511
v 1.035601 3.759350 0.323511
v 1.040154 3.758597 0.323511
v 1.044439 3.758147 0.323511
v 1.048439 3.757997 0.323511
v 1.052231 3.758303 0.323511
v 1.055881 3.758844 0.323511
v 1.059351 3.759620 0.323511
v 1.062608 3.760632 0.323511
v 1.065616 3.761879 0.323511
v 1.068338 3.763361 0.323511
v 1.070739 3.765078 0.323511
v 1.072784 3.767030 0.323511
v 1.074436 3.769218 0.323511
v 1.075660 3.771641 0.323511
v 1.076421 3.774300 0.323511
v 1.076683 3.777193 0.323511
v 1.074914 3.782825 0.323511
v 1.070025 3.788155 0.323511
v 1.062641 3.793336 0.323511
v 1.053384 3.798522 0.323511
v 1.042879 3.803864 0.323511
v 1.031750 3.809515 0.323511
v 1.020620 3.815629 0.323511
v 1.010115 3.822359 0.323511
v 1.000859 3.829858 0.323511
v 0.993474 3.838277 0.323511
v 0.988585 3.847771 0.323511
v 0.986817 3.858493 0.323511
v 0.987328 3.865405 0.323511
v 0.988834 3.871826 0.323511
v 0.991297 3.877735 0.323511
v 0.994678 3.883111 0.323511
v 0.998939 3.887933 0.323511
v 1.004041 3.892179 0.323511
v 1.009946 3.895830 0.323511
v 1.016613 3.898864 0.323511
v 1.024007 3.901259 0.323511
v 1.032087 3.902997 0.323511
v 1.040814 3.904054 0.323511
v 1.050151 3.904412 0.323511
v 1.054654 3.904317 0.323511
v 1.059179 3.904034 0.323511
v 1.063731 3.903559 0.323511
v 1.068314 3.902892 0.323511
v 1.072933 3.902032 0.323511
v 1.077592 3.900977 0.323511
v 1.082295 3.899726 0.323511
v 1.087048 3.898278 0.323511
v 1.091854 3.896631 0.323511
v 1.096718 3.894784 0.323511
v 1.101644 3.892736 0.323511
v 1.106637 3.890486 0.323511
v 1.106637 3.857363 0.323511
v 0.887537 4.001520 0.323511
v 0.925195 4.001520 0.323511
v 0.925195 3.957482 0.323511
v 0.915353 3.905917 0.323511
v 0.897380 3.905917 0.323511
v 0.887537 3.957482 0.323511
v 0.738618 3.732027 0.323511
v 0.724736 3.732732 0.323511
v 0.711797 3.734815 0.323511
v 0.699850 3.738225 0.323511
v 0.688946 3.742914 0.323511
v 0.679136 3.748831 0.323511
v 0.670470 3.755927 0.323511
v 0.662999 3.764152 0.323511
v 0.656772 3.773457 0.323511
v 0.651842 3.783792 0.323511
v 0.648257 3.795106 0.323511
v 0.646070 3.807351 0.323511
v 0.645329 3.820477 0.323511
v 0.646145 3.832408 0.323511
v 0.648537 3.843684 0.323511
v 0.652424 3.854235 0.323511
v 0.657724 3.863985 0.323511
v 0.664355 3.872862 0.323511
v 0.672235 3.880794 0.323511
v 0.681284 3.887705 0.323511
v 0.691419 3.893524 0.323511
v 0.702558 3.898178 0.323511
v 0.714620 3.901592 0.323511
v 0.727523 3.903695 0.323511
v 0.741186 3.904412 0.323511
v 0.744380 3.904372 0.323511
v 0.747553 3.904250 0.323511
v 0.750720 3.904041 0.323511
v 0.753896 3.903743 0.323511
v 0.757097 3.903350 0.323511
v 0.760335 3.902859 0.323511
v 0.763628 3.902267 0.323511
v 0.766988 3.901568 0.323511
v 0.770432 3.900760 0.323511
v 0.773974 3.899837 0.323511
v 0.777628 3.898798 0.323511
v 0.781411 3.897637 0.323511
v 0.781411 3.988722 0.323511
v 0.819497 3.988722 0.323511
v 0.819497 3.732027 0.323511
v 0.778261 3.868977 0.323511
v 0.775214 3.869945 0.323511
v 0.772251 3.870807 0.323511
v 0.769350 3.871568 0.323511
v 0.766491 3.872230 0.323511
v 0.763652 3.872795 0.323511
v 0.760813 3.873266 0.323511
v 0.757954 3.873646 0.323511
v 0.755053 3.873936 0.323511
v 0.752090 3.874141 0.323511
v 0.749043 3.874261 0.323511
v 0.745893 3.874301 0.323511
v 0.736949 3.873821 0.323511
v 0.728549 3.872408 0.323511
v 0.720738 3.870102 0.323511
v 0.713560 3.866940 0.323511
v 0.707059 3.862963 0.323511
v 0.701281 3.858210 0.323511
v 0.696269 3.852720 0.323511
v 0.692069 3.846532 0.323511
v 0.688724 3.839685 0.323511
v 0.686280 3.832219 0.323511
v 0.684781 3.824172 0.323511
v 0.684271 3.815584 0.323511
v 0.684583 3.807854 0.323511
v 0.685553 3.800508 0.323511
v 0.687233 3.793601 0.323511
v 0.689676 3.787188 0.323511
v 0.692932 3.781324 0.323511
v 0.697055 3.776064 0.323511
v 0.702097 3.771462 0.323511
v 0.708108 3.767574 0.323511
v 0.715142 3.764455 0.323511
v 0.723250 3.762158 0.323511
v 0.732485 3.760741 0.323511
v 0.742897 3.760256 0.323511
v 0.781411 3.760256 0.323511
v 0.781411 3.867902 0.323511
v 0.539203 3.732027 0.323511
v 0.539203 3.988722 0.323511
v 0.577289 3.988722 0.323511
v 0.577289 3.732027 0.323511
v 0.478963 3.739419 0.323511
v 0.475158 3.737308 0.323511
v 0.471677 3.735467 0.323511
v 0.468468 3.733881 0.323511
v 0.465478 3.732535 0.323511
v 0.462657 3.731415 0.323511
v 0.459951 3.730507 0.323511
v 0.457310 3.729796 0.323511
v 0.454680 3.729268 0.323511
v 0.452010 3.728909 0.323511
v 0.449248 3.728704 0.323511
v 0.446342 3.728639 0.323511
v 0.442329 3.728750 0.323511
v 0.438630 3.729085 0.323511
v 0.435236 3.729651 0.323511
v 0.432141 3.730451 0.323511
v 0.429338 3.731493 0.323511
v 0.426818 3.732779 0.323511
v 0.424574 3.734317 0.323511
v 0.422600 3.736111 0.323511
v 0.420887 3.738166 0.323511
v 0.419428 3.740488 0.323511
v 0.418216 3.743082 0.323511
v 0.417243 3.745953 0.323511
v 0.413053 3.743161 0.323511
v 0.408831 3.740619 0.323511
v 0.404579 3.738325 0.323511
v 0.400300 3.736278 0.323511
v 0.395997 3.734477 0.323511
v 0.391674 3.732920 0.323511
v 0.387333 3.731607 0.323511
v 0.382977 3.730535 0.323511
v 0.378609 3.729704 0.323511
v 0.374232 3.729111 0.323511
v 0.369849 3.728757 0.323511
v 0.365463 3.728639 0.323511
v 0.358604 3.729037 0.323511
v 0.352170 3.730190 0.323511
v 0.346193 3.732038 0.323511
v 0.340707 3.734522 0.323511
v 0.335744 3.737581 0.323511
v 0.331336 3.741154 0.323511
v 0.327517 3.745182 0.323511
v 0.324319 3.749605 0.323511
v 0.321774 3.754363 0.323511
v 0.319917 3.759395 0.323511
v 0.318778 3.764641 0.323511
v 0.318391 3.770042 0.323511
v 0.319091 3.777943 0.323511
v 0.321101 3.784952 0.323511
v 0.324288 3.791149 0.323511
v 0.328519 3.796612 0.323511
v 0.333658 3.801421 0.323511
v 0.339574 3.805657 0.323511
v 0.346131 3.809399 0.323511
v 0.353196 3.812727 0.323511
v 0.360636 3.815720 0.323511
v 0.368316 3.818458 0.323511
v 0.376104 3.821021 0.323511
v 0.383864 3.823488 0.323511
v 0.417671 3.834027 0.323511
v 0.417671 3.843061 0.323511
v 0.417430 3.848073 0.323511
v 0.416708 3.852582 0.323511
v 0.415504 3.856599 0.323511
v 0.413819 3.860137 0.323511
v 0.411653 3.863211 0.323511
v 0.409005 3.865832 0.323511
v 0.405876 3.868014 0.323511
v 0.402265 3.869770 0.323511
v 0.398173 3.871113 0.323511
v 0.393600 3.872056 0.323511
v 0.388545 3.872613 0.323511
v 0.383008 3.872795 0.323511
v 0.377759 3.872614 0.323511
v 0.372504 3.872065 0.323511
v 0.367255 3.871143 0.323511
v 0.362024 3.869840 0.323511
v 0.356822 3.868150 0.323511
v 0.351663 3.866067 0.323511
v 0.346556 3.863585 0.323511
v 0.341515 3.860695 0.323511
v 0.336551 3.857393 0.323511
v 0.331677 3.853671 0.323511
v 0.326903 3.849523 0.323511
v 0.322242 3.844943 0.323511
v 0.322242 3.881452 0.323511
v 0.326112 3.885146 0.323511
v 0.330235 3.888511 0.323511
v 0.334612 3.891550 0.323511
v 0.339249 3.894263 0.323511
v 0.344147 3.896652 0.323511
v 0.349309 3.898719 0.323511
v 0.354739 3.900464 0.323511
v 0.360439 3.901889 0.323511
v 0.366413 3.902994 0.323511
v 0.372663 3.903783 0.323511
v 0.379192 3.904255 0.323511
v 0.386004 3.904412 0.323511
v 0.395557 3.904049 0.323511
v 0.404692 3.902951 0.323511
v 0.413331 3.901107 0.323511
v 0.421395 3.898501 0.323511
v 0.428806 3.895122 0.323511
v 0.435483 3.890956 0.323511
v 0.441350 3.885990 0.323511
v 0.446326 3.880211 0.323511
v 0.450334 3.873607 0.323511
v 0.453294 3.866163 0.323511
v 0.455128 3.857867 0.323511
v 0.455757 3.848706 0.323511
v 0.455757 3.761761 0.323511
v 0.455810 3.760247 0.323511
v 0.455969 3.758898 0.323511
v 0.456231 3.757709 0.323511
v 0.456597 3.756673 0.323511
v 0.457063 3.755783 0.323511
v 0.457629 3.755033 0.323511
v 0.458293 3.754416 0.323511
v 0.459053 3.753927 0.323511
v 0.459909 3.753557 0.323511
v 0.460858 3.753301 0.323511
v 0.461899 3.753152 0.323511
v 0.463031 3.753104 0.323511
v 0.464072 3.753174 0.323511
v 0.465264 3.753381 0.323511
v 0.466595 3.753722 0.323511
v 0.468055 3.754192 0.323511
v 0.469635 3.754787 0.323511
v 0.471323 3.755504 0.323511
v 0.473108 3.756338 0.323511
v 0.474982 3.757286 0.323511
v 0.476932 3.758344 0.323511
v 0.478950 3.759508 0.323511
v 0.481024 3.760774 0.323511
v 0.483144 3.762137 0.323511
v 0.483144 3.741813 0.323511
v 0.409643 3.813132 0.323511
v 0.401877 3.810644 0.323511
v 0.394456 3.808086 0.323511
v 0.387462 3.805422 0.323511
v 0.380980 3.802617 0.323511
v 0.375092 3.799635 0.323511
v 0.369881 3.796442 0.323511
v 0.365432 3.793001 0.323511
v 0.361826 3.789279 0.323511
v 0.359147 3.785238 0.323511
v 0.357479 3.780845 0.323511
v 0.356905 3.776064 0.323511
v 0.357141 3.772672 0.323511
v 0.357834 3.769472 0.323511
v 0.358958 3.766484 0.323511
v 0.360487 3.763727 0.323511
v 0.362396 3.761221 0.323511
v 0.364661 3.758985 0.323511
v 0.367256 3.757040 0.323511
v 0.370155 3.755404 0.323511
v 0.373333 3.754098 0.323511
v 0.376766 3.753141 0.323511
v 0.380427 3.752552 0.323511
v 0.384292 3.752352 0.323511
v 0.387270 3.752460 0.323511
v 0.390212 3.752782 0.323511
v 0.393118 3.753310 0.323511
v 0.395989 3.754038 0.323511
v 0.398824 3.754960 0.323511
v 0.401623 3.756068 0.323511
v 0.404387 3.757357 0.323511
v 0.407115 3.758820 0.323511
v 0.409807 3.760450 0.323511
v 0.412464 3.762240 0.323511
v 0.415085 3.764185 0.323511
v 0.417671 3.766278 0.323511
v 0.417671 3.815584 0.323511
v 0.136949 3.878817 0.323511
v 0.140725 3.882721 0.323511
v 0.144762 3.886333 0.323511
v 0.149038 3.889644 0.323511
v 0.153527 3.892646 0.323511
v 0.158207 3.895329 0.323511
v 0.163052 3.897684 0.323511
v 0.168041 3.899701 0.323511
v 0.173149 3.901373 0.323511
v 0.178351 3.902689 0.323511
v 0.183625 3.903640 0.323511
v 0.188946 3.904217 0.323511
v 0.194291 3.904412 0.323511
v 0.203221 3.903955 0.323511
v 0.211771 3.902580 0.323511
v 0.219867 3.900277 0.323511
v 0.227432 3.897037 0.323511
v 0.234391 3.892851 0.323511
v 0.240668 3.887710 0.323511
v 0.246188 3.881603 0.323511
v 0.250873 3.874524 0.323511
v 0.254650 3.866461 0.323511
v 0.257441 3.857407 0.323511
v 0.259171 3.847352 0.323511
v 0.259765 3.836286 0.323511
v 0.259765 3.732027 0.323511
v 0.221679 3.732027 0.323511
v 0.221679 3.836662 0.323511
v 0.221379 3.842688 0.323511
v 0.220494 3.848327 0.323511
v 0.219044 3.853552 0.323511
v 0.217051 3.858339 0.323511
v 0.214534 3.862661 0.323511
v 0.211516 3.866491 0.323511
v 0.208015 3.869803 0.323511
v 0.204054 3.872572 0.323511
v 0.199654 3.874771 0.323511
v 0.194834 3.876374 0.323511
v 0.189616 3.877355 0.323511
v 0.184021 3.877688 0.323511
v 0.179916 3.877545 0.323511
v 0.175924 3.877105 0.323511
v 0.172019 3.876353 0.323511
v 0.168172 3.875277 0.323511
v 0.164354 3.873860 0.323511
v 0.160538 3.872089 0.323511
v 0.156696 3.869950 0.323511
v 0.152798 3.867428 0.323511
v 0.148817 3.864509 0.323511
v 0.144725 3.861178 0.323511
v 0.140493 3.857421 0.323511
v 0.136093 3.853223 0.323511
v 0.136093 3.732027 0.323511
v 0.098007 3.732027 0.323511
v 0.098007 3.901024 0.323511
v 0.136093 3.901024 0.323511
v 0.136093 3.878817 0.323511
v 0.034232 3.805229 0.323511
v 0.031678 3.793026 0.323511
v 0.027519 3.781674 0.323511
v 0.021836 3.771240 0.323511
v 0.014708 3.761790 0.323511
v 0.006216 3.753386 0.323511
v -0.003559 3.746097 0.323511
v -0.014538 3.739986 0.323511
v -0.026641 3.735120 0.323511
v -0.039786 3.731563 0.323511
v -0.053894 3.729381 0.323511
v -0.068885 3.728639 0.323511
v -0.083286 3.729410 0.323511
v -0.096903 3.731668 0.323511
v -0.109646 3.735332 0.323511
v -0.121426 3.740321 0.323511
v -0.132154 3.746554 0.323511
v -0.141740 3.753951 0.323511
v -0.150097 3.762430 0.323511
v -0.157134 3.771910 0.323511
v -0.162762 3.782310 0.323511
v -0.166893 3.793548 0.323511
v -0.169437 3.805545 0.323511
v -0.170305 3.818219 0.323511
v -0.169404 3.830115 0.323511
v -0.166774 3.841463 0.323511
v -0.162522 3.852170 0.323511
v -0.156754 3.862145 0.323511
v -0.149577 3.871293 0.323511
v -0.141098 3.879523 0.323511
v -0.131425 3.886741 0.323511
v -0.120665 3.892855 0.323511
v -0.108924 3.897772 0.323511
v -0.096308 3.901399 0.323511
v -0.082927 3.903643 0.323511
v -0.068885 3.904412 0.323511
v -0.054164 3.903672 0.323511
v -0.040232 3.901504 0.323511
v -0.027182 3.897984 0.323511
v -0.015109 3.893190 0.323511
v -0.004105 3.887199 0.323511
v 0.005735 3.880088 0.323511
v 0.014318 3.871934 0.323511
v 0.021551 3.862814 0.323511
v 0.027339 3.852806 0.323511
v 0.031589 3.841985 0.323511
v 0.034208 3.830431 0.323511
v 0.035102 3.818219 0.323511
v -0.130845 3.809538 0.323511
v -0.129323 3.801399 0.323511
v -0.126843 3.793842 0.323511
v -0.123454 3.786909 0.323511
v -0.119204 3.780640 0.323511
v -0.114139 3.775076 0.323511
v -0.108307 3.770256 0.323511
v -0.101757 3.766222 0.323511
v -0.094534 3.763014 0.323511
v -0.086688 3.760672 0.323511
v -0.078265 3.759237 0.323511
v -0.069313 3.758750 0.323511
v -0.059575 3.759216 0.323511
v -0.050496 3.760592 0.323511
v -0.042113 3.762849 0.323511
v -0.034461 3.765957 0.323511
v -0.027575 3.769886 0.323511
v -0.021492 3.774605 0.323511
v -0.016247 3.780085 0.323511
v -0.011876 3.786296 0.323511
v -0.008414 3.793207 0.323511
v -0.005896 3.800789 0.323511
v -0.004360 3.809011 0.323511
v -0.003840 3.817843 0.323511
v -0.004401 3.825833 0.323511
v -0.006045 3.833395 0.323511
v -0.008714 3.840479 0.323511
v -0.012351 3.847034 0.323511
v -0.016897 3.853008 0.323511
v -0.022295 3.858351 0.323511
v -0.028485 3.863013 0.323511
v -0.035412 3.866940 0.323511
v -0.043016 3.870084 0.323511
v -0.051239 3.872393 0.323511
v -0.060024 3.873815 0.323511
v -0.069313 3.874301 0.323511
v -0.078085 3.873816 0.323511
v -0.086391 3.872395 0.323511
v -0.094173 3.870090 0.323511
v -0.101376 3.866954 0.323511
v -0.107943 3.863040 0.323511
v -0.113818 3.858398 0.323511
v -0.118944 3.853083 0.323511
v -0.123264 3.847145 0.323511
v -0.126723 3.840638 0.323511
v -0.129263 3.833613 0.323511
v -0.130829 3.826122 0.323511
v -0.131363 3.818219 0.323511
v -0.382130 3.988722 0.323511
v -0.356420 3.987354 0.323511
v -0.333179 3.983423 0.323511
v -0.312364 3.977190 0.323511
v -0.293929 3.968913 0.323511
v -0.277829 3.958854 0.323511
v -0.264021 3.947273 0.323511
v -0.252460 3.934429 0.323511
v -0.243100 3.920582 0.323511
v -0.235898 3.905994 0.323511
v -0.230809 3.890923 0.323511
v -0.227788 3.875630 0.323511
v -0.226791 3.860374 0.323511
v -0.228001 3.844012 0.323511
v -0.231580 3.827996 0.323511
v -0.237456 3.812532 0.323511
v -0.245557 3.797825 0.323511
v -0.255809 3.784079 0.323511
v -0.268140 3.771500 0.323511
v -0.282477 3.760294 0.323511
v -0.298747 3.750665 0.323511
v -0.316877 3.742818 0.323511
v -0.336795 3.736960 0.323511
v -0.358428 3.733294 0.323511
v -0.381702 3.732027 0.323511
v -0.495531 3.732027 0.323511
v -0.495531 3.988722 0.323511
v -0.386837 3.765149 0.323511
v -0.364582 3.766418 0.323511
v -0.345197 3.770007 0.323511
v -0.328505 3.775582 0.323511
v -0.314327 3.782811 0.323511
v -0.302484 3.791363 0.323511
v -0.292800 3.800905 0.323511
v -0.285094 3.811107 0.323511
v -0.279189 3.821635 0.323511
v -0.274907 3.832157 0.323511
v -0.272069 3.842343 0.323511
v -0.270497 3.851859 0.323511
v -0.270012 3.860374 0.323511
v -0.270792 3.873080 0.323511
v -0.273149 3.885333 0.323511
v -0.277107 3.897007 0.323511
v -0.282692 3.907980 0.323511
v -0.289929 3.918127 0.323511
v -0.298844 3.927324 0.323511
v -0.309462 3.935447 0.323511
v -0.321808 3.942371 0.323511
v -0.335907 3.947973 0.323511
v -0.351784 3.952127 0.323511
v -0.369466 3.954711 0.323511
v -0.388977 3.955600 0.323511
v -0.453594 3.955600 0.323511
v -0.453594 3.765149 0.323511
v -0.631103 3.860001 0.323511
v -0.636143 3.862657 0.323511
v -0.640944 3.864974 0.323511
v -0.645541 3.866968 0.323511
v -0.649966 3.868660 0.323511
v -0.654250 3.870066 0.323511
v -0.658428 3.871207 0.323511
v -0.662532 3.872098 0.323511
v -0.666593 3.872760 0.323511
v -0.670646 3.873210 0.323511
v -0.674723 3.873466 0.323511
v -0.678856 3.873548 0.323511
v -0.687291 3.873076 0.323511
v -0.695235 3.871689 0.323511
v -0.702640 3.869425 0.323511
v -0.709461 3.866327 0.323511
v -0.715653 3.862434 0.323511
v -0.721168 3.857787 0.323511
v -0.725961 3.852426 0.323511
v -0.729986 3.846392 0.323511
v -0.733197 3.839726 0.323511
v -0.735547 3.832468 0.323511
v -0.736991 3.824658 0.323511
v -0.737483 3.816337 0.323511
v -0.736955 3.807880 0.323511
v -0.735399 3.800029 0.323511
v -0.732856 3.792807 0.323511
v -0.729368 3.786240 0.323511
v -0.724977 3.780353 0.323511
v -0.719724 3.775170 0.323511
v -0.713650 3.770716 0.323511
v -0.706799 3.767017 0.323511
v -0.699210 3.764096 0.323511
v -0.690926 3.761979 0.323511
v -0.681988 3.760690 0.323511
v -0.672437 3.760256 0.323511
v -0.668387 3.760334 0.323511
v -0.664356 3.760569 0.323511
v -0.660328 3.760961 0.323511
v -0.656287 3.761510 0.323511
v -0.652216 3.762216 0.323511
v -0.648099 3.763078 0.323511
v -0.643919 3.764098 0.323511
v -0.639661 3.765274 0.323511
v -0.635308 3.766607 0.323511
v -0.630843 3.768097 0.323511
v -0.626250 3.769744 0.323511
v -0.621514 3.771547 0.323511
v -0.621514 3.738425 0.323511
v -0.624955 3.737126 0.323511
v -0.628822 3.735871 0.323511
v -0.633061 3.734673 0.323511
v -0.637617 3.733546 0.323511
v -0.642433 3.732503 0.323511
v -0.647457 3.731556 0.323511
v -0.652632 3.730719 0.323511
v -0.657904 3.730005 0.323511
v -0.663217 3.729427 0.323511
v -0.668517 3.728998 0.323511
v -0.673748 3.728731 0.323511
v -0.678856 3.728639 0.323511
v -0.692822 3.729357 0.323511
v -0.705994 3.731462 0.323511
v -0.718293 3.734885 0.323511
v -0.729637 3.739554 0.323511
v -0.739948 3.745400 0.323511
v -0.749144 3.752352 0.323511
v -0.757145 3.760338 0.323511
v -0.763872 3.769289 0.323511
v -0.769243 3.779134 0.323511
v -0.773179 3.789802 0.323511
v -0.775600 3.801223 0.323511
v -0.776424 3.813326 0.323511
v -0.775667 3.826820 0.323511
v -0.773429 3.839415 0.323511
v -0.769765 3.851059 0.323511
v -0.764728 3.861699 0.323511
v -0.758371 3.871283 0.323511
v -0.750749 3.879758 0.323511
v -0.741914 3.887074 0.323511
v -0.731920 3.893176 0.323511
v -0.720820 3.898013 0.323511
v -0.708669 3.901533 0.323511
v -0.695519 3.903683 0.323511
v -0.681424 3.904412 0.323511
v -0.676006 3.904319 0.323511
v -0.670854 3.904044 0.323511
v -0.665931 3.903594 0.323511
v -0.661200 3.902976 0.323511
v -0.656624 3.902195 0.323511
v -0.652164 3.901259 0.323511
v -0.647785 3.900175 0.323511
v -0.643449 3.898947 0.323511
v -0.639119 3.897584 0.323511
v -0.634758 3.896091 0.323511
v -0.630328 3.894476 0.323511
v -0.625793 3.892744 0.323511
v -0.625793 3.856987 0.323511
v -0.888114 3.732027 0.323511
v -0.888114 3.931888 0.323511
v -0.888970 3.931888 0.323511
v -0.978835 3.832522 0.323511
v -0.985682 3.832522 0.323511
v -1.075547 3.931888 0.323511
v -1.076403 3.931888 0.323511
v -1.076403 3.732027 0.323511
v -1.118340 3.732027 0.323511
v -1.118340 3.988722 0.323511
v -1.078971 3.988722 0.323511
v -0.982258 3.883334 0.323511
v -0.885118 3.988722 0.323511
v -0.846177 3.988722 0.323511
v -0.846177 3.732027 0.323511
v 1.101318 3.860321 0.203067
v 1.096068 3.862987 0.203067
v 1.090904 3.865367 0.203067
v 1.085843 3.867470 0.203067
v 1.080901 3.869301 0.203067
v 1.076094 3.870866 0.203067
v 1.071439 3.872173 0.203067
v 1.066951 3.873227 0.203067
v 1.062648 3.874036 0.203067
v 1.058545 3.874606 0.203067
v 1.054659 3.874943 0.203067
v 1.051007 3.875054 0.203067
v 1.047274 3.874923 0.203067
v 1.043787 3.874538 0.203067
v 1.040562 3.873913 0.203067
v 1.037614 3.873060 0.203067
v 1.034957 3.871993 0.203067
v 1.032606 3.870725 0.203067
v 1.030576 3.869269 0.203067
v 1.028881 3.867637 0.203067
v 1.027538 3.865844 0.203067
v 1.026559 3.863901 0.203067
v 1.025961 3.861823 0.203067
v 1.025759 3.859622 0.203067
v 1.026031 3.857704 0.203067
v 1.026866 3.855701 0.203067
v 1.028293 3.853588 0.203067
v 1.030339 3.851341 0.203067
v 1.033033 3.848938 0.203067
v 1.036403 3.846354 0.203067
v 1.040478 3.843566 0.203067
v 1.045285 3.840551 0.203067
v 1.050853 3.837286 0.203067
v 1.057209 3.833745 0.203067
v 1.064384 3.829907 0.203067
v 1.072403 3.825747 0.203067
v 1.079906 3.821270 0.203067
v 1.086600 3.817033 0.203067
v 1.092516 3.812991 0.203067
v 1.097682 3.809102 0.203067
v 1.102130 3.805323 0.203067
v 1.105889 3.801611 0.203067
v 1.108987 3.797922 0.203067
v 1.111456 3.794214 0.203067
v 1.113324 3.790443 0.203067
v 1.114622 3.786566 0.203067
v 1.115378 3.782540 0.203067
v 1.115624 3.778322 0.203067
v 1.115072 3.771098 0.203067
v 1.113459 3.764318 0.203067
v 1.110843 3.758015 0.203067
v 1.107287 3.752226 0.203067
v 1.102852 3.746986 0.203067
v 1.097597 3.742330 0.203067
v 1.091585 3.738294 0.203067
v 1.084877 3.734912 0.203067
v 1.077532 3.732221 0.203067
v 1.069612 3.730254 0.203067
v 1.061178 3.729049 0.203067
v 1.052290 3.728639 0.203067
v 1.046507 3.728727 0.203067
v 1.040897 3.728998 0.203067
v 1.035421 3.729462 0.203067
v 1.030038 3.730131 0.203067
v 1.024709 3.731013 0.203067
v 1.019393 3.732121 0.203067
v 1.014051 3.733463 0.203067
v 1.008642 3.735052 0.203067
v 1.003125 3.736896 0.203067
v 0.997462 3.739007 0.203067
v 0.991611 3.741395 0.203067
v 0.985533 3.744071 0.203067
v 0.985533 3.780204 0.203067
v 0.991691 3.776604 0.203067
v 0.997741 3.773332 0.203067
v 1.003667 3.770383 0.203067
v 1.009450 3.767756 0.203067
v 1.015072 3.765447 0.203067
v 1.020517 3.763455 0.203067
v 1.025764 3.761776 0.203067
v 1.030799 3.760409 0.203067
v 1.035601 3.759350 0.203067
v 1.040154 3.758597 0.203067
v 1.044439 3.758147 0.203067
v 1.048439 3.757997 0.203067
v 1.052231 3.758303 0.203067
v 1.055881 3.758844 0.203067
v 1.059351 3.759620 0.203067
v 1.062608 3.760632 0.203067
v 1.065616 3.761879 0.203067
v 1.068338 3.763361 0.203067
v 1.070739 3.765078 0.203067
v 1.072784 3.767030 0.203067
v 1.074436 3.769218 0.203067
v 1.075660 3.771641 0.203067
v 1.076421 3.774300 0.203067
v 1.076683 3.777193 0.203067
v 1.074914 3.782825 0.203067
v 1.070025 3.788155 0.203067
v 1.062641 3.793336 0.203067
v 1.053384 3.798522 0.203067
v 1.042879 3.803864 0.203067
v 1.031750 3.809515 0.203067
v 1.020620 3.815629 0.203067
v 1.010115 3.822359 0.203067
v 1.000859 3.829858 0.203067
v 0.993474 3.838277 0.203067
v 0.988585 3.847771 0.203067
v 0.986817 3.858493 0.203067
v 0.987328 3.865405 0.203067
v 0.988834 3.871826 0.203067
v 0.991297 3.877735 0.203067
v 0.994678 3.883111 0.203067
v 0.998939 3.887933 0.203067
v 1.004041 3.892179 0.203067
v 1.009946 3.895830 0.203067
v 1.016613 3.898864 0.203067
v 1.024007 3.901259 0.203067
v 1.032087 3.902997 0.203067
v 1.040814 3.904054 0.203067
v 1.050151 3.904412 0.203067
v 1.054654 3.904317 0.203067
v 1.059179 3.904034 0.203067
v 1.063731 3.903559 0.203067
v 1.068314 3.902892 0.203067
v 1.072933 3.902032 0.203067
v 1.077592 3.900977 0.203067
v 1.082295 3.899726 0.203067
v 1.087048 3.898278 0.203067
v 1.091854 3.896631 0.203067
v 1.096718 3.894784 0.203067
v 1.101644 3.892736 0.203067
v 1.106637 3.890486 0.203067
v 1.106637 3.857363 0.203067
v 0.887537 4.001520 0.203067
v 0.925195 4.001520 0.203067
v 0.925195 3.957482 0.203067
v 0.915353 3.905917 0.203067
v 0.897380 3.905917 0.203067
v 0.887537 3.957482 0.203067
v 0.738618 3.732027 0.203067
v 0.724736 3.732732 0.203067
v 0.711797 3.734815 0.203067
v 0.699850 3.738225 0.203067
v 0.688946 3.742914 0.203067
v 0.679136 3.748831 0.203067
v 0.670470 3.755927 0.203067
v 0.662999 3.764152 0.203067
v 0.656772 3.773457 0.203067
v 0.651842 3.783792 0.203067
v 0.648257 3.795106 0.203067
v 0.646070 3.807351 0.203067
v 0.645329 3.820477 0.203067
v 0.646145 3.832408 0.203067
v 0.648537 3.843684 0.203067
v 0.652424 3.854235 0.203067
v 0.657724 3.863985 0.203067
v 0.664355 3.872862 0.203067
v 0.672235 3.880794 0.203067
v 0.681284 3.887705 0.203067
v 0.691419 3.893524 0.203067
v 0.702558 3.898178 0.203067
v 0.714620 3.901592 0.203067
v 0.727523 3.903695 0.203067
v 0.741186 3.904412 0.203067
v 0.744380 3.904372 0.203067
v 0.747553 3.904250 0.203067
v 0.750720 3.904041 0.203067
v 0.753896 3.903743 0.203067
v 0.757097 3.903350 0.203067
v 0.760335 3.902859 0.203067
v 0.763628 3.902267 0.203067
v 0.766988 3.901568 0.203067
v 0.770432 3.900760 0.203067
v 0.773974 3.899837 0.203067
v 0.777628 3.898798 0.203067
v 0.781411 3.897637 0.203067
v 0.781411 3.988722 0.203067
v 0.819497 3.988722 0.203067
v 0.819497 3.732027 0.203067
v 0.778261 3.868977 0.203067
v 0.775214 3.869945 0.203067
v 0.772251 3.870807 0.203067
v 0.769350 3.871568 0.203067
v 0.766491 3.872230 0.203067
v 0.763652 3.872795 0.203067
v 0.760813 3.873266 0.203067
v 0.757954 3.873646 0.203067
v 0.755053 3.873936 0.203067
v 0.752090 3.874141 0.203067
v 0.749043 3.874261 0.203067
v 0.745893 3.874301 0.203067
v 0.736949 3.873821 0.203067
v 0.728549 3.872408 0.203067
v 0.720738 3.870102 0.203067
v 0.713560 3.866940 0.203067
v 0.707059 3.862963 0.203067
v 0.701281 3.858210 0.203067
v 0.696269 3.852720 0.203067
v 0.692069 3.846532 0.203067
v 0.688724 3.839685 0.203067
v 0.686280 3.832219 0.203067
v 0.684781 3.824172 0.203067
v 0.684271 3.815584 0.203067
v 0.684583 3.807854 0.203067
v 0.685553 3.800508 0.203067
v 0.687233 3.793601 0.203067
v 0.689676 3.787188 0.203067
v 0.692932 3.781324 0.203067
v 0.697055 3.776064 0.203067
v 0.702097 3.771462 0.203067
v 0.708108 3.767574 0.203067
v 0.715142 3.764455 0.203067
v 0.723250 3.762158 0.203067
v 0.732485 3.760741 0.203067
v 0.742897 3.760256 0.203067
v 0.781411 3.760256 0.203067
v 0.781411 3.867902 0.203067
v 0.539203 3.732027 0.203067
v 0.539203 3.988722 0.203067
v 0.577289 3.988722 0.203067
v 0.577289 3.732027 0.203067
v 0.478963 3.739419 0.203067
v 0.475158 3.737308 0.203067
v 0.471677 3.735467 0.203067
v 0.468468 3.733881 0.203067
v 0.465478 3.732535 0.203067
v 0.462657 3.731415 0.203067
v 0.459951 3.730507 0.203067
v 0.457310 3.729796 0.203067
v 0.454680 3.729268 0.203067
v 0.452010 3.728909 0.203067
v 0.449248 3.728704 0.203067
v 0.446342 3.728639 0.203067
v 0.442329 3.728750 0.203067
v 0.438630 3.729085 0.203067
v 0.435236 3.729651 0.203067
v 0.432141 3.730451 0.203067
v 0.429338 3.731493 0.203067
v 0.426818 3.732779 0.203067
v 0.424574 3.734317 0.203067
v 0.422600 3.736111 0.203067
v 0.420887 3.738166 0.203067
v 0.419428 3.740488 0.203067
v 0.418216 3.743082 0.203067
v 0.417243 3.745953 0.203067
v 0.413053 3.743161 0.203067
v 0.408831 3.740619 0.203067
v 0.404579 3.738325 0.203067
v 0.400300 3.736278 0.203067
v 0.395997 3.734477 0.203067
v 0.391674 3.732920 0.203067
v 0.387333 3.731607 0.203067
v 0.382977 3.730535 0.203067
v 0.378609 3.729704 0.203067
v 0.374232 3.729111 0.203067
v 0.369849 3.728757 0.203067
v 0.365463 3.728639 0.203067
v 0.358604 3.729037 0.203067
v 0.352170 3.730190 0.203067
v 0.346193 3.732038 0.203067
v 0.340707 3.734522 0.203067
v 0.335744 3.737581 0.203067
v 0.331336 3.741154 0.203067
v 0.327517 3.745182 0.203067
v 0.324319 3.749605 0.203067
v 0.321774 3.754363 0.203067
v 0.319917 3.759395 0.203067
v 0.318778 3.764641 0.203067
v 0.318391 3.770042 0.203067
v 0.319091 3.777943 0.203067
v 0.321101 3.784952 0.203067
v 0.324288 3.791149 0.203067
v 0.328519 3.796612 0.203067
v 0.333658 3.801421 0.203067
v 0.339574 3.805657 0.203067
v 0.346131 3.809399 0.203067
v 0.353196 3.812727 0.203067
v 0.360636 3.815720 0.203067
v 0.368316 3.818458 0.203067
v 0.376104 3.821021 0.203067
v 0.383864 3.823488 0.203067
v 0.417671 3.834027 0.203067
v 0.417671 3.843061 0.203067
v 0.417430 3.848073 0.203067
v 0.416708 3.852582 0.203067
v 0.415504 3.856599 0.203067
v 0.413819 3.860137 0.203067
v 0.411653 3.863211 0.203067
v 0.409005 3.865832 0.203067
v 0.405876 3.868014 0.203067
v 0.402265 3.869770 0.203067
v 0.398173 3.871113 0.203067
v 0.393600 3.872056 0.203067
v 0.388545 3.872613 0.203067
v 0.383008 3.872795 0.203067
v 0.377759 3.872614 0.203067
v 0.372504 3.872065 0.203067
v 0.367255 3.871143 0.203067
v 0.362024 3.869840 0.203067
v 0.356822 3.868150 0.203067
v 0.351663 3.866067 0.203067
v 0.346556 3.863585 0.203067
v 0.341515 3.860695 0.203067
v 0.336551 3.857393 0.203067
v 0.331677 3.853671 0.203067
v 0.326903 3.849523 0.203067
v 0.322242 3.844943 0.203067
v 0.322242 3.881452 0.203067
v 0.326112 3.885146 0.203067
v 0.330235 3.888511 0.203067
v 0.334612 3.891550 0.203067
v 0.339249 3.894263 0.203067
v 0.344147 3.896652 0.203067
v 0.349309 3.898719 0.203067
v 0.354739 3.900464 0.203067
v 0.360439 3.901889 0.203067
v 0.366413 3.902994 0.203067
v 0.372663 3.903783 0.203067
v 0.379192 3.904255 0.203067
v 0.386004 3.904412 0.203067
v 0.395557 3.904049 0.203067
v 0.404692 3.902951 0.203067
v 0.413331 3.901107 0.203067
v 0.421395 3.898501 0.203067
v 0.428806 3.895122 0.203067
v 0.435483 3.890956 0.203067
v 0.441350 3.885990 0.203067
v 0.446326 3.880211 0.203067
v 0.450334 3.873607 0.203067
v 0.453294 3.866163 0.203067
v 0.455128 3.857867 0.203067
v 0.455757 3.848706 0.203067
v 0.455757 3.761761 0.203067
v 0.455810 3.760247 0.203067
v 0.455969 3.758898 0.203067
v 0.456231 3.757709 0.203067
v 0.456597 3.756673 0.203067
v 0.457063 3.755783 0.203067
v 0.457629 3.755033 0.203067
v 0.458293 3.754416 0.203067
v 0.459053 3.753927 0.203067
v 0.459909 3.753557 0.203067
v 0.460858 3.753301 0.203067
v 0.461899 3.753152 0.203067
v 0.463031 3.753104 0.203067
v 0.464072 3.753174 0.203067
v 0.465264 3.753381 0.203067
v 0.466595 3.753722 0.203067
v 0.468055 3.754192 0.203067
v 0.469635 3.754787 0.203067
v 0.471323 3.755504 0.203067
v 0.473108 3.756338 0.203067
v 0.474982 3.757286 0.203067
v 0.476932 3.758344 0.203067
v 0.478950 3.759508 0.203067
v 0.481024 3.760774 0.203067
v 0.483144 3.762137 0.203067
v 0.483144 3.741813 0.203067
v 0.409643 3.813132 0.203067
v 0.401877 3.810644 0.203067
v 0.394456 3.808086 0.203067
v 0.387462 3.805422 0.203067
v 0.380980 3.802617 0.203067
v 0.375092 3.799635 0.203067
v 0.369881 3.796442 0.203067
v 0.365432 3.793001 0.203067
v 0.361826 3.789279 0.203067
v 0.359147 3.785238 0.203067
v 0.357479 3.780845 0.203067
v 0.356905 3.776064 0.203067
v 0.357141 3.772672 0.203067
v 0.357834 3.769472 0.203067
v 0.358958 3.766484 0.203067
v 0.360487 3.763727 0.203067
v 0.362396 3.761221 0.203067
v 0.364661 3.758985 0.203067
v 0.367256 3.757040 0.203067
v 0.370155 3.755404 0.203067
v 0.373333 3.754098 0.203067
v 0.376766 3.753141 0.203067
v 0.380427 3.752552 0.203067
v 0.384292 3.752352 0.203067
v 0.387270 3.752460 0.203067
v 0.390212 3.752782 0.203067
v 0.393118 3.753310 0.203067
v 0.395989 3.754038 0.203067
v 0.398824 3.754960 0.203067
v 0.401623 3.756068 0.203067
v 0.404387 3.757357 0.203067
v 0.407115 3.758820 0.203067
v 0.409807 3.760450 0.203067
v 0.412464 3.762240 0.203067
v 0.415085 3.764185 0.203067
v 0.417671 3.766278 0.203067
v 0.417671 3.815584 0.203067
v 0.136949 3.878817 0.203067
v 0.140725 3.882721 0.203067
v 0.144762 3.886333 0.203067
v 0.149038 3.889644 0.203067
v 0.153527 3.892646 0.203067
v 0.158207 3.895329 0.203067
v 0.163052 3.897684 0.203067
v 0.168041 3.899701 0.203067
v 0.173149 3.901373 0.203067
v 0.178351 3.902689 0.203067
v 0.183625 3.903640 0.203067
v 0.188946 3.904217 0.203067
v 0.194291 3.904412 0.203067
v 0.203221 3.903955 0.203067
v 0.211771 3.902580 0.203067
v 0.219867 3.900277 0.203067
v 0.227432 3.897037 0.203067
v 0.234391 3.892851 0.203067
v 0.240668 3.887710 0.203067
v 0.246188 3.881603 0.203067
v 0.250873 3.874524 0.203067
v 0.254650 3.866461 0.203067
v 0.257441 3.857407 0.203067
v 0.259171 3.847352 0.203067
v 0.259765 3.836286 0.203067
v 0.259765 3.732027 0.203067
v 0.221679 3.732027 0.203067
v 0.221679 3.836662 0.203067
v 0.221379 3.842688 0.203067
v 0.220494 3.848327 0.203067
v 0.219044 3.853552 0.203067
v 0.217051 3.858339 0.203067
v 0.214534 3.862661 0.203067
v 0.211516 3.866491 0.203067
v 0.208015 3.869803 0.203067
v 0.204054 3.872572 0.203067
v 0.199654 3.874771 0.203067
v 0.194834 3.876374 0.203067
v 0.189616 3.877355 0.203067
v 0.184021 3.877688 0.203067
v 0.179916 3.877545 0.203067
v 0.175924 3.877105 0.203067
v 0.172019 3.876353 0.203067
v 0.168172 3.875277 0.203067
v 0.164354 3.873860 0.203067
v 0.160538 3.872089 0.203067
v 0.156696 3.869950 0.203067
v 0.152798 3.867428 0.203067
v 0.148817 3.864509 0.203067
v 0.144725 3.861178 0.203067
v 0.140493 3.857421 0.203067
v 0.136093 3.853223 0.203067
v 0.136093 3.732027 0.203067
v 0.098007 3.732027 0.203067
v 0.098007 3.901024 0.203067
v 0.136093 3.901024 0.203067
v 0.136093 3.878817 0.203067
v 0.034232 3.805229 0.203067
v 0.031678 3.793026 0.203067
v 0.027519 3.781674 0.203067
v 0.021836 3.771240 0.203067
v 0.014708 3.761790 0.203067
v 0.006216 3.753386 0.203067
v -0.003559 3.746097 0.203067
v -0.014538 3.739986 0.203067
v -0.026641 3.735120 0.203067
v -0.039786 3.731563 0.203067
v -0.053894 3.729381 0.203067
v -0.068885 3.728639 0.203067
v -0.083286 3.729410 0.203067
v -0.096903 3.731668 0.203067
v -0.109646 3.735332 0.203067
v -0.121426 3.740321 0.203067
v -0.132154 3.746554 0.203067
v -0.141740 3.753951 0.203067
v -0.150097 3.762430 0.203067
v -0.157134 3.771910 0.203067
v -0.162762 3.782310 0.203067
v -0.166893 3.793548 0.203067
v -0.169437 3.805545 0.203067
v -0.170305 3.818219 0.203067
v -0.169404 3.830115 0.203067
v -0.166774 3.841463 0.203067
v -0.162522 3.852170 0.203067
v -0.156754 3.862145 0.203067
v -0.149577 3.871293 0.203067
v -0.141098 3.879523 0.203067
v -0.131425 3.886741 0.203067
v -0.120665 3.892855 0.203067
v -0.108924 3.897772 0.203067
v -0.096308 3.901399 0.203067
v -0.082927 3.903643 0.203067
v -0.068885 3.904412 0.203067
v -0.054164 3.903672 0.203067
v -0.040232 3.901504 0.203067
v -0.027182 3.897984 0.203067
v -0.015109 3.893190 0.203067
v -0.004105 3.887199 0.203067
v 0.005735 3.880088 0.203067
v 0.014318 3.871934 0.203067
v 0.021551 3.862814 0.203067
v 0.027339 3.852806 0.203067
v 0.031589 3.841985 0.203067
v 0.034208 3.830431 0.203067
v 0.035102 3.818219 0.203067
v -0.130845 3.809538 0.203067
v -0.129323 3.801399 0.203067
v -0.126843 3.793842 0.203067
v -0.123454 3.786909 0.203067
v -0.119204 3.780640 0.203067
v -0.114139 3.775076 0.203067
v -0.108307 3.770256 0.203067
v -0.101757 3.766222 0.203067
v -0.094534 3.763014 0.203067
v -0.086688 3.760672 0.203067
v -0.078265 3.759237 0.203067
v -0.069313 3.758750 0.203067
v -0.059575 3.759216 0.203067
v -0.050496 3.760592 0.203067
v -0.042113 3.762849 0.203067
v -0.034461 3.765957 0.203067
v -0.027575 3.769886 0.203067
v -0.021492 3.774605 0.203067
v -0.016247 3.780085 0.203067
v -0.011876 3.786296 0.203067
v -0.008414 3.793207 0.203067
v -0.005896 3.800789 0.203067
v -0.004360 3.809011 0.203067
v -0.003840 3.817843 0.203067
v -0.004401 3.825833 0.203067
v -0.006045 3.833395 0.203067
v -0.008714 3.840479 0.203067
v -0.012351 3.847034 0.203067
v -0.016897 3.853008 0.203067
v -0.022295 3.858351 0.203067
v -0.028485 3.863013 0.203067
v -0.035412 3.866940 0.203067
v -0.043016 3.870084 0.203067
v -0.051239 3.872393 0.203067
v -0.060024 3.873815 0.203067
v -0.069313 3.874301 0.203067
v -0.078085 3.873816 0.203067
v -0.086391 3.872395 0.203067
v -0.094173 3.870090 0.203067
v -0.101376 3.866954 0.203067
v -0.107943 3.863040 0.203067
v -0.113818 3.858398 0.203067
v -0.118944 3.853083 0.203067
v -0.123264 3.847145 0.203067
v -0.126723 3.840638 0.203067
v -0.129263 3.833613 0.203067
v -0.130829 3.826122 0.203067
v -0.131363 3.818219 0.203067
v -0.382130 3.988722 0.203067
v -0.356420 3.987354 0.203067
v -0.333179 3.983423 0.203067
v -0.312364 3.977190 0.203067
v -0.293929 3.968913 0.203067
v -0.277829 3.958854 0.203067
v -0.264021 3.947273 0.203067
v -0.252460 3.934429 0.203067
v -0.243100 3.920582 0.203067
v -0.235898 3.905994 0.203067
v -0.230809 3.890923 0.203067
v -0.227788 3.875630 0.203067
v -0.226791 3.860374 0.203067
v -0.228001 3.844012 0.203067
v -0.231580 3.827996 0.203067
v -0.237456 3.812532 0.203067
v -0.245557 3.797825 0.203067
v -0.255809 3.784079 0.203067
v -0.268140 3.771500 0.203067
v -0.282477 3.760294 0.203067
v -0.298747 3.750665 0.203067
v -0.316877 3.742818 0.203067
v -0.336795 3.736960 0.203067
v -0.358428 3.733294 0.203067
v -0.381702 3.732027 0.203067
v -0.495531 3.732027 0.203067
v -0.495531 3.988722 0.203067
v -0.386837 3.765149 0.203067
v -0.364582 3.766418 0.203067
v -0.345197 3.770007 0.203067
v -0.328505 3.775582 0.203067
v -0.314327 3.782811 0.203067
v -0.302484 3.791363 0.203067
v -0.292800 3.800905 0.203067
v -0.285094 3.811107 0.203067
v -0.279189 3.821635 0.203067
v -0.274907 3.832157 0.203067
v -0.272069 3.842343 0.203067
v -0.270497 3.851859 0.203067
v -0.270012 3.860374 0.203067
v -0.270792 3.873080 0.203067
v -0.273149 3.885333 0.203067
v -0.277107 3.897007 0.203067
v -0.282692 3.907980 0.203067
v -0.289929 3.918127 0.203067
v -0.298844 3.927324 0.203067
v -0.309462 3.935447 0.203067
v -0.321808 3.942371 0.203067
v -0.335907 3.947973 0.203067
v -0.351784 3.952127 0.203067
v -0.369466 3.954711 0.203067
v -0.388977 3.955600 0.203067
v -0.453594 3.955600 0.203067
v -0.453594 3.765149 0.203067
v -0.631103 3.860001 0.203067
v -0.636143 3.862657 0.203067
v -0.640944 3.864974 0.203067
v -0.645541 3.866968 0.203067
v -0.649966 3.868660 0.203067
v -0.654250 3.870066 0.203067
v -0.658428 3.871207 0.203067
v -0.662532 3.872098 0.203067
v -0.666593 3.872760 0.203067
v -0.670646 3.873210 0.203067
v -0.674723 3.873466 0.203067
v -0.678856 3.873548 0.203067
v -0.687291 3.873076 0.203067
v -0.695235 3.871689 0.203067
v -0.702640 3.869425 0.203067
v -0.709461 3.866327 0.203067
v -0.715653 3.862434 0.203067
v -0.721168 3.857787 0.203067
v -0.725961 3.852426 0.203067
v -0.729986 3.846392 0.203067
v -0.733197 3.839726 0.203067
v -0.735547 3.832468 0.203067
v -0.736991 3.824658 0.203067
v -0.737483 3.816337 0.203067
v -0.736955 3.807880 0.203067
v -0.735399 3.800029 0.203067
v -0.732856 3.792807 0.203067
v -0.729368 3.786240 0.203067
v -0.724977 3.780353 0.203067
v -0.719724 3.775170 0.203067
v -0.713650 3.770716 0.203067
v -0.706799 3.767017 0.203067
v -0.699210 3.764096 0.203067
v -0.690926 3.761979 0.203067
v -0.681988 3.760690 0.203067
v -0.672437 3.760256 0.203067
v -0.668387 3.760334 0.203067
v -0.664356 3.760569 0.203067
v -0.660328 3.760961 0.203067
v -0.656287 3.761510 0.203067
v -0.652216 3.762216 0.203067
v -0.648099 3.763078 0.203067
v -0.643919 3.764098 0.203067
v -0.639661 3.765274 0.203067
v -0.635308 3.766607 0.203067
v -0.630843 3.768097 0.203067
v -0.626250 3.769744 0.203067
v -0.621514 3.771547 0.203067
v -0.621514 3.738425 0.203067
v -0.624955 3.737126 0.203067
v -0.628822 3.735871 0.203067
v -0.633061 3.734673 0.203067
v -0.637617 3.733546 0.203067
v -0.642433 3.732503 0.203067
v -0.647457 3.731556 0.203067
v -0.652632 3.730719 0.203067
v -0.657904 3.730005 0.203067
v -0.663217 3.729427 0.203067
v -0.668517 3.728998 0.203067
v -0.673748 3.728731 0.203067
v -0.678856 3.728639 0.203067
v -0.692822 3.729357 0.203067
v -0.705994 3.731462 0.203067
v -0.718293 3.734885 0.203067
v -0.729637 3.739554 0.203067
v -0.739948 3.745400 0.203067
v -0.749144 3.752352 0.203067
v -0.757145 3.760338 0.203067
v -0.763872 3.769289 0.203067
v -0.769243 3.779134 0.203067
v -0.773179 3.789802 0.203067
v -0.775600 3.801223 0.203067
v -0.776424 3.813326 0.203067
v -0.775667 3.826820 0.203067
v -0.773429 3.839415 0.203067
v -0.769765 3.851059 0.203067
v -0.764728 3.861699 0.203067
v -0.758371 3.871283 0.203067
v -0.750749 3.879758 0.203067
v -0.741914 3.887074 0.203067
v -0.731920 3.893176 0.203067
v -0.720820 3.898013 0.203067
v -0.708669 3.901533 0.203067
v -0.695519 3.903683 0.203067
v -0.681424 3.904412 0.203067
v -0.676006 3.904319 0.203067
v -0.670854 3.904044 0.203067
v -0.665931 3.903594 0.203067
v -0.661200 3.902976 0.203067
v -0.656624 3.902195 0.203067
v -0.652164 3.901259 0.203067
v -0.647785 3.900175 0.203067
v -0.643449 3.898947 0.203067
v -0.639119 3.897584 0.203067
v -0.634758 3.896091 0.203067
v -0.630328 3.894476 0.203067
v -0.625793 3.892744 0.203067
v -0.625793 3.856987 0.203067
v -0.888114 3.732027 0.203067
v -0.888114 3.931888 0.203067
v -0.888970 3.931888 0.203067
v -0.978835 3.832522 0.203067
v -0.985682 3.832522 0.203067
v -1.075547 3.931888 0.203067
v -1.076403 3.931888 0.203067
v -1.076403 3.732027 0.203067
v -1.118340 3.732027 0.203067
v -1.118340 3.988722 0.203067
v -1.078971 3.988722 0.203067
v -0.982258 3.883334 0.203067
v -0.885118 3.988722 0.203067
v -0.846177 3.988722 0.203067
v -0.846177 3.732027 0.203067
v -0.888114 3.732027 0.203067
v -0.888114 3.732027 0.323511
v -0.888114 3.931888 0.203067
v -0.888114 3.931888 0.323511
v -0.888970 3.931888 0.203067
v -0.888970 3.931888 0.323511
v -0.978835 3.832522 0.203067
v -0.978835 3.832522 0.323511
v -0.985682 3.832522 0.203067
v -0.985682 3.832522 0.323511
v -1.075547 3.931888 0.203067
v -1.075547 3.931888 0.323511
v -1.076403 3.931888 0.203067
v -1.076403 3.931888 0.323511
v -1.076403 3.732027 0.203067
v -1.076403 3.732027 0.323511
v -1.118340 3.732027 0.203067
v -1.118340 3.732027 0.323511
v -1.118340 3.988722 0.203067
v -1.118340 3.988722 0.323511
v -1.078971 3.988722 0.203067
v -1.078971 3.988722 0.323511
v -0.982258 3.883334 0.203067
v -0.982258 3.883334 0.323511
v -0.885118 3.988722 0.203067
v -0.885118 3.988722 0.323511
v -0.846177 3.988722 0.203067
v -0.846177 3.988722 0.323511
v -0.846177 3.732027 0.203067
v -0.846177 3.732027 0.323511
v -0.631103 3.860001 0.203067
v -0.631103 3.860001 0.323511
v -0.636143 3.862657 0.203067
v -0.636143 3.862657 0.323511
v -0.640944 3.864974 0.203067
v -0.640944 3.864974 0.323511
v -0.645541 3.866968 0.203067
v -0.645541 3.866968 0.323511
v -0.649966 3.868660 0.203067
v -0.649966 3.868660 0.323511
v -0.654250 3.870066 0.203067
v -0.654250 3.870066 0.323511
v -0.658428 3.871207 0.203067
v -0.658428 3.871207 0.323511
v -0.662532 3.872098 0.203067
v -0.662532 3.872098 0.323511
v -0.666593 3.872760 0.203067
v -0.666593 3.872760 0.323511
v -0.670646 3.873210 0.203067
v -0.670646 3.873210 0.323511
v -0.674723 3.873466 0.203067
v -0.674723 3.873466 0.323511
v -0.678856 3.873548 0.203067
v -0.678856 3.873548 0.323511
v -0.687291 3.873076 0.203067
v -0.687291 3.873076 0.323511
v -0.695235 3.871689 0.203067
v -0.695235 3.871689 0.323511
v -0.702640 3.869425 0.203067
v -0.702640 3.869425 0.323511
v -0.709461 3.866327 0.203067
v -0.709461 3.866327 0.323511
v -0.715653 3.862434 0.203067
v -0.715653 3.862434 0.323511
v -0.721168 3.857787 0.203067
v -0.721168 3.857787 0.323511
v -0.725961 3.852426 0.203067
v -0.725961 3.852426 0.323511
v -0.729986 3.846392 0.203067
v -0.729986 3.846392 0.323511
v -0.733197 3.839726 0.203067
v -0.733197 3.839726 0.323511
v -0.735547 3.832468 0.203067
v -0.735547 3.832468 0.323511
v -0.736991 3.824658 0.203067
v -0.736991 3.824658 0.323511
v -0.737483 3.816337 0.203067
v -0.737483 3.816337 0.323511
v -0.736955 3.807880 0.203067
v -0.736955 3.807880 0.323511
v -0.735399 3.800029 0.203067
v -0.735399 3.800029 0.323511
v -0.732856 3.792807 0.203067
v -0.732856 3.792807 0.323511
v -0.729368 3.786240 0.203067
v -0.729368 3.786240 0.323511
v -0.724977 3.780353 0.203067
v -0.724977 3.780353 0.323511
v -0.719724 3.775170 0.203067
v -0.719724 3.775170 0.323511
v -0.713650 3.770716 0.203067
v -0.713650 3.770716 0.323511
v -0.706799 3.767017 0.203067
v -0.706799 3.767017 0.323511
v -0.699210 3.764096 0.203067
v -0.699210 3.764096 0.323511
v -0.690926 3.761979 0.203067
v -0.690926 3.761979 0.323511
v -0.681988 3.760690 0.203067
v -0.681988 3.760690 0.323511
v -0.672437 3.760256 0.203067
v -0.672437 3.760256 0.323511
v -0.668387 3.760334 0.203067
v -0.668387 3.760334 0.323511
v -0.664356 3.760569 0.203067
v -0.664356 3.760569 0.323511
v -0.660328 3.760961 0.203067
v -0.660328 3.760961 0.323511
v -0.656287 3.761510 0.203067
v -0.656287 3.761510 0.323511
v -0.652216 3.762216 0.203067
v -0.652216 3.762216 0.323511
v -0.648099 3.763078 0.203067
v -0.648099 3.763078 0.323511
v -0.643919 3.764098 0.203067
v -0.643919 3.764098 0.323511
v -0.639661 3.765274 0.203067
v -0.639661 3.765274 0.323511
v -0.635308 3.766607 0.203067
v -0.635308 3.766607 0.323511
v -0.630843 3.768097 0.203067
v -0.630843 3.768097 0.323511
v -0.626250 3.769744 0.203067
v -0.626250 3.769744 0.323511
v -0.621514 3.771547 0.203067
v -0.621514 3.771547 0.323511
v -0.621514 3.738425 0.203067
v -0.621514 3.738425 0.323511
v -0.624955 3.737126 0.203067
v -0.624955 3.737126 0.323511
v -0.628822 3.735871 0.203067
v -0.628822 3.735871 0.323511
v -0.633061 3.734673 0.203067
v -0.633061 3.734673 0.323511
v -0.637617 3.733546 0.203067
v -0.637617 3.733546 0.323511
v -0.642433 3.732503 0.203067
v -0.642433 3.732503 0.323511
v -0.647457 3.731556 0.203067
v -0.647457 3.731556 0.323511
v -0.652632 3.730719 0.203067
v -0.652632 3.730719 0.323511
v -0.657904 3.730005 0.203067
v -0.657904 3.730005 0.323511
v -0.663217 3.729427 0.203067
v -0.663217 3.729427 0.323511
v -0.668517 3.728998 0.203067
v -0.668517 3.728998 0.323511
v -0.673748 3.728731 0.203067
v -0.673748 3.728731 0.323511
v -0.678856 3.728639 0.203067
v -0.678856 3.728639 0.323511
v -0.692822 3.729357 0.203067
v -0.692822 3.729357 0.323511
v -0.705994 3.731462 0.203067
v -0.705994 3.731462 0.323511
v -0.718293 3.734885 0.203067
v -0.718293 3.734885 0.323511
v -0.729637 3.739554 0.203067
v -0.729637 3.739554 0.323511
v -0.739948 3.745400 0.203067
v -0.739948 3.745400 0.323511
v -0.749144 3.752352 0.203067
v -0.749144 3.752352 0.323511
v -0.757145 3.760338 0.203067
v -0.757145 3.760338 0.323511
v -0.763872 3.769289 0.203067
v -0.763872 3.769289 0.323511
v -0.769243 3.779134 0.203067
v -0.769243 3.779134 0.323511
v -0.773179 3.789802 0.203067
v -0.773179 3.789802 0.323511
v -0.775600 3.801223 0.203067
v -0.775600 3.801223 0.323511
v -0.776424 3.813326 0.203067
v -0.776424 3.813326 0.323511
v -0.775667 3.826820 0.203067
v -0.775667 3.826820 0.323511
v -0.773429 3.839415 0.203067
v -0.773429 3.839415 0.323511
v -0.769765 3.851059 0.203067
v -0.769765 3.851059 0.323511
v -0.764728 3.861699 0.203067
v -0.764728 3.861699 0.323511
v -0.758371 3.871283 0.203067
v -0.758371 3.871283 0.323511
v -0.750749 3.879758 0.203067
v -0.750749 3.879758 0.323511
v -0.741914 3.887074 0.203067
v -0.741914 3.887074 0.323511
v -0.731920 3.893176 0.203067
v -0.731920 3.893176 0.323511
v -0.720820 3.898013 0.203067
v -0.720820 3.898013 0.323511
v -0.708669 3.901533 0.203067
v -0.708669 3.901533 0.323511
v -0.695519 3.903683 0.203067
v -0.695519 3.903683 0.323511
v -0.681424 3.904412 0.203067
v -0.681424 3.904412 0.323511
v -0.676006 3.904319 0.203067
v -0.676006 3.904319 0.323511
v -0.670854 3.904044 0.203067
v -0.670854 3.904044 0.323511
v -0.665931 3.903594 0.203067
v -0.665931 3.903594 0.323511
v -0.661200 3.902976 0.203067
v -0.661200 3.902976 0.323511
v -0.656624 3.902195 0.203067
v -0.656624 3.902195 0.323511
v -0.652164 3.901259 0.203067
v -0.652164 3.901259 0.323511
v -0.647785 3.900175 0.203067
v -0.647785 3.900175 0.323511
v -0.643449 3.898947 0.203067
v -0.643449 3.898947 0.323511
v -0.639119 3.897584 0.203067
v -0.639119 3.897584 0.323511
v -0.634758 3.896091 0.203067
v -0.634758 3.896091 0.323511
v -0.630328 3.894476 0.203067
v -0.630328 3.894476 0.323511
v -0.625793 3.892744 0.203067
v -0.625793 3.892744 0.323511
v -0.625793 3.856987 0.203067
v -0.625793 3.856987 0.323511
v -0.382130 3.988722 0.203067
v -0.382130 3.988722 0.323511
v -0.356420 3.987354 0.203067
v -0.356420 3.987354 0.323511
v -0.333179 3.983423 0.203067
v -0.333179 3.983423 0.323511
v -0.312364 3.977190 0.203067
v -0.312364 3.977190 0.323511
v -0.293929 3.968913 0.203067
v -0.293929 3.968913 0.323511
v -0.277829 3.958854 0.203067
v -0.277829 3.958854 0.323511
v -0.264021 3.947273 0.203067
v -0.264021 3.947273 0.323511
v -0.252460 3.934429 0.203067
v -0.252460 3.934429 0.323511
v -0.243100 3.920582 0.203067
v -0.243100 3.920582 0.323511
v -0.235898 3.905994 0.203067
v -0.235898 3.905994 0.323511
v -0.230809 3.890923 0.203067
v -0.230809 3.890923 0.323511
v -0.227788 3.875630 0.203067
v -0.227788 3.875630 0.323511
v -0.226791 3.860374 0.203067
v -0.226791 3.860374 0.323511
v -0.228001 3.844012 0.203067
v -0.228001 3.844012 0.323511
v -0.231580 3.827996 0.203067
v -0.231580 3.827996 0.323511
v -0.237456 3.812532 0.203067
v -0.237456 3.812532 0.323511
v -0.245557 3.797825 0.203067
v -0.245557 3.797825 0.323511
v -0.255809 3.784079 0.203067
v -0.255809 3.784079 0.323511
v -0.268140 3.771500 0.203067
v -0.268140 3.771500 0.323511
v -0.282477 3.760294 0.203067
v -0.282477 3.760294 0.323511
v -0.298747 3.750665 0.203067
v -0.298747 3.750665 0.323511
v -0.316877 3.742818 0.203067
v -0.316877 3.742818 0.323511
v -0.336795 3.736960 0.203067
v -0.336795 3.736960 0.323511
v -0.358428 3.733294 0.203067
v -0.358428 3.733294 0.323511
v -0.381702 3.732027 0.203067
v -0.381702 3.732027 0.323511
v -0.495531 3.732027 0.203067
v -0.495531 3.732027 0.323511
v -0.495531 3.988722 0.203067
v -0.495531 3.988722 0.323511
v -0.386837 3.765149 0.203067
v -0.386837 3.765149 0.323511
v -0.364582 3.766418 0.203067
v -0.364582 3.766418 0.323511
v -0.345197 3.770007 0.203067
v -0.345197 3.770007 0.323511
v -0.328505 3.775582 0.203067
v -0.328505 3.775582 0.323511
v -0.314327 3.782811 0.203067
v -0.314327 3.782811 0.323511
v -0.302484 3.791363 0.203067
v -0.302484 3.791363 0.323511
v -0.292800 3.800905 0.203067
v -0.292800 3.800905 0.323511
v -0.285094 3.811107 0.203067
v -0.285094 3.811107 0.323511
v -0.279189 3.821635 0.203067
v -0.279189 3.821635 0.323511
v -0.274907 3.832157 0.203067
v -0.274907 3.832157 0.323511
v -0.272069 3.842343 0.203067
v -0.272069 3.842343 0.323511
v -0.270497 3.851859 0.203067
v -0.270497 3.851859 0.323511
v -0.270012 3.860374 0.203067
v -0.270012 3.860374 0.323511
v -0.270792 3.873080 0.203067
v -0.270792 3.873080 0.323511
v -0.273149 3.885333 0.203067
v -0.273149 3.885333 0.323511
v -0.277107 3.897007 0.203067
v -0.277107 3.897007 0.323511
v -0.282692 3.907980 0.203067
v -0.282692 3.907980 0.323511
v -0.289929 3.918127 0.203067
v -0.289929 3.918127 0.323511
v -0.298844 3.927324 0.203067
v -0.298844 3.927324 0.323511
v -0.309462 3.935447 0.203067
v -0.309462 3.935447 0.323511
v -0.321808 3.942371 0.203067
v -0.321808 3.942371 0.323511
v -0.335907 3.947973 0.203067
v -0.335907 3.947973 0.323511
v -0.351784 3.952127 0.203067
v -0.351784 3.952127 0.323511
v -0.369466 3.954711 0.203067
v -0.369466 3.954711 0.323511
v -0.388977 3.955600 0.203067
v -0.388977 3.955600 0.323511
v -0.453594 3.955600 0.203067
v -0.453594 3.955600 0.323511
v -0.453594 3.765149 0.203067
v -0.453594 3.765149 0.323511
v 0.034232 3.805229 0.203067
v 0.034232 3.805229 0.323511
v 0.031678 3.793026 0.203067
v 0.031678 3.793026 0.323511
v 0.027519 3.781674 0.203067
v 0.027519 3.781674 0.323511
v 0.021836 3.771240 0.203067
v 0.021836 3.771240 0.323511
v 0.014708 3.761790 0.203067
v 0.014708 3.761790 0.323511
v 0.006216 3.753386 0.203067
v 0.006216 3.753386 0.323511
v -0.003559 3.746097 0.203067
v -0.003559 3.746097 0.323511
v -0.014538 3.739986 0.203067
v -0.014538 3.739986 0.323511
v -0.026641 3.735120 0.203067
v -0.026641 3.735120 0.323511
v -0.039786 3.731563 0.203067
v -0.039786 3.731563 0.323511
v -0.053894 3.729381 0.203067
v -0.053894 3.729381 0.323511
v -0.068885 3.728639 0.203067
v -0.068885 3.728639 0.323511
v -0.083286 3.729410 0.203067
v -0.083286 3.729410 0.323511
v -0.096903 3.731668 0.203067
v -0.096903 3.731668 0.323511
v -0.109646 3.735332 0.203067
v -0.109646 3.735332 0.323511
v -0.121426 3.740321 0.203067
v -0.121426 3.740321 0.323511
v -0.132154 3.746554 0.203067
v -0.132154 3.746554 0.323511
v -0.141740 3.753951 0.203067
v -0.141740 3.753951 0.323511
v -0.150097 3.762430 0.203067
v -0.150097 3.762430 0.323511
v -0.157134 3.771910 0.203067
v -0.157134 3.771910 0.323511
v -0.162762 3.782310 0.203067
v -0.162762 3.782310 0.323511
v -0.166893 3.793548 0.203067
v -0.166893 3.793548 0.323511
v -0.169437 3.805545 0.203067
v -0.169437 3.805545 0.323511
v -0.170305 3.818219 0.203067
v -0.170305 3.818219 0.323511
v -0.169404 3.830115 0.203067
v -0.169404 3.830115 0.323511
v -0.166774 3.841463 0.203067
v -0.166774 3.841463 0.323511
v -0.162522 3.852170 0.203067
v -0.162522 3.852170 0.323511
v -0.156754 3.862145 0.203067
v -0.156754 3.862145 0.323511
v -0.149577 3.871293 0.203067
v -0.149577 3.871293 0.323511
v -0.141098 3.879523 0.203067
v -0.141098 3.879523 0.323511
v -0.131425 3.886741 0.203067
v -0.131425 3.886741 0.323511
v -0.120665 3.892855 0.203067
v -0.120665 3.892855 0.323511
v -0.108924 3.897772 0.203067
v -0.108924 3.897772 0.323511
v -0.096308 3.901399 0.203067
v -0.096308 3.901399 0.323511
v -0.082927 3.903643 0.203067
v -0.082927 3.903643 0.323511
v -0.068885 3.904412 0.203067
v -0.068885 3.904412 0.323511
v -0.054164 3.903672 0.203067
v -0.054164 3.903672 0.323511
v -0.040232 3.901504 0.203067
v -0.040232 3.901504 0.323511
v -0.027182 3.897984 0.203067
v -0.027182 3.897984 0.323511
v -0.015109 3.893190 0.203067
v -0.015109 3.893190 0.323511
v -0.004105 3.887199 0.203067
v -0.004105 3.887199 0.323511
v 0.005735 3.880088 0.203067
v 0.005735 3.880088 0.323511
v 0.014318 3.871934 0.203067
v 0.014318 3.871934 0.323511
v 0.021551 3.862814 0.203067
v 0.021551 3.862814 0.323511
v 0.027339 3.852806 0.203067
v 0.027339 3.852806 0.323511
v 0.031589 3.841985 0.203067
v 0.031589 3.841985 0.323511
v 0.034208 3.830431 0.203067
v 0.034208 3.830431 0.323511
v 0.035102 3.818219 0.203067
v 0.035102 3.818219 0.323511
v -0.130845 3.809538 0.203067
v -0.130845 3.809538 0.323511
v -0.129323 3.801399 0.203067
v -0.129323 3.801399 0.323511
v -0.126843 3.793842 0.203067
v -0.126843 3.793842 0.323511
v -0.123454 3.786909 0.203067
v -0.123454 3.786909 0.323511
v -0.119204 3.780640 0.203067
v -0.119204 3.780640 0.323511
v -0.114139 3.775076 0.203067
v -0.114139 3.775076 0.323511
v -0.108307 3.770256 0.203067
v -0.108307 3.770256 0.323511
v -0.101757 3.766222 0.203067
v -0.101757 3.766222 0.323511
v -0.094534 3.763014 0.203067
v -0.094534 3.763014 0.323511
v -0.086688 3.760672 0.203067
v -0.086688 3.760672 0.323511
v -0.078265 3.759237 0.203067
v -0.078265 3.759237 0.323511
v -0.069313 3.758750 0.203067
v -0.069313 3.758750 0.323511
v -0.059575 3.759216 0.203067
v -0.059575 3.759216 0.323511
v -0.050496 3.760592 0.203067
v -0.050496 3.760592 0.323511
v -0.042113 3.762849 0.203067
v -0.042113 3.762849 0.323511
v -0.034461 3.765957 0.203067
v -0.034461 3.765957 0.323511
v -0.027575 3.769886 0.203067
v -0.027575 3.769886 0.323511
v -0.021492 3.774605 0.203067
v -0.021492 3.774605 0.323511
v -0.016247 3.780085 0.203067
v -0.016247 3.780085 0.323511
v -0.011876 3.786296 0.203067
v -0.011876 3.786296 0.323511
v -0.008414 3.793207 0.203067
v -0.008414 3.793207 0.323511
v -0.005896 3.800789 0.203067
v -0.005896 3.800789 0.323511
v -0.004360 3.809011 0.203067
v -0.004360 3.809011 0.323511
v -0.003840 3.817843 0.203067
v -0.003840 3.817843 0.323511
v -0.004401 3.825833 0.203067
v -0.004401 3.825833 0.323511
v -0.006045 3.833395 0.203067
v -0.006045 3.833395 0.323511
v -0.008714 3.840479 0.203067
v -0.008714 3.840479 0.323511
v -0.012351 3.847034 0.203067
v -0.012351 3.847034 0.323511
v -0.016897 3.853008 0.203067
v -0.016897 3.853008 0.323511
v -0.022295 3.858351 0.203067
v -0.022295 3.858351 0.323511
v -0.028485 3.863013 0.203067
v -0.028485 3.863013 0.323511
v -0.035412 3.866940 0.203067
v -0.035412 3.866940 0.323511
v -0.043016 3.870084 0.203067
v -0.043016 3.870084 0.323511
v -0.051239 3.872393 0.203067
v -0.051239 3.872393 0.323511
v -0.060024 3.873815 0.203067
v -0.060024 3.873815 0.323511
v -0.069313 3.874301 0.203067
v -0.069313 3.874301 0.323511
v -0.078085 3.873816 0.203067
v -0.078085 3.873816 0.323511
v -0.086391 3.872395 0.203067
v -0.086391 3.872395 0.323511
v -0.094173 3.870090 0.203067
v -0.094173 3.870090 0.323511
v -0.101376 3.866954 0.203067
v -0.101376 3.866954 0.323511
v -0.107943 3.863040 0.203067
v -0.107943 3.863040 0.323511
v -0.113818 3.858398 0.203067
v -0.113818 3.858398 0.323511
v -0.118944 3.853083 0.203067
v -0.118944 3.853083 0.323511
v -0.123264 3.847145 0.203067
v -0.123264 3.847145 0.323511
v -0.126723 3.840638 0.203067
v -0.126723 3.840638 0.323511
v -0.129263 3.833613 0.203067
v -0.129263 3.833613 0.323511
v -0.130829 3.826122 0.203067
v -0.130829 3.826122 0.323511
v -0.131363 3.818219 0.203067
v -0.131363 3.818219 0.323511
v 0.136949 3.878817 0.203067
v 0.136949 3.878817 0.323511
v 0.140725 3.882721 0.203067
v 0.140725 3.882721 0.323511
v 0.144762 3.886333 0.203067
v 0.144762 3.886333 0.323511
v 0.149038 3.889644 0.203067
v 0.149038 3.889644 0.323511
v 0.153527 3.892646 0.203067
v 0.153527 3.892646 0.323511
v 0.158207 3.895329 0.203067
v 0.158207 3.895329 0.323511
v 0.163052 3.897684 0.203067
v 0.163052 3.897684 0.323511
v 0.168041 3.899701 0.203067
v 0.168041 3.899701 0.323511
v 0.173149 3.901373 0.203067
v 0.173149 3.901373 0.323511
v 0.178351 3.902689 0.203067
v 0.178351 3.902689 0.323511
v 0.183625 3.903640 0.203067
v 0.183625 3.903640 0.323511
v 0.188946 3.904217 0.203067
v 0.188946 3.904217 0.323511
v 0.194291 3.904412 0.203067
v 0.194291 3.904412 0.323511
v 0.203221 3.903955 0.203067
v 0.203221 3.903955 0.323511
v 0.211771 3.902580 0.203067
v 0.211771 3.902580 0.323511
v 0.219867 3.900277 0.203067
v 0.219867 3.900277 0.323511
v 0.227432 3.897037 0.203067
v 0.227432 3.897037 0.323511
v 0.234391 3.892851 0.203067
v 0.234391 3.892851 0.323511
v 0.240668 3.887710 0.203067
v 0.240668 3.887710 0.323511
v 0.246188 3.881603 0.203067
v 0.246188 3.881603 0.323511
v 0.250873 3.874524 0.203067
v 0.250873 3.874524 0.323511
v 0.254650 3.866461 0.203067
v 0.254650 3.866461 0.323511
v 0.257441 3.857407 0.203067
v 0.257441 3.857407 0.323511
v 0.259171 3.847352 0.203067
v 0.259171 3.847352 0.323511
v 0.259765 3.836286 0.203067
v 0.259765 3.836286 0.323511
v 0.259765 3.732027 0.203067
v 0.259765 3.732027 0.323511
v 0.221679 3.732027 0.203067
v 0.221679 3.732027 0.323511
v 0.221679 3.836662 0.203067
v 0.221679 3.836662 0.323511
v 0.221379 3.842688 0.203067
v 0.221379 3.842688 0.323511
v 0.220494 3.848327 0.203067
v 0.220494 3.848327 0.323511
v 0.219044 3.853552 0.203067
v 0.219044 3.853552 0.323511
v 0.217051 3.858339 0.203067
v 0.217051 3.858339 0.323511
v 0.214534 3.862661 0.203067
v 0.214534 3.862661 0.323511
v 0.211516 3.866491 0.203067
v 0.211516 3.866491 0.323511
v 0.208015 3.869803 0.203067
v 0.208015 3.869803 0.323511
v 0.204054 3.872572 0.203067
v 0.204054 3.872572 0.323511
v 0.199654 3.874771 0.203067
v 0.199654 3.874771 0.323511
v 0.194834 3.876374 0.203067
v 0.194834 3.876374 0.323511
v 0.189616 3.877355 0.203067
v 0.189616 3.877355 0.323511
v 0.184021 3.877688 0.203067
v 0.184021 3.877688 0.323511
v 0.179916 3.877545 0.203067
v 0.179916 3.877545 0.323511
v 0.175924 3.877105 0.203067
v 0.175924 3.877105 0.323511
v 0.172019 3.876353 0.203067
v 0.172019 3.876353 0.323511
v 0.168172 3.875277 0.203067
v 0.168172 3.875277 0.323511
v 0.164354 3.873860 0.203067
v 0.164354 3.873860 0.323511
v 0.160538 3.872089 0.203067
v 0.160538 3.872089 0.323511
v 0.156696 3.869950 0.203067
v 0.156696 3.869950 0.323511
v 0.152798 3.867428 0.203067
v 0.152798 3.867428 0.323511
v 0.148817 3.864509 0.203067
v 0.148817 3.864509 0.323511
v 0.144725 3.861178 0.203067
v 0.144725 3.861178 0.323511
v 0.140493 3.857421 0.203067
v 0.140493 3.857421 0.323511
v 0.136093 3.853223 0.203067
v 0.136093 3.853223 0.323511
v 0.136093 3.732027 0.203067
v 0.136093 3.732027 0.323511
v 0.098007 3.732027 0.203067
v 0.098007 3.732027 0.323511
v 0.098007 3.901024 0.203067
v 0.098007 3.901024 0.323511
v 0.136093 3.901024 0.203067
v 0.136093 3.901024 0.323511
v 0.136093 3.878817 0.203067
v 0.136093 3.878817 0.323511
v 0.478963 3.739419 0.203067
v 0.478963 3.739419 0.323511
v 0.475158 3.737308 0.203067
v 0.475158 3.737308 0.323511
v 0.471677 3.735467 0.203067
v 0.471677 3.735467 0.323511
v 0.468468 3.733881 0.203067
v 0.468468 3.733881 0.323511
v 0.465478 3.732535 0.203067
v 0.465478 3.732535 0.323511
v 0.462657 3.731415 0.203067
v 0.462657 3.731415 0.323511
v 0.459951 3.730507 0.203067
v 0.459951 3.730507 0.323511
v 0.457310 3.729796 0.203067
v 0.457310 3.729796 0.323511
v 0.454680 3.729268 0.203067
v 0.454680 3.729268 0.323511
v 0.452010 3.728909 0.203067
v 0.452010 3.728909 0.323511
v 0.449248 3.728704 0.203067
v 0.449248 3.728704 0.323511
v 0.446342 3.728639 0.203067
v 0.446342 3.728639 0.323511
v 0.442329 3.728750 0.203067
v 0.442329 3.728750 0.323511
v 0.438630 3.729085 0.203067
v 0.438630 3.729085 0.323511
v 0.435236 3.729651 0.203067
v 0.435236 3.729651 0.323511
v 0.432141 3.730451 0.203067
v 0.432141 3.730451 0.323511
v 0.429338 3.731493 0.203067
v 0.429338 3.731493 0.323511
v 0.426818 3.732779 0.203067
v 0.426818 3.732779 0.323511
v 0.424574 3.734317 0.203067
v 0.424574 3.734317 0.323511
v 0.422600 3.736111 0.203067
v 0.422600 3.736111 0.323511
v 0.420887 3.738166 0.203067
v 0.420887 3.738166 0.323511
v 0.419428 3.740488 0.203067
v 0.419428 3.740488 0.323511
v 0.418216 3.743082 0.203067
v 0.418216 3.743082 0.323511
v 0.417243 3.745953 0.203067
v 0.417243 3.745953 0.323511
v 0.413053 3.743161 0.203067
v 0.413053 3.743161 0.323511
v 0.408831 3.740619 0.203067
v 0.408831 3.740619 0.323511
v 0.404579 3.738325 0.203067
v 0.404579 3.738325 0.323511
v 0.400300 3.736278 0.203067
v 0.400300 3.736278 0.323511
v 0.395997 3.734477 0.203067
v 0.395997 3.734477 0.323511
v 0.391674 3.732920 0.203067
v 0.391674 3.732920 0.323511
v 0.387333 3.731607 0.203067
v 0.387333 3.731607 0.323511
v 0.382977 3.730535 0.203067
v 0.382977 3.730535 0.323511
v 0.378609 3.729704 0.203067
v 0.378609 3.729704 0.323511
v 0.374232 3.729111 0.203067
v 0.374232 3.729111 0.323511
v 0.369849 3.728757 0.203067
v 0.369849 3.728757 0.323511
v 0.365463 3.728639 0.203067
v 0.365463 3.728639 0.323511
v 0.358604 3.729037 0.203067
v 0.358604 3.729037 0.323511
v 0.352170 3.730190 0.203067
v 0.352170 3.730190 0.323511
v 0.346193 3.732038 0.203067
v 0.346193 3.732038 0.323511
v 0.340707 3.734522 0.203067
v 0.340707 3.734522 0.323511
v 0.335744 3.737581 0.203067
v 0.335744 3.737581 0.323511
v 0.331336 3.741154 0.203067
v 0.331336 3.741154 0.323511
v 0.327517 3.745182 0.203067
v 0.327517 3.745182 0.323511
v 0.324319 3.749605 0.203067
v 0.324319 3.749605 0.323511
v 0.321774 3.754363 0.203067
v 0.321774 3.754363 0.323511
v 0.319917 3.759395 0.203067
v 0.319917 3.759395 0.323511
v 0.318778 3.764641 0.203067
v 0.318778 3.764641 0.323511
v 0.318391 3.770042 0.203067
v 0.318391 3.770042 0.323511
v 0.319091 3.777943 0.203067
v 0.319091 3.777943 0.323511
v 0.321101 3.784952 0.203067
v 0.321101 3.784952 0.323511
v 0.324288 3.791149 0.203067
v 0.324288 3.791149 0.323511
v 0.328519 3.796612 0.203067
v 0.328519 3.796612 0.323511
v 0.333658 3.801421 0.203067
v 0.333658 3.801421 0.323511
v 0.339574 3.805657 0.203067
v 0.339574 3.805657 0.323511
v 0.346131 3.809399 0.203067
v 0.346131 3.809399 0.323511
v 0.353196 3.812727 0.203067
v 0.353196 3.812727 0.323511
v 0.360636 3.815720 0.203067
v 0.360636 3.815720 0.323511
v 0.368316 3.818458 0.203067
v 0.368316 3.818458 0.323511
v 0.376104 3.821021 0.203067
v 0.376104 3.821021 0.323511
v 0.383864 3.823488 0.203067
v 0.383864 3.823488 0.323511
v 0.417671 3.834027 0.203067
v 0.417671 3.834027 0.323511
v 0.417671 3.843061 0.203067
v 0.417671 3.843061 0.323511
v 0.417430 3.848073 0.203067
v 0.417430 3.848073 0.323511
v 0.416708 3.852582 0.203067
v 0.416708 3.852582 0.323511
v 0.415504 3.856599 0.203067
v 0.415504 3.856599 0.323511
v 0.413819 3.860137 0.203067
v 0.413819 3.860137 0.323511
v 0.411653 3.863211 0.203067
v 0.411653 3.863211 0.323511
v 0.409005 3.865832 0.203067
v 0.409005 3.865832 0.323511
v 0.405876 3.868014 0.203067
v 0.405876 3.868014 0.323511
v 0.402265 3.869770 0.203067
v 0.402265 3.869770 0.323511
v 0.398173 3.871113 0.203067
v 0.398173 3.871113 0.323511
v 0.393600 3.872056 0.203067
v 0.393600 3.872056 0.323511
v 0.388545 3.872613 0.203067
v 0.388545 3.872613 0.323511
v 0.383008 3.872795 0.203067
v 0.383008 3.872795 0.323511
v 0.377759 3.872614 0.203067
v 0.377759 3.872614 0.323511
v 0.372504 3.872065 0.203067
v 0.372504 3.872065 0.323511
v 0.367255 3.871143 0.203067
v 0.367255 3.871143 0.323511
v 0.362024 3.869840 0.203067
v 0.362024 3.869840 0.323511
v 0.356822 3.868150 0.203067
v 0.356822 3.868150 0.323511
v 0.351663 3.866067 0.203067
v 0.351663 3.866067 0.323511
v 0.346556 3.863585 0.203067
v 0.346556 3.863585 0.323511
v 0.341515 3.860695 0.203067
v 0.341515 3.860695 0.323511
v 0.336551 3.857393 0.203067
v 0.336551 3.857393 0.323511
v 0.331677 3.853671 0.203067
v 0.331677 3.853671 0.323511
v 0.326903 3.849523 0.203067
v 0.326903 3.849523 0.323511
v 0.322242 3.844943 0.203067
v 0.322242 3.844943 0.323511
v 0.322242 3.881452 0.203067
v 0.322242 3.881452 0.323511
v 0.326112 3.885146 0.203067
v 0.326112 3.885146 0.323511
v 0.330235 3.888511 0.203067
v 0.330235 3.888511 0.323511
v 0.334612 3.891550 0.203067
v 0.334612 3.891550 0.323511
v 0.339249 3.894263 0.203067
v 0.339249 3.894263 0.323511
v 0.344147 3.896652 0.203067
v 0.344147 3.896652 0.323511
v 0.349309 3.898719 0.203067
v 0.349309 3.898719 0.323511
v 0.354739 3.900464 0.203067
v 0.354739 3.900464 0.323511
v 0.360439 3.901889 0.203067
v 0.360439 3.901889 0.323511
v 0.366413 3.902994 0.203067
v 0.366413 3.902994 0.323511
v 0.372663 3.903783 0.203067
v 0.372663 3.903783 0.323511
v 0.379192 3.904255 0.203067
v 0.379192 3.904255 0.323511
v 0.386004 3.904412 0.203067
v 0.386004 3.904412 0.323511
v 0.395557 3.904049 0.203067
v 0.395557 3.904049 0.323511
v 0.404692 3.902951 0.203067
v 0.404692 3.902951 0.323511
v 0.413331 3.901107 0.203067
v 0.413331 3.901107 0.323511
v 0.421395 3.898501 0.203067
v 0.421395 3.898501 0.323511
v 0.428806 3.895122 0.203067
v 0.428806 3.895122 0.323511
v 0.435483 3.890956 0.203067
v 0.435483 3.890956 0.323511
v 0.441350 3.885990 0.203067
v 0.441350 3.885990 0.323511
v 0.446326 3.880211 0.203067
v 0.446326 3.880211 0.323511
v 0.450334 3.873607 0.203067
v 0.450334 3.873607 0.323511
v 0.453294 3.866163 0.203067
v 0.453294 3.866163 0.323511
v 0.455128 3.857867 0.203067
v 0.455128 3.857867 0.323511
v 0.455757 3.848706 0.203067
v 0.455757 3.848706 0.323511
v 0.455757 3.761761 0.203067
v 0.455757 3.761761 0.323511
v 0.455810 3.760247 0.203067
v 0.455810 3.760247 0.323511
v 0.455969 3.758898 0.203067
v 0.455969 3.758898 0.323511
v 0.456231 3.757709 0.203067
v 0.456231 3.757709 0.323511
v 0.456597 3.756673 0.203067
v 0.456597 3.756673 0.323511
v 0.457063 3.755783 0.203067
v 0.457063 3.755783 0.323511
v 0.457629 3.755033 0.203067
v 0.457629 3.755033 0.323511
v 0.458293 3.754416 0.203067
v 0.458293 3.754416 0.323511
v 0.459053 3.753927 0.203067
v 0.459053 3.753927 0.323511
v 0.459909 3.753557 0.203067
v 0.459909 3.753557 0.323511
v 0.460858 3.753301 0.203067
v 0.460858 3.753301 0.323511
v 0.461899 3.753152 0.203067
v 0.461899 3.753152 0.323511
v 0.463031 3.753104 0.203067
v 0.463031 3.753104 0.323511
v 0.464072 3.753174 0.203067
v 0.464072 3.753174 0.323511
v 0.465264 3.753381 0.203067
v 0.465264 3.753381 0.323511
v 0.466595 3.753722 0.203067
v 0.466595 3.753722 0.323511
v 0.468055 3.754192 0.203067
v 0.468055 3.754192 0.323511
v 0.469635 3.754787 0.203067
v 0.469635 3.754787 0.323511
v 0.471323 3.755504 0.203067
v 0.471323 3.755504 0.323511
v 0.473108 3.756338 0.203067
v 0.473108 3.756338 0.323511
v 0.474982 3.757286 0.203067
v 0.474982 3.757286 0.323511
v 0.476932 3.758344 0.203067
v 0.476932 3.758344 0.323511
v 0.478950 3.759508 0.203067
v 0.478950 3.759508 0.323511
v 0.481024 3.760774 0.203067
v 0.481024 3.760774 0.323511
v 0.483144 3.762137 0.203067
v 0.483144 3.762137 0.323511
v 0.483144 3.741813 0.203067
v 0.483144 3.741813 0.323511
v 0.409643 3.813132 0.203067
v 0.409643 3.813132 0.323511
v 0.401877 3.810644 0.203067
v 0.401877 3.810644 0.323511
v 0.394456 3.808086 0.203067
v 0.394456 3.808086 0.323511
v 0.387462 3.805422 0.203067
v 0.387462 3.805422 0.323511
v 0.380980 3.802617 0.203067
v 0.380980 3.802617 0.323511
v 0.375092 3.799635 0.203067
v 0.375092 3.799635 0.323511
v 0.369881 3.796442 0.203067
v 0.369881 3.796442 0.323511
v 0.365432 3.793001 0.203067
v 0.365432 3.793001 0.323511
v 0.361826 3.789279 0.203067
v 0.361826 3.789279 0.323511
v 0.359147 3.785238 0.203067
v 0.359147 3.785238 0.323511
v 0.357479 3.780845 0.203067
v 0.357479 3.780845 0.323511
v 0.356905 3.776064 0.203067
v 0.356905 3.776064 0.323511
v 0.357141 3.772672 0.203067
v 0.357141 3.772672 0.323511
v 0.357834 3.769472 0.203067
v 0.357834 3.769472 0.323511
v 0.358958 3.766484 0.203067
v 0.358958 3.766484 0.323511
v 0.360487 3.763727 0.203067
v 0.360487 3.763727 0.323511
v 0.362396 3.761221 0.203067
v 0.362396 3.761221 0.323511
v 0.364661 3.758985 0.203067
v 0.364661 3.758985 0.323511
v 0.367256 3.757040 0.203067
v 0.367256 3.757040 0.323511
v 0.370155 3.755404 0.203067
v 0.370155 3.755404 0.323511
v 0.373333 3.754098 0.203067
v 0.373333 3.754098 0.323511
v 0.376766 3.753141 0.203067
v 0.376766 3.753141 0.323511
v 0.380427 3.752552 0.203067
v 0.380427 3.752552 0.323511
v 0.384292 3.752352 0.203067
v 0.384292 3.752352 0.323511
v 0.387270 3.752460 0.203067
v 0.387270 3.752460 0.323511
v 0.390212 3.752782 0.203067
v 0.390212 3.752782 0.323511
v 0.393118 3.753310 0.203067
v 0.393118 3.753310 0.323511
v 0.395989 3.754038 0.203067
v 0.395989 3.754038 0.323511
v 0.398824 3.754960 0.203067
v 0.398824 3.754960 0.323511
v 0.401623 3.756068 0.203067
v 0.401623 3.756068 0.323511
v 0.404387 3.757357 0.203067
v 0.404387 3.757357 0.323511
v 0.407115 3.758820 0.203067
v 0.407115 3.758820 0.323511
v 0.409807 3.760450 0.203067
v 0.409807 3.760450 0.323511
v 0.412464 3.762240 0.203067
v 0.412464 3.762240 0.323511
v 0.415085 3.764185 0.203067
v 0.415085 3.764185 0.323511
v 0.417671 3.766278 0.203067
v 0.417671 3.766278 0.323511
v 0.417671 3.815584 0.203067
v 0.417671 3.815584 0.323511
v 0.539203 3.732027 0.203067
v 0.539203 3.732027 0.323511
v 0.539203 3.988722 0.203067
v 0.539203 3.988722 0.323511
v 0.577289 3.988722 0.203067
v 0.577289 3.988722 0.323511
v 0.577289 3.732027 0.203067
v 0.577289 3.732027 0.323511
v 0.738618 3.732027 0.203067
v 0.738618 3.732027 0.323511
v 0.724736 3.732732 0.203067
v 0.724736 3.732732 0.323511
v 0.711797 3.734815 0.203067
v 0.711797 3.734815 0.323511
v 0.699850 3.738225 0.203067
v 0.699850 3.738225 0.323511
v 0.688946 3.742914 0.203067
v 0.688946 3.742914 0.323511
v 0.679136 3.748831 0.203067
v 0.679136 3.748831 0.323511
v 0.670470 3.755927 0.203067
v 0.670470 3.755927 0.323511
v 0.662999 3.764152 0.203067
v 0.662999 3.764152 0.323511
v 0.656772 3.773457 0.203067
v 0.656772 3.773457 0.323511
v 0.651842 3.783792 0.203067
v 0.651842 3.783792 0.323511
v 0.648257 3.795106 0.203067
v 0.648257 3.795106 0.323511
v 0.646070 3.807351 0.203067
v 0.646070 3.807351 0.323511
v 0.645329 3.820477 0.203067
v 0.645329 3.820477 0.323511
v 0.646145 3.832408 0.203067
v 0.646145 3.832408 0.323511
v 0.648537 3.843684 0.203067
v 0.648537 3.843684 0.323511
v 0.652424 3.854235 0.203067
v 0.652424 3.854235 0.323511
v 0.657724 3.863985 0.203067
v 0.657724 3.863985 0.323511
v 0.664355 3.872862 0.203067
v 0.664355 3.872862 0.323511
v 0.672235 3.880794 0.203067
v 0.672235 3.880794 0.323511
v 0.681284 3.887705 0.203067
v 0.681284 3.887705 0.323511
v 0.691419 3.893524 0.203067
v 0.691419 3.893524 0.323511
v 0.702558 3.898178 0.203067
v 0.702558 3.898178 0.323511
v 0.714620 3.901592 0.203067
v 0.714620 3.901592 0.323511
v 0.727523 3.903695 0.203067
v 0.727523 3.903695 0.323511
v 0.741186 3.904412 0.203067
v 0.741186 3.904412 0.323511
v 0.744380 3.904372 0.203067
v 0.744380 3.904372 0.323511
v 0.747553 3.904250 0.203067
v 0.747553 3.904250 0.323511
v 0.750720 3.904041 0.203067
v 0.750720 3.904041 0.323511
v 0.753896 3.903743 0.203067
v 0.753896 3.903743 0.323511
v 0.757097 3.903350 0.203067
v 0.757097 3.903350 0.323511
v 0.760335 3.902859 0.203067
v 0.760335 3.902859 0.323511
v 0.763628 3.902267 0.203067
v 0.763628 3.902267 0.323511
v 0.766988 3.901568 0.203067
v 0.766988 3.901568 0.323511
v 0.770432 3.900760 0.203067
v 0.770432 3.900760 0.323511
v 0.773974 3.899837 0.203067
v 0.773974 3.899837 0.323511
v 0.777628 3.898798 0.203067
v 0.777628 3.898798 0.323511
v 0.781411 3.897637 0.203067
v 0.781411 3.897637 0.323511
v 0.781411 3.988722 0.203067
v 0.781411 3.988722 0.323511
v 0.819497 3.988722 0.203067
v 0.819497 3.988722 0.323511
v 0.819497 3.732027 0.203067
v 0.819497 3.732027 0.323511
v 0.778261 3.868977 0.203067
v 0.778261 3.868977 0.323511
v 0.775214 3.869945 0.203067
v 0.775214 3.869945 0.323511
v 0.772251 3.870807 0.203067
v 0.772251 3.870807 0.323511
v 0.769350 3.871568 0.203067
v 0.769350 3.871568 0.323511
v 0.766491 3.872230 0.203067
v 0.766491 3.872230 0.323511
v 0.763652 3.872795 0.203067
v 0.763652 3.872795 0.323511
v 0.760813 3.873266 0.203067
v 0.760813 3.873266 0.323511
v 0.757954 3.873646 0.203067
v 0.757954 3.873646 0.323511
v 0.755053 3.873936 0.203067
v 0.755053 3.873936 0.323511
v 0.752090 3.874141 0.203067
v 0.752090 3.874141 0.323511
v 0.749043 3.874261 0.203067
v 0.749043 3.874261 0.323511
v 0.745893 3.874301 0.203067
v 0.745893 3.874301 0.323511
v 0.736949 3.873821 0.203067
v 0.736949 3.873821 0.323511
v 0.728549 3.872408 0.203067
v 0.728549 3.872408 0.323511
v 0.720738 3.870102 0.203067
v 0.720738 3.870102 0.323511
v 0.713560 3.866940 0.203067
v 0.713560 3.866940 0.323511
v 0.707059 3.862963 0.203067
v 0.707059 3.862963 0.323511
v 0.701281 3.858210 0.203067
v 0.701281 3.858210 0.323511
v 0.696269 3.852720 0.203067
v 0.696269 3.852720 0.323511
v 0.692069 3.846532 0.203067
v 0.692069 3.846532 0.323511
v 0.688724 3.839685 0.203067
v 0.688724 3.839685 0.323511
v 0.686280 3.832219 0.203067
v 0.686280 3.832219 0.323511
v 0.684781 3.824172 0.203067
v 0.684781 3.824172 0.323511
v 0.684271 3.815584 0.203067
v 0.684271 3.815584 0.323511
v 0.684583 3.807854 0.203067
v 0.684583 3.807854 0.323511
v 0.685553 3.800508 0.203067
v 0.685553 3.800508 0.323511
v 0.687233 3.793601 0.203067
v 0.687233 3.793601 0.323511
v 0.689676 3.787188 0.203067
v 0.689676 3.787188 0.323511
v 0.692932 3.781324 0.203067
v 0.692932 3.781324 0.323511
v 0.697055 3.776064 0.203067
v 0.697055 3.776064 0.323511
v 0.702097 3.771462 0.203067
v 0.702097 3.771462 0.323511
v 0.708108 3.767574 0.203067
v 0.708108 3.767574 0.323511
v 0.715142 3.764455 0.203067
v 0.715142 3.764455 0.323511
v 0.723250 3.762158 0.203067
v 0.723250 3.762158 0.323511
v 0.732485 3.760741 0.203067
v 0.732485 3.760741 0.323511
v 0.742897 3.760256 0.203067
v 0.742897 3.760256 0.323511
v 0.781411 3.760256 0.203067
v 0.781411 3.760256 0.323511
v 0.781411 3.867902 0.203067
v 0.781411 3.867902 0.323511
v 0.887537 4.001520 0.203067
v 0.887537 4.001520 0.323511
v 0.925195 4.001520 0.203067
v 0.925195 4.001520 0.323511
v 0.925195 3.957482 0.203067
v 0.925195 3.957482 0.323511
v 0.915353 3.905917 0.203067
v 0.915353 3.905917 0.323511
v 0.897380 3.905917 0.203067
v 0.897380 3.905917 0.323511
v 0.887537 3.957482 0.203067
v 0.887537 3.957482 0.323511
v 1.101318 3.860321 0.203067
v 1.101318 3.860321 0.323511
v 1.096068 3.862987 0.203067
v 1.096068 3.862987 0.323511
v 1.090904 3.865367 0.203067
v 1.090904 3.865367 0.323511
v 1.085843 3.867470 0.203067
v 1.085843 3.867470 0.323511
v 1.080901 3.869301 0.203067
v 1.080901 3.869301 0.323511
v 1.076094 3.870866 0.203067
v 1.076094 3.870866 0.323511
v 1.071439 3.872173 0.203067
v 1.071439 3.872173 0.323511
v 1.066951 3.873227 0.203067
v 1.066951 3.873227 0.323511
v 1.062648 3.874036 0.203067
v 1.062648 3.874036 0.323511
v 1.058545 3.874606 0.203067
v 1.058545 3.874606 0.323511
v 1.054659 3.874943 0.203067
v 1.054659 3.874943 0.323511
v 1.051007 3.875054 0.203067
v 1.051007 3.875054 0.323511
v 1.047274 3.874923 0.203067
v 1.047274 3.874923 0.323511
v 1.043787 3.874538 0.203067
v 1.043787 3.874538 0.323511
v 1.040562 3.873913 0.203067
v 1.040562 3.873913 0.323511
v 1.037614 3.873060 0.203067
v 1.037614 3.873060 0.323511
v 1.034957 3.871993 0.203067
v 1.034957 3.871993 0.323511
v 1.032606 3.870725 0.203067
v 1.032606 3.870725 0.323511
v 1.030576 3.869269 0.203067
v 1.030576 3.869269 0.323511
v 1.028881 3.867637 0.203067
v 1.028881 3.867637 0.323511
v 1.027538 3.865844 0.203067
v 1.027538 3.865844 0.323511
v 1.026559 3.863901 0.203067
v 1.026559 3.863901 0.323511
v 1.025961 3.861823 0.203067
v 1.025961 3.861823 0.323511
v 1.025759 3.859622 0.203067
v 1.025759 3.859622 0.323511
v 1.026031 3.857704 0.203067
v 1.026031 3.857704 0.323511
v 1.026866 3.855701 0.203067
v 1.026866 3.855701 0.323511
v 1.028293 3.853588 0.203067
v 1.028293 3.853588 0.323511
v 1.030339 3.851341 0.203067
v 1.030339 3.851341 0.323511
v 1.033033 3.848938 0.203067
v 1.033033 3.848938 0.323511
v 1.036403 3.846354 0.203067
v 1.036403 3.846354 0.323511
v 1.040478 3.843566 0.203067
v 1.040478 3.843566 0.323511
v 1.045285 3.840551 0.203067
v 1.045285 3.840551 0.323511
v 1.050853 3.837286 0.203067
v 1.050853 3.837286 0.323511
v 1.057209 3.833745 0.203067
v 1.057209 3.833745 0.323511
v 1.064384 3.829907 0.203067
v 1.064384 3.829907 0.323511
v 1.072403 3.825747 0.203067
v 1.072403 3.825747 0.323511
v 1.079906 3.821270 0.203067
v 1.079906 3.821270 0.323511
v 1.086600 3.817033 0.203067
v 1.086600 3.817033 0.323511
v 1.092516 3.812991 0.203067
v 1.092516 3.812991 0.323511
v 1.097682 3.809102 0.203067
v 1.097682 3.809102 0.323511
v 1.102130 3.805323 0.203067
v 1.102130 3.805323 0.323511
v 1.105889 3.801611 0.203067
v 1.105889 3.801611 0.323511
v 1.108987 3.797922 0.203067
v 1.108987 3.797922 0.323511
v 1.111456 3.794214 0.203067
v 1.111456 3.794214 0.323511
v 1.113324 3.790443 0.203067
v 1.113324 3.790443 0.323511
v 1.114622 3.786566 0.203067
v 1.114622 3.786566 0.323511
v 1.115378 3.782540 0.203067
v 1.115378 3.782540 0.323511
v 1.115624 3.778322 0.203067
v 1.115624 3.778322 0.323511
v 1.115072 3.771098 0.203067
v 1.115072 3.771098 0.323511
v 1.113459 3.764318 0.203067
v 1.113459 3.764318 0.323511
v 1.110843 3.758015 0.203067
v 1.110843 3.758015 0.323511
v 1.107287 3.752226 0.203067
v 1.107287 3.752226 0.323511
v 1.102852 3.746986 0.203067
v 1.102852 3.746986 0.323511
v 1.097597 3.742330 0.203067
v 1.097597 3.742330 0.323511
v 1.091585 3.738294 0.203067
v 1.091585 3.738294 0.323511
v 1.084877 3.734912 0.203067
v 1.084877 3.734912 0.323511
v 1.077532 3.732221 0.203067
v 1.077532 3.732221 0.323511
v 1.069612 3.730254 0.203067
v 1.069612 3.730254 0.323511
v 1.061178 3.729049 0.203067
v 1.061178 3.729049 0.323511
v 1.052290 3.728639 0.203067
v 1.052290 3.728639 0.323511
v 1.046507 3.728727 0.203067
v 1.046507 3.728727 0.323511
v 1.040897 3.728998 0.203067
v 1.040897 3.728998 0.323511
v 1.035421 3.729462 0.203067
v 1.035421 3.729462 0.323511
v 1.030038 3.730131 0.203067
v 1.030038 3.730131 0.323511
v 1.024709 3.731013 0.203067
v 1.024709 3.731013 0.323511
v 1.019393 3.732121 0.203067
v 1.019393 3.732121 0.323511
v 1.014051 3.733463 0.203067
v 1.014051 3.733463 0.323511
v 1.008642 3.735052 0.203067
v 1.008642 3.735052 0.323511
v 1.003125 3.736896 0.203067
v 1.003125 3.736896 0.323511
v 0.997462 3.739007 0.203067
v 0.997462 3.739007 0.323511
v 0.991611 3.741395 0.203067
v 0.991611 3.741395 0.323511
v 0.985533 3.744071 0.203067
v 0.985533 3.744071 0.323511
v 0.985533 3.780204 0.203067
v 0.985533 3.780204 0.323511
v 0.991691 3.776604 0.203067
v 0.991691 3.776604 0.323511
v 0.997741 3.773332 0.203067
v 0.997741 3.773332 0.323511
v 1.003667 3.770383 0.203067
v 1.003667 3.770383 0.323511
v 1.009450 3.767756 0.203067
v 1.009450 3.767756 0.323511
v 1.015072 3.765447 0.203067
v 1.015072 3.765447 0.323511
v 1.020517 3.763455 0.203067
v 1.020517 3.763455 0.323511
v 1.025764 3.761776 0.203067
v 1.025764 3.761776 0.323511
v 1.030799 3.760409 0.203067
v 1.030799 3.760409 0.323511
v 1.035601 3.759350 0.203067
v 1.035601 3.759350 0.323511
v 1.040154 3.758597 0.203067
v 1.040154 3.758597 0.323511
v 1.044439 3.758147 0.203067
v 1.044439 3.758147 0.323511
v 1.048439 3.757997 0.203067
v 1.048439 3.757997 0.323511
v 1.052231 3.758303 0.203067
v 1.052231 3.758303 0.323511
v 1.055881 3.758844 0.203067
v 1.055881 3.758844 0.323511
v 1.059351 3.759620 0.203067
v 1.059351 3.759620 0.323511
v 1.062608 3.760632 0.203067
v 1.062608 3.760632 0.323511
v 1.065616 3.761879 0.203067
v 1.065616 3.761879 0.323511
v 1.068338 3.763361 0.203067
v 1.068338 3.763361 0.323511
v 1.070739 3.765078 0.203067
v 1.070739 3.765078 0.323511
v 1.072784 3.767030 0.203067
v 1.072784 3.767030 0.323511
v 1.074436 3.769218 0.203067
v 1.074436 3.769218 0.323511
v 1.075660 3.771641 0.203067
v 1.075660 3.771641 0.323511
v 1.076421 3.774300 0.203067
v 1.076421 3.774300 0.323511
v 1.076683 3.777193 0.203067
v 1.076683 3.777193 0.323511
v 1.074914 3.782825 0.203067
v 1.074914 3.782825 0.323511
v 1.070025 3.788155 0.203067
v 1.070025 3.788155 0.323511
v 1.062641 3.793336 0.203067
v 1.062641 3.793336 0.323511
v 1.053384 3.798522 0.203067
v 1.053384 3.798522 0.323511
v 1.042879 3.803864 0.203067
v 1.042879 3.803864 0.323511
v 1.031750 3.809515 0.203067
v 1.031750 3.809515 0.323511
v 1.020620 3.815629 0.203067
v 1.020620 3.815629 0.323511
v 1.010115 3.822359 0.203067
v 1.010115 3.822359 0.323511
v 1.000859 3.829858 0.203067
v 1.000859 3.829858 0.323511
v 0.993474 3.838277 0.203067
v 0.993474 3.838277 0.323511
v 0.988585 3.847771 0.203067
v 0.988585 3.847771 0.323511
v 0.986817 3.858493 0.203067
v 0.986817 3.858493 0.323511
v 0.987328 3.865405 0.203067
v 0.987328 3.865405 0.323511
v 0.988834 3.871826 0.203067
v 0.988834 3.871826 0.323511
v 0.991297 3.877735 0.203067
v 0.991297 3.877735 0.323511
v 0.994678 3.883111 0.203067
v 0.994678 3.883111 0.323511
v 0.998939 3.887933 0.203067
v 0.998939 3.887933 0.323511
v 1.004041 3.892179 0.203067
v 1.004041 3.892179 0.323511
v 1.009946 3.895830 0.203067
v 1.009946 3.895830 0.323511
v 1.016613 3.898864 0.203067
v 1.016613 3.898864 0.323511
v 1.024007 3.901259 0.203067
v 1.024007 3.901259 0.323511
v 1.032087 3.902997 0.203067
v 1.032087 3.902997 0.323511
v 1.040814 3.904054 0.203067
v 1.040814 3.904054 0.323511
v 1.050151 3.904412 0.203067
v 1.050151 3.904412 0.323511
v 1.054654 3.904317 0.203067
v 1.054654 3.904317 0.323511
v 1.059179 3.904034 0.203067
v 1.059179 3.904034 0.323511
v 1.063731 3.903559 0.203067
v 1.063731 3.903559 0.323511
v 1.068314 3.902892 0.203067
v 1.068314 3.902892 0.323511
v 1.072933 3.902032 0.203067
v 1.072933 3.902032 0.323511
v 1.077592 3.900977 0.203067
v 1.077592 3.900977 0.323511
v 1.082295 3.899726 0.203067
v 1.082295 3.899726 0.323511
v 1.087048 3.898278 0.203067
v 1.087048 3.898278 0.323511
v 1.091854 3.896631 0.203067
v 1.091854 3.896631 0.323511
v 1.096718 3.894784 0.203067
v 1.096718 3.894784 0.323511
v 1.101644 3.892736 0.203067
v 1.101644 3.892736 0.323511
v 1.106637 3.890486 0.203067
v 1.106637 3.890486 0.323511
v 1.106637 3.857363 0.203067
v 1.106637 3.857363 0.323511
v 0.000976 0.196746 -0.113179
v 0.023056 0.196746 -0.111005
v 0.000976 3.286193 -0.113180
v -0.021104 0.196746 -0.111005
v -0.042336 0.196746 -0.104564
v -0.021104 3.286193 -0.111005
v -0.042336 3.286193 -0.104564
v -0.061903 3.286193 -0.094105
v -0.079054 3.286193 -0.080030
v -0.061903 0.196746 -0.094105
v -0.079054 0.196746 -0.080030
v -0.093130 0.196746 -0.062879
v -0.103588 0.196746 -0.043312
v -0.093130 3.286193 -0.062879
v -0.103588 3.286193 -0.043312
v -0.110029 3.286193 -0.022080
v -0.112204 3.286193 0.000000
v -0.110029 0.196746 -0.022080
v -0.112204 0.196746 0.000000
v -0.110029 0.196746 0.022080
v -0.103588 0.196746 0.043312
v -0.110029 3.286193 0.022080
v -0.103588 3.286193 0.043312
v -0.093130 3.286193 0.062879
v -0.079054 3.286193 0.080030
v -0.093130 0.196746 0.062879
v -0.079054 0.196746 0.080030
v -0.061903 0.196746 0.094105
v -0.042336 0.196746 0.104564
v -0.061903 3.286193 0.094105
v -0.042336 3.286193 0.104564
v -0.021104 3.286193 0.111005
v 0.000976 3.286193 0.113179
v -0.021104 0.196746 0.111005
v 0.000976 0.196746 0.113179
v 0.023056 0.196746 0.111005
v 0.044288 0.196746 0.104564
v 0.023056 3.286193 0.111005
v 0.044288 3.286193 0.104564
v 0.063855 3.286193 0.094105
v 0.081006 3.286193 0.080030
v 0.063855 0.196746 0.094105
v 0.081006 0.196746 0.080030
v 0.095081 0.196746 0.062879
v 0.105540 0.196746 0.043312
v 0.095081 3.286193 0.062879
v 0.105540 3.286193 0.043312
v 0.111981 3.286193 0.022080
v 0.114155 3.286193 0.000000
v 0.111981 0.196746 0.022080
v 0.114155 0.196746 0.000000
v 0.111981 0.196746 -0.022080
v 0.105540 0.196746 -0.043312
v 0.111981 3.286193 -0.022080
v 0.105540 3.286193 -0.043312
v 0.095081 3.286193 -0.062879
v 0.081006 3.286193 -0.080030
v 0.095081 0.196746 -0.062879
v 0.081006 0.196746 -0.080030
v 0.063855 0.196746 -0.094105
v 0.044288 0.196746 -0.104564
v 0.063855 3.286193 -0.094105
v 0.044288 3.286193 -0.104564
v 0.023056 3.286193 -0.111005
v 0.122579 3.264516 0.274823
v 0.370419 3.264516 0.274823
v -0.125262 3.264516 0.274823
v 0.119147 3.408652 0.274823
v 0.122579 3.264516 -0.274823
v 0.370419 3.264516 -0.274823
v 0.366988 3.408652 0.274823
v 0.366988 3.408652 -0.274823
v -0.128694 3.408652 0.274823
v -0.128694 3.408652 -0.274823
v -0.376535 3.408652 -0.274823
v -0.376535 3.408652 0.274823
v -0.373103 3.264516 -0.274823
v -0.373103 3.264516 0.274823
v -0.125262 3.264516 -0.274823
v 0.119147 3.408652 -0.274823
v 0.134928 3.377785 0.285912
v 0.392769 3.377785 0.285912
v 1.166293 3.377785 0.285912
v 0.392769 3.377785 -0.285912
v 0.415100 4.237322 0.285912
v 1.166293 3.377785 -0.285912
v 0.135501 4.237322 0.285912
v -0.144099 4.237322 0.285912
v 0.135501 4.237322 -0.285912
v -0.122913 3.377785 0.285912
v -0.144099 4.237322 -0.285912
v -0.423698 4.237322 -0.285912
v -0.122913 3.377785 -0.285912
v -0.380754 3.377785 -0.285912
v -1.154278 3.377785 -0.285912
v -0.380754 3.377785 0.285912
v -1.154278 3.377785 0.285912
v 0.134928 3.377785 -0.285912
v -1.262497 4.237322 0.285912
v -0.423698 4.237322 0.285912
v -1.262497 4.237322 -0.285912
v 0.415100 4.237322 -0.285912
v 1.253899 4.237322 -0.285912
v 1.253899 4.237322 0.285912
v 0.463090 3.377785 0.285912
v 0.533410 3.377785 0.285912
v 0.603730 3.377785 0.285912
v 0.674051 3.377785 0.285912
v 0.744371 3.377785 0.285912
v 0.814692 3.377785 0.285912
v 0.885012 3.377785 0.285912
v 0.955332 3.377785 0.285912
v 1.025652 3.377785 0.285912
v 1.095973 3.377785 0.285912
v 0.158368 3.377785 0.285912
v 0.181808 3.377785 0.285912
v 0.205248 3.377785 0.285912
v 0.228688 3.377785 0.285912
v 0.252129 3.377785 0.285912
v 0.275569 3.377785 0.285912
v 0.299009 3.377785 0.285912
v 0.322449 3.377785 0.285912
v 0.345889 3.377785 0.285912
v 0.369329 3.377785 0.285912
v 0.392769 3.377785 -0.233928
v 0.392769 3.377785 0.233928
v 0.413070 4.209182 0.285912
v 0.394799 3.405925 0.285912
v 0.463090 3.377785 0.233928
v 1.095973 3.377785 -0.233928
v 0.158889 4.209182 0.285912
v 0.369381 3.405925 0.285912
v 0.389682 4.237322 0.285912
v 0.364264 4.237322 0.285912
v 0.338846 4.237322 0.285912
v 0.313428 4.237322 0.285912
v 0.288010 4.237322 0.285912
v 0.262591 4.237322 0.285912
v 0.237173 4.237322 0.285912
v 0.211755 4.237322 0.285912
v 0.186337 4.237322 0.285912
v 0.160919 4.237322 0.285912
v 0.110083 4.237322 0.285912
v 0.084664 4.237322 0.285912
v 0.059246 4.237322 0.285912
v 0.033828 4.237322 0.285912
v 0.008410 4.237322 0.285912
v -0.017008 4.237322 0.285912
v -0.042426 4.237322 0.285912
v -0.067844 4.237322 0.285912
v -0.093263 4.237322 0.285912
v -0.118681 4.237322 0.285912
v 0.135449 4.209182 0.285912
v 0.134980 3.405925 0.285912
v 0.135501 4.237322 -0.233928
v 0.135501 4.237322 0.233928
v -0.099421 3.405925 0.285912
v 0.112009 4.209182 0.285912
v 0.110083 4.237322 0.233928
v -0.118681 4.237322 -0.233928
v -0.398280 4.237322 -0.285912
v -0.372862 4.237322 -0.285912
v -0.347444 4.237322 -0.285912
v -0.322026 4.237322 -0.285912
v -0.296608 4.237322 -0.285912
v -0.271190 4.237322 -0.285912
v -0.245771 4.237322 -0.285912
v -0.220353 4.237322 -0.285912
v -0.194935 4.237322 -0.285912
v -0.169517 4.237322 -0.285912
v -0.118681 4.237322 -0.285912
v -0.093263 4.237322 -0.285912
v -0.067844 4.237322 -0.285912
v -0.042426 4.237322 -0.285912
v -0.017008 4.237322 -0.285912
v 0.008410 4.237322 -0.285912
v 0.033828 4.237322 -0.285912
v 0.059246 4.237322 -0.285912
v 0.084664 4.237322 -0.285912
v 0.110083 4.237322 -0.285912
v -0.142173 4.209182 -0.285912
v -0.124839 3.405925 -0.285912
v -0.144099 4.237322 -0.233928
v -0.144099 4.237322 0.233928
v -0.165613 4.209182 -0.285912
v -0.359240 3.405925 -0.285912
v -0.451075 3.377785 -0.285912
v -0.521395 3.377785 -0.285912
v -0.591715 3.377785 -0.285912
v -0.662036 3.377785 -0.285912
v -0.732356 3.377785 -0.285912
v -0.802676 3.377785 -0.285912
v -0.872997 3.377785 -0.285912
v -0.943317 3.377785 -0.285912
v -1.013637 3.377785 -0.285912
v -1.083958 3.377785 -0.285912
v -0.146353 3.377785 -0.285912
v -0.169793 3.377785 -0.285912
v -0.193233 3.377785 -0.285912
v -0.216674 3.377785 -0.285912
v -0.240114 3.377785 -0.285912
v -0.263554 3.377785 -0.285912
v -0.286994 3.377785 -0.285912
v -0.310434 3.377785 -0.285912
v -0.333874 3.377785 -0.285912
v -0.357314 3.377785 -0.285912
v -0.380754 3.377785 -0.233928
v -0.380754 3.377785 0.233928
v -0.419794 4.209182 -0.285912
v -0.384658 3.405925 -0.285912
v -1.083958 3.377785 0.233928
v -0.451075 3.377785 -0.233928
v 0.369329 3.377785 -0.285912
v 0.345889 3.377785 -0.285912
v 0.322449 3.377785 -0.285912
v 0.299009 3.377785 -0.285912
v 0.275569 3.377785 -0.285912
v 0.252129 3.377785 -0.285912
v 0.228689 3.377785 -0.285912
v 0.205248 3.377785 -0.285912
v 0.181808 3.377785 -0.285912
v 0.158368 3.377785 -0.285912
v 0.111488 3.377785 -0.285912
v 0.088048 3.377785 -0.285912
v 0.064608 3.377785 -0.285912
v 0.041168 3.377785 -0.285912
v 0.017727 3.377785 -0.285912
v -0.005713 3.377785 -0.285912
v -0.029153 3.377785 -0.285912
v -0.052593 3.377785 -0.285912
v -0.076033 3.377785 -0.285912
v -0.099473 3.377785 -0.285912
v 0.135449 4.209182 -0.285912
v 0.134980 3.405925 -0.285912
v -1.154278 3.377785 -0.233928
v -1.154278 3.377785 -0.181944
v -1.154278 3.377785 -0.129960
v -1.154278 3.377785 -0.077976
v -1.154278 3.377785 -0.025992
v -1.154278 3.377785 0.025992
v -1.154278 3.377785 0.077976
v -1.154278 3.377785 0.129960
v -1.154278 3.377785 0.181944
v -1.154278 3.377785 0.233928
v -1.164116 3.455925 0.285912
v -1.173954 3.534065 0.285912
v -1.183792 3.612204 0.285912
v -1.193630 3.690344 0.285912
v -1.203468 3.768484 0.285912
v -1.213307 3.846623 0.285912
v -1.223145 3.924763 0.285912
v -1.232983 4.002903 0.285912
v -1.242821 4.081042 0.285912
v -1.252659 4.159182 0.285912
v -1.083958 3.377785 0.285912
v -1.013637 3.377785 0.285912
v -0.943317 3.377785 0.285912
v -0.872997 3.377785 0.285912
v -0.802676 3.377785 0.285912
v -0.732356 3.377785 0.285912
v -0.662036 3.377785 0.285912
v -0.591715 3.377785 0.285912
v -0.521395 3.377785 0.285912
v -0.451075 3.377785 0.285912
v -1.137862 3.405925 0.285912
v -0.490115 4.209182 0.285912
v -0.499953 4.237322 0.285912
v -0.576207 4.237322 0.285912
v -0.652462 4.237322 0.285912
v -0.728716 4.237322 0.285912
v -0.804970 4.237322 0.285912
v -0.881225 4.237322 0.285912
v -0.957479 4.237322 0.285912
v -1.033734 4.237322 0.285912
v -1.109988 4.237322 0.285912
v -1.186243 4.237322 0.285912
v -0.169517 4.237322 0.285912
v -0.194935 4.237322 0.285912
v -0.220353 4.237322 0.285912
v -0.245771 4.237322 0.285912
v -0.271190 4.237322 0.285912
v -0.296608 4.237322 0.285912
v -0.322026 4.237322 0.285912
v -0.347444 4.237322 0.285912
v -0.372862 4.237322 0.285912
v -0.398280 4.237322 0.285912
v -0.423698 4.237322 -0.233928
v -0.423698 4.237322 0.233928
v -0.419794 4.209182 0.285912
v -0.384658 3.405925 0.285912
v -0.499953 4.237322 0.233928
v -1.186243 4.237322 -0.233928
v -1.262497 4.237322 0.233928
v -1.262497 4.237322 0.181944
v -1.262497 4.237322 0.129960
v -1.262497 4.237322 0.077976
v -1.262497 4.237322 0.025992
v -1.262497 4.237322 -0.025992
v -1.262497 4.237322 -0.077976
v -1.262497 4.237322 -0.129960
v -1.262497 4.237322 -0.181944
v -1.262497 4.237322 -0.233928
v -1.252659 4.159182 -0.285912
v -1.242821 4.081042 -0.285912
v -1.232983 4.002903 -0.285912
v -1.223145 3.924763 -0.285912
v -1.213307 3.846623 -0.285912
v -1.203469 3.768484 -0.285912
v -1.193630 3.690344 -0.285912
v -1.183792 3.612204 -0.285912
v -1.173954 3.534064 -0.285912
v -1.164116 3.455925 -0.285912
v -1.186243 4.237322 -0.285912
v -1.109988 4.237322 -0.285912
v -1.033734 4.237322 -0.285912
v -0.957479 4.237322 -0.285912
v -0.881225 4.237322 -0.285912
v -0.804970 4.237322 -0.285912
v -0.728716 4.237322 -0.285912
v -0.652462 4.237322 -0.285912
v -0.576207 4.237322 -0.285912
v -0.499953 4.237322 -0.285912
v -1.164116 3.405925 -0.258928
v -1.252659 4.209182 0.258928
v -0.357314 3.377785 0.285912
v -0.333874 3.377785 0.285912
v -0.310434 3.377785 0.285912
v -0.286994 3.377785 0.285912
v -0.263554 3.377785 0.285912
v -0.240114 3.377785 0.285912
v -0.216674 3.377785 0.285912
v -0.193233 3.377785 0.285912
v -0.169793 3.377785 0.285912
v -0.146353 3.377785 0.285912
v -0.359240 3.405925 0.285912
v -0.165613 4.209182 0.285912
v -0.490115 4.209182 -0.285912
v -1.137862 3.405925 -0.285912
v 0.112009 4.209182 -0.285912
v -0.099421 3.405925 -0.285912
v -0.169517 4.237322 0.233928
v -0.398280 4.237322 -0.233928
v -0.099473 3.377785 0.285912
v -0.076033 3.377785 0.285912
v -0.052593 3.377785 0.285912
v -0.029153 3.377785 0.285912
v -0.005713 3.377785 0.285912
v 0.017727 3.377785 0.285912
v 0.041168 3.377785 0.285912
v 0.064608 3.377785 0.285912
v 0.088048 3.377785 0.285912
v 0.111488 3.377785 0.285912
v -0.142173 4.209182 0.285912
v -0.124839 3.405925 0.285912
v 0.160919 4.237322 -0.285912
v 0.186337 4.237322 -0.285912
v 0.211755 4.237322 -0.285912
v 0.237173 4.237322 -0.285912
v 0.262591 4.237322 -0.285912
v 0.288010 4.237322 -0.285912
v 0.313428 4.237322 -0.285912
v 0.338846 4.237322 -0.285912
v 0.364264 4.237322 -0.285912
v 0.389682 4.237322 -0.285912
v 0.369381 3.405925 -0.285912
v 0.158889 4.209182 -0.285912
v 0.389682 4.237322 0.233928
v 0.160919 4.237322 -0.233928
v 0.567609 4.237322 -0.285912
v 0.643864 4.237322 -0.285912
v 0.720118 4.237322 -0.285912
v 0.796373 4.237322 -0.285912
v 0.872627 4.237322 -0.285912
v 0.948881 4.237322 -0.285912
v 1.025136 4.237322 -0.285912
v 1.101390 4.237322 -0.285912
v 1.177644 4.237322 -0.285912
v 0.415100 4.237322 -0.233928
v 0.415100 4.237322 0.233928
v 0.413070 4.209182 -0.285912
v 0.394799 3.405925 -0.285912
v 1.148003 3.405925 -0.285912
v 1.177644 4.237322 0.233928
v 1.253899 4.237322 -0.233928
v 1.253899 4.237322 -0.181944
v 1.253899 4.237322 -0.129960
v 1.253899 4.237322 -0.077976
v 1.253899 4.237322 -0.025992
v 1.253899 4.237322 0.025992
v 1.253899 4.237322 0.077976
v 1.253899 4.237322 0.129960
v 1.253899 4.237322 0.181944
v 1.253899 4.237322 0.233928
v 1.245935 4.159182 0.285912
v 1.237971 4.081042 0.285912
v 1.230006 4.002903 0.285912
v 1.222042 3.924763 0.285912
v 1.214078 3.846623 0.285912
v 1.206114 3.768484 0.285912
v 1.198150 3.690344 0.285912
v 1.190186 3.612204 0.285912
v 1.182222 3.534065 0.285912
v 1.174258 3.455925 0.285912
v 1.177644 4.237322 0.285912
v 1.101390 4.237322 0.285912
v 1.025136 4.237322 0.285912
v 0.948881 4.237322 0.285912
v 0.872627 4.237322 0.285912
v 0.796373 4.237322 0.285912
v 0.720118 4.237322 0.285912
v 0.643864 4.237322 0.285912
v 0.567609 4.237322 0.285912
v 0.491355 4.237322 0.285912
v 1.245935 4.159182 -0.285912
v 1.237971 4.081042 -0.285912
v 1.230006 4.002903 -0.285912
v 1.222042 3.924763 -0.285912
v 1.214078 3.846623 -0.285912
v 1.206114 3.768484 -0.285912
v 1.198150 3.690344 -0.285912
v 1.190186 3.612204 -0.285912
v 1.182222 3.534064 -0.285912
v 1.174258 3.455925 -0.285912
v 1.174258 3.405925 0.258928
v 1.245935 4.209182 -0.258928
v 1.166293 3.377785 0.233928
v 1.166293 3.377785 0.181944
v 1.166293 3.377785 0.129960
v 1.166293 3.377785 0.077976
v 1.166293 3.377785 0.025992
v 1.166293 3.377785 -0.025992
v 1.166293 3.377785 -0.077976
v 1.166293 3.377785 -0.129960
v 1.166293 3.377785 -0.181944
v 1.166293 3.377785 -0.233928
v 1.095973 3.377785 -0.285912
v 1.025652 3.377785 -0.285912
v 0.955332 3.377785 -0.285912
v 0.885012 3.377785 -0.285912
v 0.814692 3.377785 -0.285912
v 0.744371 3.377785 -0.285912
v 0.674051 3.377785 -0.285912
v 0.603730 3.377785 -0.285912
v 0.533410 3.377785 -0.285912
v 0.463090 3.377785 -0.285912
v 0.483391 4.209182 0.285912
v 1.148003 3.405925 0.285912
v 1.174258 3.405925 -0.258928
v 1.182222 3.534064 -0.258928
v 1.174258 3.405925 -0.181944
v 1.190186 3.612204 -0.258928
v 1.174258 3.405925 -0.129960
v 1.198150 3.690344 -0.258928
v 1.174258 3.405925 -0.077976
v 1.206114 3.768484 -0.258928
v 1.174258 3.405925 -0.025992
v 1.214078 3.846623 -0.258928
v 1.174258 3.405925 0.025992
v 1.222042 3.924763 -0.258928
v 1.174258 3.405925 0.077976
v 1.230006 4.002903 -0.258928
v 1.174258 3.405925 0.129960
v 1.237971 4.081042 -0.258928
v 1.174258 3.405925 0.181944
v 0.559645 4.209182 0.285912
v 0.635899 4.209182 0.285912
v 0.712154 4.209182 0.285912
v 0.788408 4.209182 0.285912
v 0.864663 4.209182 0.285912
v 0.940917 4.209182 0.285912
v 1.017171 4.209182 0.285912
v 1.093426 4.209182 0.285912
v 1.155967 3.534065 0.285912
v 1.163931 3.612204 0.285912
v 1.171895 3.690344 0.285912
v 1.179859 3.768484 0.285912
v 1.187824 3.846623 0.285912
v 1.195788 3.924763 0.285912
v 1.203752 4.002903 0.285912
v 1.211716 4.081042 0.285912
v 1.219680 4.209182 0.285912
v 1.182222 3.534065 0.258928
v 1.190186 3.612204 0.258928
v 1.198150 3.690344 0.258928
v 1.206114 3.768484 0.258928
v 1.214078 3.846623 0.258928
v 1.222042 3.924763 0.258928
v 1.230006 4.002903 0.258928
v 1.237971 4.081042 0.258928
v 1.245935 4.209182 -0.181944
v 1.245935 4.209182 -0.129960
v 1.245935 4.209182 -0.077976
v 1.245935 4.209182 -0.025992
v 1.245935 4.209182 0.025992
v 1.245935 4.209182 0.077976
v 1.245935 4.209182 0.129960
v 1.245935 4.209182 0.181944
v 1.245935 4.209182 0.258928
v 0.465120 3.405925 -0.285912
v 0.535440 3.405925 -0.285912
v 0.605761 3.405925 -0.285912
v 0.676081 3.405925 -0.285912
v 0.746401 3.405925 -0.285912
v 0.816722 3.405925 -0.285912
v 0.887042 3.405925 -0.285912
v 0.957362 3.405925 -0.285912
v 1.027683 3.405925 -0.285912
v 1.101390 4.237322 0.233928
v 1.025136 4.237322 0.233928
v 0.948881 4.237322 0.233928
v 0.872627 4.237322 0.233928
v 0.796373 4.237322 0.233928
v 0.720118 4.237322 0.233928
v 0.643864 4.237322 0.233928
v 0.567609 4.237322 0.233928
v 0.491355 4.237322 0.233928
v 1.155967 3.534064 -0.285912
v 1.163931 3.612204 -0.285912
v 1.171895 3.690344 -0.285912
v 1.179859 3.768484 -0.285912
v 1.187824 3.846623 -0.285912
v 1.195788 3.924763 -0.285912
v 1.203752 4.002903 -0.285912
v 1.211716 4.081042 -0.285912
v 0.559645 4.209182 -0.285912
v 0.635899 4.209182 -0.285912
v 0.712154 4.209182 -0.285912
v 0.788408 4.209182 -0.285912
v 0.864663 4.209182 -0.285912
v 0.940917 4.209182 -0.285912
v 1.017171 4.209182 -0.285912
v 1.093426 4.209182 -0.285912
v 1.219680 4.209182 -0.285912
v 1.177644 4.237322 -0.233928
v 1.101390 4.237322 -0.233928
v 1.177644 4.237322 -0.181944
v 1.025136 4.237322 -0.233928
v 1.177644 4.237322 -0.129960
v 0.948881 4.237322 -0.233928
v 1.177644 4.237322 -0.077976
v 0.872627 4.237322 -0.233928
v 1.177644 4.237322 -0.025992
v 0.796373 4.237322 -0.233928
v 1.177644 4.237322 0.025992
v 0.720118 4.237322 -0.233928
v 1.177644 4.237322 0.077976
v 0.643864 4.237322 -0.233928
v 1.177644 4.237322 0.129960
v 0.567609 4.237322 -0.233928
v 1.177644 4.237322 0.181944
v 0.184307 4.209182 -0.285912
v 0.209725 4.209182 -0.285912
v 0.235143 4.209182 -0.285912
v 0.260561 4.209182 -0.285912
v 0.285980 4.209182 -0.285912
v 0.311398 4.209182 -0.285912
v 0.336816 4.209182 -0.285912
v 0.362234 4.209182 -0.285912
v 0.387652 4.209182 -0.285912
v 0.389682 4.237322 -0.233928
v 0.364264 4.237322 -0.233928
v 0.338846 4.237322 -0.233928
v 0.313428 4.237322 -0.233928
v 0.288010 4.237322 -0.233928
v 0.262591 4.237322 -0.233928
v 0.237173 4.237322 -0.233928
v 0.211755 4.237322 -0.233928
v 0.186337 4.237322 -0.233928
v -0.148279 3.405925 0.285912
v -0.171719 3.405925 0.285912
v -0.195159 3.405925 0.285912
v -0.218600 3.405925 0.285912
v -0.242040 3.405925 0.285912
v -0.265480 3.405925 0.285912
v -0.288920 3.405925 0.285912
v -0.312360 3.405925 0.285912
v -0.335800 3.405925 0.285912
v -0.566369 4.209182 -0.285912
v -0.642624 4.209182 -0.285912
v -0.718878 4.209182 -0.285912
v -0.795132 4.209182 -0.285912
v -0.871387 4.209182 -0.285912
v -0.947641 4.209182 -0.285912
v -1.023896 4.209182 -0.285912
v -1.100150 4.209182 -0.285912
v -1.147700 3.534064 -0.285912
v -1.157538 3.612204 -0.285912
v -1.167376 3.690344 -0.285912
v -1.177214 3.768484 -0.285912
v -1.187052 3.846623 -0.285912
v -1.196890 3.924763 -0.285912
v -1.206728 4.002903 -0.285912
v -1.216566 4.081042 -0.285912
v -1.226404 4.209182 -0.285912
v -1.173954 3.534064 -0.258928
v -1.183792 3.612204 -0.258928
v -1.193630 3.690344 -0.258928
v -1.203468 3.768484 -0.258928
v -1.213307 3.846623 -0.258928
v -1.223145 3.924763 -0.258928
v -1.232983 4.002903 -0.258928
v -1.242821 4.081042 -0.258928
v -1.252659 4.209182 0.181944
v -1.252659 4.209182 0.129960
v -1.252659 4.209182 0.077976
v -1.252659 4.209182 0.025992
v -1.252659 4.209182 -0.025992
v -1.252659 4.209182 -0.077976
v -1.252659 4.209182 -0.129960
v -1.252659 4.209182 -0.181944
v -1.252659 4.209182 -0.258928
v -0.499953 4.237322 -0.233928
v -0.576207 4.237322 -0.233928
v -0.652462 4.237322 -0.233928
v -0.728716 4.237322 -0.233928
v -0.804970 4.237322 -0.233928
v -0.881225 4.237322 -0.233928
v -0.957479 4.237322 -0.233928
v -1.033734 4.237322 -0.233928
v -1.109988 4.237322 -0.233928
v -0.191031 4.209182 0.285912
v -0.216449 4.209182 0.285912
v -0.241867 4.209182 0.285912
v -0.267286 4.209182 0.285912
v -0.292704 4.209182 0.285912
v -0.318122 4.209182 0.285912
v -0.343540 4.209182 0.285912
v -0.368958 4.209182 0.285912
v -0.394376 4.209182 0.285912
v -0.194935 4.237322 0.233928
v -0.220353 4.237322 0.233928
v -0.245771 4.237322 0.233928
v -0.271190 4.237322 0.233928
v -0.296608 4.237322 0.233928
v -0.322026 4.237322 0.233928
v -0.347444 4.237322 0.233928
v -0.372862 4.237322 0.233928
v -0.398280 4.237322 0.233928
v -0.576207 4.237322 0.233928
v -0.652462 4.237322 0.233928
v -0.728716 4.237322 0.233928
v -0.804970 4.237322 0.233928
v -0.881225 4.237322 0.233928
v -0.957479 4.237322 0.233928
v -1.033734 4.237322 0.233928
v -1.109988 4.237322 0.233928
v -1.186243 4.237322 -0.181944
v -1.186243 4.237322 -0.129960
v -1.186243 4.237322 -0.077976
v -1.186243 4.237322 -0.025992
v -1.186243 4.237322 0.025992
v -1.186243 4.237322 0.077976
v -1.186243 4.237322 0.129960
v -1.186243 4.237322 0.181944
v -1.186243 4.237322 0.233928
v -0.454979 3.405925 0.285912
v -0.525299 3.405925 0.285912
v -0.595619 3.405925 0.285912
v -0.665940 3.405925 0.285912
v -0.736260 3.405925 0.285912
v -0.806580 3.405925 0.285912
v -0.876901 3.405925 0.285912
v -0.947221 3.405925 0.285912
v -1.017542 3.405925 0.285912
v -1.147700 3.534065 0.285912
v -1.157538 3.612204 0.285912
v -1.167376 3.690344 0.285912
v -1.177214 3.768484 0.285912
v -1.187052 3.846623 0.285912
v -1.196890 3.924763 0.285912
v -1.206728 4.002903 0.285912
v -1.216566 4.081042 0.285912
v -0.566369 4.209182 0.285912
v -0.642624 4.209182 0.285912
v -0.718878 4.209182 0.285912
v -0.795132 4.209182 0.285912
v -0.871387 4.209182 0.285912
v -0.947641 4.209182 0.285912
v -1.023896 4.209182 0.285912
v -1.100150 4.209182 0.285912
v -1.226404 4.209182 0.285912
v -1.164116 3.405925 0.258928
v -1.173954 3.534065 0.258928
v -1.164116 3.405925 0.181944
v -1.183792 3.612204 0.258928
v -1.164116 3.405925 0.129960
v -1.193630 3.690344 0.258928
v -1.164116 3.405925 0.077976
v -1.203468 3.768484 0.258928
v -1.164116 3.405925 0.025992
v -1.213307 3.846623 0.258928
v -1.164116 3.405925 -0.025992
v -1.223145 3.924763 0.258928
v -1.164116 3.405925 -0.077976
v -1.232983 4.002903 0.258928
v -1.164116 3.405925 -0.129960
v -1.242821 4.081042 0.258928
v -1.164116 3.405925 -0.181944
v 0.111540 3.405925 -0.285912
v 0.088100 3.405925 -0.285912
v 0.064660 3.405925 -0.285912
v 0.041220 3.405925 -0.285912
v 0.017780 3.405925 -0.285912
v -0.005661 3.405925 -0.285912
v -0.029101 3.405925 -0.285912
v -0.052541 3.405925 -0.285912
v -0.075981 3.405925 -0.285912
v 0.158420 3.405925 -0.285912
v 0.181860 3.405925 -0.285912
v 0.205300 3.405925 -0.285912
v 0.228741 3.405925 -0.285912
v 0.252181 3.405925 -0.285912
v 0.275621 3.405925 -0.285912
v 0.299061 3.405925 -0.285912
v 0.322501 3.405925 -0.285912
v 0.345941 3.405925 -0.285912
v -1.013637 3.377785 0.233928
v -0.943317 3.377785 0.233928
v -0.872997 3.377785 0.233928
v -0.802676 3.377785 0.233928
v -0.732356 3.377785 0.233928
v -0.662036 3.377785 0.233928
v -0.591715 3.377785 0.233928
v -0.521395 3.377785 0.233928
v -0.451075 3.377785 0.233928
v -0.454979 3.405925 -0.285912
v -0.525299 3.405925 -0.285912
v -0.595619 3.405925 -0.285912
v -0.665940 3.405925 -0.285912
v -0.736260 3.405925 -0.285912
v -0.806580 3.405925 -0.285912
v -0.876901 3.405925 -0.285912
v -0.947221 3.405925 -0.285912
v -1.017542 3.405925 -0.285912
v -1.083958 3.377785 -0.233928
v -1.013637 3.377785 -0.233928
v -1.083958 3.377785 -0.181944
v -0.943317 3.377785 -0.233928
v -1.083958 3.377785 -0.129960
v -0.872997 3.377785 -0.233928
v -1.083958 3.377785 -0.077976
v -0.802676 3.377785 -0.233928
v -1.083958 3.377785 -0.025992
v -0.732356 3.377785 -0.233928
v -1.083958 3.377785 0.025992
v -0.662036 3.377785 -0.233928
v -1.083958 3.377785 0.077976
v -0.591715 3.377785 -0.233928
v -1.083958 3.377785 0.129960
v -0.521395 3.377785 -0.233928
v -1.083958 3.377785 0.181944
v -0.148279 3.405925 -0.285912
v -0.171719 3.405925 -0.285912
v -0.195159 3.405925 -0.285912
v -0.218600 3.405925 -0.285912
v -0.242040 3.405925 -0.285912
v -0.265480 3.405925 -0.285912
v -0.288920 3.405925 -0.285912
v -0.312360 3.405925 -0.285912
v -0.335800 3.405925 -0.285912
v 0.086590 4.209182 -0.285912
v 0.061172 4.209182 -0.285912
v 0.035754 4.209182 -0.285912
v 0.010336 4.209182 -0.285912
v -0.015082 4.209182 -0.285912
v -0.040500 4.209182 -0.285912
v -0.065918 4.209182 -0.285912
v -0.091337 4.209182 -0.285912
v -0.116755 4.209182 -0.285912
v -0.191031 4.209182 -0.285912
v -0.216449 4.209182 -0.285912
v -0.241867 4.209182 -0.285912
v -0.267286 4.209182 -0.285912
v -0.292704 4.209182 -0.285912
v -0.318122 4.209182 -0.285912
v -0.343540 4.209182 -0.285912
v -0.368958 4.209182 -0.285912
v -0.394376 4.209182 -0.285912
v -0.169517 4.237322 -0.233928
v -0.194935 4.237322 -0.233928
v -0.220353 4.237322 -0.233928
v -0.245771 4.237322 -0.233928
v -0.271190 4.237322 -0.233928
v -0.296608 4.237322 -0.233928
v -0.322026 4.237322 -0.233928
v -0.347444 4.237322 -0.233928
v -0.372862 4.237322 -0.233928
v 0.110083 4.237322 -0.233928
v 0.084664 4.237322 -0.233928
v 0.059246 4.237322 -0.233928
v 0.033828 4.237322 -0.233928
v 0.008410 4.237322 -0.233928
v -0.017008 4.237322 -0.233928
v -0.042426 4.237322 -0.233928
v -0.067844 4.237322 -0.233928
v -0.093263 4.237322 -0.233928
v 0.111540 3.405925 0.285912
v 0.088100 3.405925 0.285912
v 0.064660 3.405925 0.285912
v 0.041220 3.405925 0.285912
v 0.017780 3.405925 0.285912
v -0.005661 3.405925 0.285912
v -0.029101 3.405925 0.285912
v -0.052541 3.405925 0.285912
v -0.075981 3.405925 0.285912
v 0.084664 4.237322 0.233928
v 0.059246 4.237322 0.233928
v 0.033828 4.237322 0.233928
v 0.008410 4.237322 0.233928
v -0.017008 4.237322 0.233928
v -0.042426 4.237322 0.233928
v -0.067844 4.237322 0.233928
v -0.093263 4.237322 0.233928
v -0.118681 4.237322 0.233928
v 0.086590 4.209182 0.285912
v 0.061172 4.209182 0.285912
v 0.035754 4.209182 0.285912
v 0.010336 4.209182 0.285912
v -0.015082 4.209182 0.285912
v -0.040500 4.209182 0.285912
v -0.065918 4.209182 0.285912
v -0.091337 4.209182 0.285912
v -0.116755 4.209182 0.285912
v 0.364264 4.237322 0.233928
v 0.338846 4.237322 0.233928
v 0.313428 4.237322 0.233928
v 0.288010 4.237322 0.233928
v 0.262591 4.237322 0.233928
v 0.237173 4.237322 0.233928
v 0.211755 4.237322 0.233928
v 0.186337 4.237322 0.233928
v 0.160919 4.237322 0.233928
v 0.184307 4.209182 0.285912
v 0.209725 4.209182 0.285912
v 0.235143 4.209182 0.285912
v 0.260561 4.209182 0.285912
v 0.285980 4.209182 0.285912
v 0.311398 4.209182 0.285912
v 0.336816 4.209182 0.285912
v 0.362234 4.209182 0.285912
v 0.387652 4.209182 0.285912
v 0.463090 3.377785 -0.233928
v 0.533410 3.377785 -0.233928
v 0.603730 3.377785 -0.233928
v 0.674051 3.377785 -0.233928
v 0.744371 3.377785 -0.233928
v 0.814692 3.377785 -0.233928
v 0.885012 3.377785 -0.233928
v 0.955332 3.377785 -0.233928
v 1.025652 3.377785 -0.233928
v 0.158420 3.405925 0.285912
v 0.181860 3.405925 0.285912
v 0.205300 3.405925 0.285912
v 0.228741 3.405925 0.285912
v 0.252181 3.405925 0.285912
v 0.275621 3.405925 0.285912
v 0.299061 3.405925 0.285912
v 0.322501 3.405925 0.285912
v 0.345941 3.405925 0.285912
v 0.533410 3.377785 0.233928
v 0.603730 3.377785 0.233928
v 0.674051 3.377785 0.233928
v 0.744371 3.377785 0.233928
v 0.814692 3.377785 0.233928
v 0.885012 3.377785 0.233928
v 0.955332 3.377785 0.233928
v 1.025652 3.377785 0.233928
v 1.095973 3.377785 -0.181944
v 1.095973 3.377785 -0.129960
v 1.095973 3.377785 -0.077976
v 1.095973 3.377785 -0.025992
v 1.095973 3.377785 0.025992
v 1.095973 3.377785 0.077976
v 1.095973 3.377785 0.129960
v 1.095973 3.377785 0.181944
v 1.095973 3.377785 0.233928
v 0.465120 3.405925 0.285912
v 0.535440 3.405925 0.285912
v 0.605761 3.405925 0.285912
v 0.676081 3.405925 0.285912
v 0.746401 3.405925 0.285912
v 0.816721 3.405925 0.285912
v 0.887042 3.405925 0.285912
v 0.957362 3.405925 0.285912
v 1.027683 3.405925 0.285912
v -1.140671 3.394537 0.274823
v -1.247418 4.220737 0.274823
v -1.140671 3.394537 -0.274823
v -1.247418 4.220737 -0.274823
v 1.148351 3.394537 0.274823
v 1.234766 4.220737 0.274823
v 1.148351 3.394537 -0.274823
v 1.234766 4.220737 -0.274823
v 0.385344 3.394537 -0.274823
v -0.377663 3.394537 -0.274823
v -0.420024 4.220737 -0.274823
v 0.407371 4.220737 -0.274823
v -0.377663 3.394537 0.274823
v 0.385344 3.394537 0.274823
v 0.407371 4.220737 0.274823
v -0.420024 4.220737 0.274823
v 0.131008 3.394537 -0.274823
v -0.123328 3.394537 -0.274823
v -0.144225 4.220737 -0.274823
v 0.131573 4.220737 -0.274823
v -0.123328 3.394537 0.274823
v 0.131008 3.394537 0.274823
v 0.131573 4.220737 0.274823
v -0.144225 4.220737 0.274823
v -1.138576 3.860321 -0.313904
v -1.133326 3.862987 -0.313904
v -1.128162 3.865367 -0.313904
v -1.123101 3.867470 -0.313904
v -1.118159 3.869301 -0.313904
v -1.113352 3.870866 -0.313904
v -1.108696 3.872173 -0.313904
v -1.104209 3.873227 -0.313904
v -1.099905 3.874036 -0.313904
v -1.095803 3.874606 -0.313904
v -1.091917 3.874943 -0.313904
v -1.088264 3.875054 -0.313904
v -1.084532 3.874923 -0.313904
v -1.081045 3.874538 -0.313904
v -1.077820 3.873913 -0.313904
v -1.074872 3.873060 -0.313904
v -1.072215 3.871993 -0.313904
v -1.069864 3.870725 -0.313904
v -1.067833 3.869269 -0.313904
v -1.066139 3.867637 -0.313904
v -1.064795 3.865844 -0.313904
v -1.063817 3.863901 -0.313904
v -1.063219 3.861823 -0.313904
v -1.063017 3.859622 -0.313904
v -1.063288 3.857704 -0.313904
v -1.064124 3.855701 -0.313904
v -1.065551 3.853588 -0.313904
v -1.067597 3.851341 -0.313904
v -1.070291 3.848938 -0.313904
v -1.073661 3.846354 -0.313904
v -1.077736 3.843566 -0.313904
v -1.082543 3.840551 -0.313904
v -1.088110 3.837286 -0.313904
v -1.094467 3.833745 -0.313904
v -1.101641 3.829907 -0.313904
v -1.109661 3.825747 -0.313904
v -1.117163 3.821270 -0.313904
v -1.123858 3.817033 -0.313904
v -1.129773 3.812991 -0.313904
v -1.134940 3.809102 -0.313904
v -1.139388 3.805323 -0.313904
v -1.143146 3.801611 -0.313904
v -1.146245 3.797922 -0.313904
v -1.148713 3.794214 -0.313904
v -1.150582 3.790443 -0.313904
v -1.151879 3.786566 -0.313904
v -1.152636 3.782540 -0.313904
v -1.152882 3.778322 -0.313904
v -1.152330 3.771098 -0.313904
v -1.150716 3.764318 -0.313904
v -1.148101 3.758015 -0.313904
v -1.144545 3.752226 -0.313904
v -1.140110 3.746986 -0.313904
v -1.134855 3.742330 -0.313904
v -1.128843 3.738294 -0.313904
v -1.122134 3.734912 -0.313904
v -1.114789 3.732221 -0.313904
v -1.106870 3.730254 -0.313904
v -1.098435 3.729049 -0.313904
v -1.089548 3.728639 -0.313904
v -1.083764 3.728727 -0.313904
v -1.078155 3.728998 -0.313904
v -1.072678 3.729462 -0.313904
v -1.067296 3.730131 -0.313904
v -1.061967 3.731013 -0.313904
v -1.056651 3.732121 -0.313904
v -1.051309 3.733463 -0.313904
v -1.045899 3.735052 -0.313904
v -1.040383 3.736896 -0.313904
v -1.034720 3.739007 -0.313904
v -1.028869 3.741395 -0.313904
v -1.022791 3.744071 -0.313904
v -1.022791 3.780204 -0.313904
v -1.028949 3.776604 -0.313904
v -1.034999 3.773332 -0.313904
v -1.040925 3.770383 -0.313904
v -1.046708 3.767756 -0.313904
v -1.052330 3.765447 -0.313904
v -1.057774 3.763455 -0.313904
v -1.063022 3.761776 -0.313904
v -1.068056 3.760409 -0.313904
v -1.072859 3.759350 -0.313904
v -1.077412 3.758597 -0.313904
v -1.081697 3.758147 -0.313904
v -1.085697 3.757997 -0.313904
v -1.089489 3.758303 -0.313904
v -1.093138 3.758844 -0.313904
v -1.096609 3.759620 -0.313904
v -1.099866 3.760632 -0.313904
v -1.102874 3.761879 -0.313904
v -1.105596 3.763361 -0.313904
v -1.107997 3.765078 -0.313904
v -1.110041 3.767030 -0.313904
v -1.111694 3.769218 -0.313904
v -1.112918 3.771641 -0.313904
v -1.113679 3.774300 -0.313904
v -1.113940 3.777193 -0.313904
v -1.112172 3.782825 -0.313904
v -1.107283 3.788155 -0.313904
v -1.099899 3.793336 -0.313904
v -1.090642 3.798522 -0.313904
v -1.080137 3.803864 -0.313904
v -1.069007 3.809515 -0.313904
v -1.057878 3.815629 -0.313904
v -1.047373 3.822359 -0.313904
v -1.038116 3.829858 -0.313904
v -1.030732 3.838277 -0.313904
v -1.025843 3.847771 -0.313904
v -1.024075 3.858493 -0.313904
v -1.024585 3.865405 -0.313904
v -1.026092 3.871826 -0.313904
v -1.028555 3.877735 -0.313904
v -1.031936 3.883111 -0.313904
v -1.036197 3.887933 -0.313904
v -1.041299 3.892179 -0.313904
v -1.047203 3.895830 -0.313904
v -1.053871 3.898864 -0.313904
v -1.061265 3.901259 -0.313904
v -1.069344 3.902997 -0.313904
v -1.078072 3.904055 -0.313904
v -1.087408 3.904412 -0.313904
v -1.091911 3.904317 -0.313904
v -1.096437 3.904034 -0.313904
v -1.100989 3.903559 -0.313904
v -1.105572 3.902892 -0.313904
v -1.110191 3.902032 -0.313904
v -1.114849 3.900977 -0.313904
v -1.119553 3.899726 -0.313904
v -1.124305 3.898278 -0.313904
v -1.129112 3.896631 -0.313904
v -1.133976 3.894784 -0.313904
v -1.138902 3.892736 -0.313904
v -1.143895 3.890486 -0.313904
v -1.143895 3.857363 -0.313904
v -0.924795 4.001520 -0.313905
v -0.962453 4.001520 -0.313905
v -0.962453 3.957482 -0.313905
v -0.952611 3.905917 -0.313905
v -0.934638 3.905917 -0.313905
v -0.924795 3.957482 -0.313905
v -0.775876 3.732027 -0.313905
v -0.761994 3.732732 -0.313905
v -0.749055 3.734815 -0.313905
v -0.737108 3.738225 -0.313905
v -0.726204 3.742914 -0.313905
v -0.716394 3.748831 -0.313905
v -0.707728 3.755927 -0.313905
v -0.700256 3.764152 -0.313905
v -0.694030 3.773457 -0.313905
v -0.689100 3.783792 -0.313905
v -0.685515 3.795106 -0.313905
v -0.683328 3.807351 -0.313905
v -0.682587 3.820477 -0.313905
v -0.683403 3.832408 -0.313905
v -0.685795 3.843684 -0.313905
v -0.689681 3.854235 -0.313905
v -0.694981 3.863985 -0.313905
v -0.701612 3.872862 -0.313905
v -0.709493 3.880794 -0.313905
v -0.718542 3.887705 -0.313905
v -0.728677 3.893524 -0.313905
v -0.739816 3.898178 -0.313905
v -0.751878 3.901592 -0.313905
v -0.764781 3.903695 -0.313905
v -0.778443 3.904412 -0.313905
v -0.781637 3.904372 -0.313905
v -0.784811 3.904250 -0.313905
v -0.787978 3.904041 -0.313905
v -0.791154 3.903743 -0.313905
v -0.794354 3.903350 -0.313905
v -0.797593 3.902859 -0.313905
v -0.800885 3.902267 -0.313905
v -0.804246 3.901568 -0.313905
v -0.807690 3.900760 -0.313905
v -0.811231 3.899837 -0.313905
v -0.814886 3.898798 -0.313905
v -0.818669 3.897637 -0.313905
v -0.818669 3.988722 -0.313905
v -0.856755 3.988722 -0.313905
v -0.856755 3.732027 -0.313905
v -0.815518 3.868977 -0.313905
v -0.812472 3.869945 -0.313905
v -0.809509 3.870807 -0.313905
v -0.806608 3.871568 -0.313905
v -0.803748 3.872230 -0.313905
v -0.800910 3.872795 -0.313905
v -0.798071 3.873266 -0.313905
v -0.795212 3.873646 -0.313905
v -0.792311 3.873936 -0.313905
v -0.789348 3.874141 -0.313905
v -0.786301 3.874261 -0.313905
v -0.783150 3.874301 -0.313905
v -0.774207 3.873821 -0.313905
v -0.765807 3.872408 -0.313905
v -0.757996 3.870102 -0.313905
v -0.750818 3.866940 -0.313905
v -0.744317 3.862963 -0.313905
v -0.738539 3.858210 -0.313905
v -0.733527 3.852720 -0.313905
v -0.729326 3.846532 -0.313905
v -0.725982 3.839685 -0.313905
v -0.723538 3.832219 -0.313905
v -0.722038 3.824172 -0.313905
v -0.721529 3.815584 -0.313905
v -0.721841 3.807854 -0.313905
v -0.722811 3.800508 -0.313905
v -0.724491 3.793601 -0.313905
v -0.726933 3.787188 -0.313905
v -0.730190 3.781324 -0.313905
v -0.734313 3.776064 -0.313905
v -0.739354 3.771462 -0.313905
v -0.745366 3.767574 -0.313905
v -0.752400 3.764455 -0.313905
v -0.760508 3.762158 -0.313905
v -0.769742 3.760741 -0.313905
v -0.780155 3.760256 -0.313905
v -0.818669 3.760256 -0.313905
v -0.818669 3.867902 -0.313905
v -0.576461 3.732027 -0.313905
v -0.576461 3.988722 -0.313905
v -0.614546 3.988722 -0.313905
v -0.614546 3.732027 -0.313905
v -0.516221 3.739419 -0.313905
v -0.512416 3.737308 -0.313905
v -0.508935 3.735467 -0.313905
v -0.505725 3.733881 -0.313905
v -0.502736 3.732535 -0.313905
v -0.499915 3.731415 -0.313905
v -0.497209 3.730507 -0.313905
v -0.494567 3.729796 -0.313905
v -0.491938 3.729268 -0.313905
v -0.489268 3.728909 -0.313905
v -0.486506 3.728704 -0.313905
v -0.483600 3.728639 -0.313905
v -0.479587 3.728750 -0.313905
v -0.475887 3.729085 -0.313905
v -0.472494 3.729651 -0.313905
v -0.469399 3.730451 -0.313905
v -0.466595 3.731493 -0.313905
v -0.464076 3.732779 -0.313905
v -0.461832 3.734317 -0.313905
v -0.459858 3.736111 -0.313905
v -0.458145 3.738166 -0.313905
v -0.456686 3.740488 -0.313905
v -0.455474 3.743082 -0.313905
v -0.454501 3.745953 -0.313905
v -0.450311 3.743161 -0.313905
v -0.446088 3.740619 -0.313905
v -0.441836 3.738325 -0.313905
v -0.437558 3.736278 -0.313905
v -0.433255 3.734477 -0.313905
v -0.428932 3.732920 -0.313905
v -0.424590 3.731607 -0.313905
v -0.420234 3.730535 -0.313905
v -0.415866 3.729704 -0.313905
v -0.411490 3.729111 -0.313905
v -0.407107 3.728757 -0.313905
v -0.402721 3.728639 -0.313905
v -0.395862 3.729037 -0.313905
v -0.389427 3.730190 -0.313905
v -0.383451 3.732038 -0.313905
v -0.377964 3.734522 -0.313905
v -0.373001 3.737581 -0.313905
v -0.368594 3.741154 -0.313905
v -0.364775 3.745182 -0.313905
v -0.361576 3.749605 -0.313905
v -0.359032 3.754363 -0.313905
v -0.357174 3.759395 -0.313905
v -0.356036 3.764641 -0.313905
v -0.355649 3.770042 -0.313905
v -0.356349 3.777943 -0.313905
v -0.358359 3.784952 -0.313905
v -0.361546 3.791149 -0.313905
v -0.365776 3.796612 -0.313905
v -0.370916 3.801421 -0.313905
v -0.376831 3.805657 -0.313905
v -0.383388 3.809399 -0.313905
v -0.390454 3.812727 -0.313905
v -0.397894 3.815720 -0.313905
v -0.405574 3.818458 -0.313905
v -0.413361 3.821021 -0.313905
v -0.421122 3.823488 -0.313905
v -0.454928 3.834027 -0.313905
v -0.454928 3.843061 -0.313905
v -0.454688 3.848073 -0.313905
v -0.453966 3.852582 -0.313905
v -0.452762 3.856599 -0.313905
v -0.451077 3.860137 -0.313905
v -0.448911 3.863211 -0.313905
v -0.446263 3.865832 -0.313905
v -0.443134 3.868014 -0.313905
v -0.439523 3.869770 -0.313905
v -0.435431 3.871113 -0.313905
v -0.430857 3.872056 -0.313905
v -0.425803 3.872613 -0.313905
v -0.420266 3.872795 -0.313905
v -0.415017 3.872614 -0.313905
v -0.409762 3.872065 -0.313905
v -0.404513 3.871143 -0.313905
v -0.399282 3.869840 -0.313905
v -0.394080 3.868150 -0.313905
v -0.388920 3.866067 -0.313905
v -0.383814 3.863585 -0.313905
v -0.378773 3.860695 -0.313905
v -0.373809 3.857393 -0.313905
v -0.368934 3.853671 -0.313905
v -0.364161 3.849523 -0.313905
v -0.359500 3.844943 -0.313905
v -0.359500 3.881452 -0.313905
v -0.363370 3.885146 -0.313905
v -0.367492 3.888511 -0.313905
v -0.371870 3.891550 -0.313905
v -0.376506 3.894263 -0.313905
v -0.381404 3.896652 -0.313905
v -0.386567 3.898719 -0.313905
v -0.391997 3.900464 -0.313905
v -0.397697 3.901889 -0.313905
v -0.403671 3.902994 -0.313905
v -0.409921 3.903783 -0.313905
v -0.416450 3.904255 -0.313905
v -0.423262 3.904412 -0.313905
v -0.432815 3.904049 -0.313905
v -0.441950 3.902951 -0.313905
v -0.450589 3.901107 -0.313905
v -0.458653 3.898501 -0.313905
v -0.466063 3.895122 -0.313905
v -0.472741 3.890956 -0.313905
v -0.478608 3.885990 -0.313905
v -0.483584 3.880211 -0.313905
v -0.487592 3.873607 -0.313905
v -0.490552 3.866163 -0.313905
v -0.492386 3.857867 -0.313905
v -0.493014 3.848706 -0.313905
v -0.493014 3.761761 -0.313905
v -0.493068 3.760247 -0.313905
v -0.493226 3.758898 -0.313905
v -0.493489 3.757709 -0.313905
v -0.493854 3.756673 -0.313905
v -0.494321 3.755783 -0.313905
v -0.494886 3.755033 -0.313905
v -0.495550 3.754417 -0.313905
v -0.496311 3.753927 -0.313905
v -0.497166 3.753557 -0.313905
v -0.498116 3.753301 -0.313905
v -0.499157 3.753152 -0.313905
v -0.500289 3.753104 -0.313905
v -0.501330 3.753174 -0.313905
v -0.502522 3.753381 -0.313905
v -0.503853 3.753722 -0.313905
v -0.505313 3.754192 -0.313905
v -0.506893 3.754787 -0.313905
v -0.508580 3.755504 -0.313905
v -0.510366 3.756338 -0.313905
v -0.512239 3.757286 -0.313905
v -0.514190 3.758344 -0.313905
v -0.516208 3.759508 -0.313905
v -0.518282 3.760774 -0.313905
v -0.520402 3.762137 -0.313905
v -0.520402 3.741813 -0.313905
v -0.446901 3.813132 -0.313905
v -0.439135 3.810644 -0.313905
v -0.431713 3.808086 -0.313905
v -0.424720 3.805422 -0.313905
v -0.418238 3.802617 -0.313905
v -0.412349 3.799635 -0.313905
v -0.407139 3.796442 -0.313905
v -0.402689 3.793001 -0.313905
v -0.399084 3.789279 -0.313905
v -0.396405 3.785238 -0.313905
v -0.394737 3.780845 -0.313905
v -0.394162 3.776064 -0.313905
v -0.394399 3.772672 -0.313905
v -0.395092 3.769472 -0.313905
v -0.396215 3.766484 -0.313905
v -0.397744 3.763727 -0.313905
v -0.399654 3.761221 -0.313905
v -0.401919 3.758985 -0.313905
v -0.404513 3.757040 -0.313905
v -0.407413 3.755404 -0.313905
v -0.410591 3.754098 -0.313905
v -0.414024 3.753141 -0.313905
v -0.417685 3.752552 -0.313905
v -0.421550 3.752352 -0.313905
v -0.424528 3.752460 -0.313905
v -0.427470 3.752782 -0.313905
v -0.430376 3.753310 -0.313905
v -0.433247 3.754038 -0.313905
v -0.436082 3.754960 -0.313905
v -0.438881 3.756068 -0.313905
v -0.441645 3.757357 -0.313905
v -0.444373 3.758820 -0.313905
v -0.447065 3.760450 -0.313905
v -0.449722 3.762240 -0.313905
v -0.452343 3.764185 -0.313905
v -0.454928 3.766278 -0.313905
v -0.454928 3.815584 -0.313905
v -0.174207 3.878818 -0.313905
v -0.177983 3.882721 -0.313905
v -0.182020 3.886333 -0.313905
v -0.186296 3.889644 -0.313905
v -0.190785 3.892646 -0.313905
v -0.195464 3.895329 -0.313905
v -0.200310 3.897684 -0.313905
v -0.205299 3.899701 -0.313905
v -0.210406 3.901373 -0.313905
v -0.215609 3.902689 -0.313905
v -0.220883 3.903640 -0.313905
v -0.226204 3.904217 -0.313905
v -0.231549 3.904412 -0.313905
v -0.240479 3.903955 -0.313905
v -0.249029 3.902580 -0.313905
v -0.257125 3.900277 -0.313905
v -0.264690 3.897037 -0.313905
v -0.271649 3.892851 -0.313905
v -0.277926 3.887710 -0.313905
v -0.283445 3.881603 -0.313905
v -0.288131 3.874524 -0.313905
v -0.291907 3.866461 -0.313905
v -0.294699 3.857407 -0.313905
v -0.296429 3.847352 -0.313905
v -0.297022 3.836286 -0.313905
v -0.297022 3.732027 -0.313905
v -0.258937 3.732027 -0.313905
v -0.258937 3.836662 -0.313905
v -0.258637 3.842688 -0.313905
v -0.257752 3.848327 -0.313905
v -0.256302 3.853552 -0.313905
v -0.254309 3.858339 -0.313905
v -0.251792 3.862661 -0.313905
v -0.248773 3.866491 -0.313905
v -0.245273 3.869803 -0.313905
v -0.241312 3.872572 -0.313905
v -0.236912 3.874771 -0.313905
v -0.232092 3.876374 -0.313905
v -0.226874 3.877356 -0.313905
v -0.221279 3.877688 -0.313905
v -0.217173 3.877545 -0.313905
v -0.213182 3.877105 -0.313905
v -0.209277 3.876353 -0.313905
v -0.205430 3.875277 -0.313905
v -0.201612 3.873860 -0.313905
v -0.197796 3.872090 -0.313905
v -0.193954 3.869950 -0.313905
v -0.190056 3.867428 -0.313905
v -0.186075 3.864509 -0.313905
v -0.181983 3.861178 -0.313905
v -0.177751 3.857421 -0.313905
v -0.173351 3.853223 -0.313905
v -0.173351 3.732027 -0.313905
v -0.135265 3.732027 -0.313905
v -0.135265 3.901024 -0.313905
v -0.173351 3.901024 -0.313905
v -0.173351 3.878818 -0.313905
v -0.071490 3.805229 -0.313905
v -0.068936 3.793026 -0.313905
v -0.064777 3.781674 -0.313905
v -0.059094 3.771240 -0.313905
v -0.051966 3.761790 -0.313905
v -0.043474 3.753386 -0.313905
v -0.033699 3.746097 -0.313905
v -0.022720 3.739986 -0.313905
v -0.010617 3.735120 -0.313905
v 0.002528 3.731563 -0.313905
v 0.016637 3.729381 -0.313905
v 0.031628 3.728639 -0.313905
v 0.046029 3.729410 -0.313905
v 0.059645 3.731668 -0.313905
v 0.072388 3.735332 -0.313905
v 0.084168 3.740321 -0.313905
v 0.094896 3.746554 -0.313905
v 0.104483 3.753951 -0.313905
v 0.112839 3.762430 -0.313905
v 0.119876 3.771910 -0.313905
v 0.125505 3.782310 -0.313905
v 0.129635 3.793548 -0.313905
v 0.132179 3.805545 -0.313905
v 0.133047 3.818219 -0.313905
v 0.132147 3.830115 -0.313905
v 0.129517 3.841463 -0.313905
v 0.125264 3.852170 -0.313905
v 0.119496 3.862145 -0.313905
v 0.112319 3.871294 -0.313905
v 0.103841 3.879523 -0.313905
v 0.094168 3.886741 -0.313905
v 0.083407 3.892855 -0.313905
v 0.071666 3.897772 -0.313905
v 0.059051 3.901399 -0.313905
v 0.045669 3.903643 -0.313905
v 0.031628 3.904412 -0.313905
v 0.016906 3.903672 -0.313905
v 0.002974 3.901504 -0.313905
v -0.010076 3.897984 -0.313905
v -0.022149 3.893190 -0.313905
v -0.033153 3.887199 -0.313905
v -0.042993 3.880088 -0.313905
v -0.051576 3.871934 -0.313905
v -0.058808 3.862814 -0.313905
v -0.064596 3.852806 -0.313905
v -0.068847 3.841985 -0.313905
v -0.071466 3.830431 -0.313905
v -0.072359 3.818219 -0.313905
v 0.093587 3.809538 -0.313905
v 0.092065 3.801399 -0.313905
v 0.089585 3.793842 -0.313905
v 0.086197 3.786909 -0.313905
v 0.081946 3.780640 -0.313905
v 0.076881 3.775076 -0.313905
v 0.071050 3.770256 -0.313905
v 0.064499 3.766222 -0.313905
v 0.057277 3.763014 -0.313905
v 0.049430 3.760672 -0.313905
v 0.041007 3.759237 -0.313905
v 0.032055 3.758750 -0.313905
v 0.022317 3.759216 -0.313905
v 0.013238 3.760592 -0.313905
v 0.004855 3.762849 -0.313905
v -0.002797 3.765957 -0.313905
v -0.009683 3.769886 -0.313905
v -0.015766 3.774605 -0.313905
v -0.021011 3.780085 -0.313905
v -0.025382 3.786296 -0.313905
v -0.028844 3.793207 -0.313905
v -0.031361 3.800789 -0.313905
v -0.032898 3.809011 -0.313905
v -0.033418 3.817843 -0.313905
v -0.032857 3.825833 -0.313905
v -0.031213 3.833395 -0.313905
v -0.028543 3.840479 -0.313905
v -0.024907 3.847034 -0.313905
v -0.020361 3.853008 -0.313905
v -0.014963 3.858351 -0.313905
v -0.008772 3.863013 -0.313905
v -0.001846 3.866940 -0.313905
v 0.005758 3.870084 -0.313905
v 0.013981 3.872393 -0.313905
v 0.022767 3.873815 -0.313905
v 0.032055 3.874301 -0.313905
v 0.040828 3.873816 -0.313905
v 0.049133 3.872395 -0.313905
v 0.056916 3.870090 -0.313905
v 0.064119 3.866954 -0.313905
v 0.070686 3.863040 -0.313905
v 0.076560 3.858398 -0.313905
v 0.081686 3.853083 -0.313905
v 0.086006 3.847145 -0.313905
v 0.089465 3.840638 -0.313905
v 0.092005 3.833613 -0.313905
v 0.093571 3.826123 -0.313905
v 0.094105 3.818219 -0.313905
v 0.344872 3.988722 -0.313905
v 0.319162 3.987354 -0.313905
v 0.295922 3.983423 -0.313905
v 0.275106 3.977190 -0.313905
v 0.256671 3.968913 -0.313905
v 0.240572 3.958854 -0.313905
v 0.226763 3.947273 -0.313905
v 0.215202 3.934429 -0.313905
v 0.205842 3.920583 -0.313905
v 0.198640 3.905994 -0.313905
v 0.193551 3.890923 -0.313905
v 0.190531 3.875630 -0.313905
v 0.189534 3.860374 -0.313905
v 0.190743 3.844012 -0.313905
v 0.194322 3.827996 -0.313905
v 0.200199 3.812532 -0.313905
v 0.208299 3.797825 -0.313905
v 0.218552 3.784079 -0.313905
v 0.230882 3.771500 -0.313905
v 0.245219 3.760294 -0.313905
v 0.261489 3.750665 -0.313905
v 0.279620 3.742818 -0.313905
v 0.299537 3.736960 -0.313905
v 0.321170 3.733294 -0.313905
v 0.344444 3.732027 -0.313905
v 0.458274 3.732027 -0.313905
v 0.458274 3.988722 -0.313905
v 0.349579 3.765149 -0.313905
v 0.327324 3.766418 -0.313905
v 0.307939 3.770007 -0.313905
v 0.291247 3.775582 -0.313905
v 0.277069 3.782811 -0.313905
v 0.265227 3.791363 -0.313905
v 0.255542 3.800905 -0.313905
v 0.247836 3.811107 -0.313905
v 0.241931 3.821635 -0.313905
v 0.237649 3.832157 -0.313905
v 0.234811 3.842343 -0.313905
v 0.233239 3.851859 -0.313905
v 0.232755 3.860374 -0.313905
v 0.233534 3.873080 -0.313905
v 0.235891 3.885333 -0.313905
v 0.239849 3.897007 -0.313905
v 0.245434 3.907980 -0.313905
v 0.252671 3.918128 -0.313905
v 0.261586 3.927324 -0.313905
v 0.272204 3.935447 -0.313905
v 0.284550 3.942371 -0.313905
v 0.298649 3.947973 -0.313905
v 0.314527 3.952127 -0.313905
v 0.332208 3.954711 -0.313905
v 0.351719 3.955600 -0.313905
v 0.416336 3.955600 -0.313905
v 0.416336 3.765149 -0.313905
v 0.593845 3.860001 -0.313905
v 0.598885 3.862657 -0.313905
v 0.603687 3.864974 -0.313905
v 0.608284 3.866968 -0.313905
v 0.612708 3.868660 -0.313905
v 0.616992 3.870066 -0.313905
v 0.621170 3.871207 -0.313905
v 0.625274 3.872098 -0.313905
v 0.629336 3.872760 -0.313905
v 0.633389 3.873210 -0.313905
v 0.637465 3.873466 -0.313905
v 0.641599 3.873548 -0.313905
v 0.650034 3.873076 -0.313905
v 0.657977 3.871689 -0.313905
v 0.665382 3.869425 -0.313905
v 0.672204 3.866327 -0.313905
v 0.678395 3.862434 -0.313905
v 0.683910 3.857787 -0.313905
v 0.688703 3.852426 -0.313905
v 0.692728 3.846392 -0.313905
v 0.695939 3.839726 -0.313905
v 0.698289 3.832468 -0.313905
v 0.699733 3.824658 -0.313905
v 0.700225 3.816337 -0.313905
v 0.699697 3.807880 -0.313905
v 0.698141 3.800029 -0.313905
v 0.695598 3.792807 -0.313905
v 0.692110 3.786240 -0.313905
v 0.687719 3.780353 -0.313905
v 0.682466 3.775170 -0.313905
v 0.676393 3.770716 -0.313905
v 0.669541 3.767017 -0.313905
v 0.661952 3.764096 -0.313905
v 0.653668 3.761979 -0.313905
v 0.644730 3.760691 -0.313905
v 0.635180 3.760256 -0.313905
v 0.631129 3.760334 -0.313905
v 0.627098 3.760569 -0.313905
v 0.623070 3.760961 -0.313905
v 0.619029 3.761510 -0.313905
v 0.614958 3.762216 -0.313905
v 0.610841 3.763078 -0.313905
v 0.606662 3.764098 -0.313905
v 0.602403 3.765274 -0.313905
v 0.598050 3.766607 -0.313905
v 0.593585 3.768097 -0.313905
v 0.588993 3.769744 -0.313905
v 0.584256 3.771547 -0.313905
v 0.584256 3.738425 -0.313905
v 0.587697 3.737126 -0.313905
v 0.591565 3.735871 -0.313905
v 0.595803 3.734673 -0.313905
v 0.600359 3.733546 -0.313905
v 0.605176 3.732503 -0.313905
v 0.610199 3.731556 -0.313905
v 0.615374 3.730719 -0.313905
v 0.620646 3.730005 -0.313905
v 0.625959 3.729427 -0.313905
v 0.631259 3.728998 -0.313905
v 0.636490 3.728731 -0.313905
v 0.641599 3.728639 -0.313905
v 0.655564 3.729357 -0.313905
v 0.668736 3.731462 -0.313905
v 0.681035 3.734885 -0.313905
v 0.692380 3.739554 -0.313905
v 0.702690 3.745400 -0.313905
v 0.711886 3.752352 -0.313905
v 0.719887 3.760338 -0.313905
v 0.726614 3.769289 -0.313905
v 0.731985 3.779134 -0.313905
v 0.735921 3.789802 -0.313905
v 0.738342 3.801223 -0.313905
v 0.739166 3.813326 -0.313905
v 0.738409 3.826820 -0.313905
v 0.736171 3.839415 -0.313905
v 0.732507 3.851059 -0.313905
v 0.727470 3.861699 -0.313905
v 0.721113 3.871283 -0.313905
v 0.713491 3.879758 -0.313905
v 0.704656 3.887074 -0.313905
v 0.694662 3.893176 -0.313905
v 0.683563 3.898013 -0.313905
v 0.671411 3.901533 -0.313905
v 0.658261 3.903683 -0.313905
v 0.644166 3.904412 -0.313905
v 0.638748 3.904319 -0.313905
v 0.633597 3.904044 -0.313905
v 0.628674 3.903594 -0.313905
v 0.623943 3.902976 -0.313905
v 0.619366 3.902195 -0.313905
v 0.614907 3.901259 -0.313905
v 0.610527 3.900175 -0.313905
v 0.606191 3.898947 -0.313905
v 0.601861 3.897584 -0.313905
v 0.597500 3.896091 -0.313905
v 0.593070 3.894476 -0.313905
v 0.588535 3.892744 -0.313905
v 0.588535 3.856987 -0.313905
v 0.850856 3.732027 -0.313905
v 0.850856 3.931888 -0.313905
v 0.851712 3.931888 -0.313905
v 0.941577 3.832522 -0.313905
v 0.948424 3.832522 -0.313905
v 1.038290 3.931888 -0.313905
v 1.039145 3.931888 -0.313905
v 1.039145 3.732027 -0.313905
v 1.081082 3.732027 -0.313905
v 1.081082 3.988722 -0.313905
v 1.041713 3.988722 -0.313905
v 0.945001 3.883334 -0.313905
v 0.847861 3.988722 -0.313905
v 0.808919 3.988722 -0.313905
v 0.808919 3.732027 -0.313905
v -1.138576 3.860321 -0.193461
v -1.133326 3.862987 -0.193461
v -1.128162 3.865367 -0.193461
v -1.123101 3.867470 -0.193461
v -1.118159 3.869301 -0.193461
v -1.113352 3.870866 -0.193461
v -1.108696 3.872173 -0.193461
v -1.104209 3.873227 -0.193461
v -1.099905 3.874036 -0.193461
v -1.095803 3.874606 -0.193461
v -1.091917 3.874943 -0.193461
v -1.088264 3.875054 -0.193461
v -1.084532 3.874923 -0.193461
v -1.081045 3.874538 -0.193461
v -1.077820 3.873913 -0.193461
v -1.074872 3.873060 -0.193461
v -1.072215 3.871993 -0.193461
v -1.069864 3.870725 -0.193461
v -1.067833 3.869269 -0.193461
v -1.066139 3.867637 -0.193461
v -1.064795 3.865844 -0.193461
v -1.063817 3.863901 -0.193461
v -1.063219 3.861823 -0.193461
v -1.063017 3.859622 -0.193461
v -1.063288 3.857704 -0.193461
v -1.064124 3.855701 -0.193461
v -1.065551 3.853588 -0.193461
v -1.067597 3.851341 -0.193461
v -1.070291 3.848938 -0.193461
v -1.073661 3.846354 -0.193461
v -1.077736 3.843566 -0.193461
v -1.082543 3.840551 -0.193461
v -1.088110 3.837286 -0.193461
v -1.094467 3.833745 -0.193461
v -1.101641 3.829907 -0.193461
v -1.109661 3.825747 -0.193461
v -1.117163 3.821270 -0.193461
v -1.123858 3.817033 -0.193461
v -1.129773 3.812991 -0.193461
v -1.134940 3.809102 -0.193461
v -1.139388 3.805323 -0.193461
v -1.143146 3.801611 -0.193461
v -1.146245 3.797922 -0.193461
v -1.148713 3.794214 -0.193461
v -1.150582 3.790443 -0.193461
v -1.151879 3.786566 -0.193461
v -1.152636 3.782540 -0.193461
v -1.152882 3.778322 -0.193461
v -1.152330 3.771098 -0.193461
v -1.150716 3.764318 -0.193461
v -1.148101 3.758015 -0.193461
v -1.144545 3.752226 -0.193461
v -1.140110 3.746986 -0.193461
v -1.134855 3.742330 -0.193461
v -1.128843 3.738294 -0.193461
v -1.122134 3.734912 -0.193461
v -1.114789 3.732221 -0.193461
v -1.106870 3.730254 -0.193461
v -1.098435 3.729049 -0.193461
v -1.089548 3.728639 -0.193461
v -1.083764 3.728727 -0.193461
v -1.078155 3.728998 -0.193461
v -1.072678 3.729462 -0.193461
v -1.067296 3.730131 -0.193461
v -1.061967 3.731013 -0.193461
v -1.056651 3.732121 -0.193461
v -1.051309 3.733463 -0.193461
v -1.045899 3.735052 -0.193461
v -1.040383 3.736896 -0.193461
v -1.034720 3.739007 -0.193461
v -1.028869 3.741395 -0.193461
v -1.022791 3.744071 -0.193461
v -1.022791 3.780204 -0.193461
v -1.028949 3.776604 -0.193461
v -1.034999 3.773332 -0.193461
v -1.040925 3.770383 -0.193461
v -1.046708 3.767756 -0.193461
v -1.052330 3.765447 -0.193461
v -1.057774 3.763455 -0.193461
v -1.063022 3.761776 -0.193461
v -1.068056 3.760409 -0.193461
v -1.072859 3.759350 -0.193461
v -1.077412 3.758597 -0.193461
v -1.081697 3.758147 -0.193461
v -1.085697 3.757997 -0.193461
v -1.089489 3.758303 -0.193461
v -1.093138 3.758844 -0.193461
v -1.096609 3.759620 -0.193461
v -1.099866 3.760632 -0.193461
v -1.102874 3.761879 -0.193461
v -1.105596 3.763361 -0.193461
v -1.107997 3.765078 -0.193461
v -1.110041 3.767030 -0.193461
v -1.111694 3.769218 -0.193461
v -1.112918 3.771641 -0.193461
v -1.113679 3.774300 -0.193461
v -1.113940 3.777193 -0.193461
v -1.112172 3.782825 -0.193461
v -1.107283 3.788155 -0.193461
v -1.099899 3.793336 -0.193461
v -1.090642 3.798522 -0.193461
v -1.080137 3.803864 -0.193461
v -1.069007 3.809515 -0.193461
v -1.057878 3.815629 -0.193461
v -1.047373 3.822359 -0.193461
v -1.038116 3.829858 -0.193461
v -1.030732 3.838277 -0.193461
v -1.025843 3.847771 -0.193461
v -1.024075 3.858493 -0.193461
v -1.024585 3.865405 -0.193461
v -1.026092 3.871826 -0.193461
v -1.028555 3.877735 -0.193461
v -1.031936 3.883111 -0.193461
v -1.036197 3.887933 -0.193461
v -1.041299 3.892179 -0.193461
v -1.047203 3.895830 -0.193461
v -1.053871 3.898864 -0.193461
v -1.061265 3.901259 -0.193461
v -1.069344 3.902997 -0.193461
v -1.078072 3.904054 -0.193461
v -1.087408 3.904412 -0.193461
v -1.091911 3.904317 -0.193461
v -1.096437 3.904034 -0.193461
v -1.100989 3.903559 -0.193461
v -1.105572 3.902892 -0.193461
v -1.110191 3.902032 -0.193461
v -1.114849 3.900977 -0.193461
v -1.119553 3.899726 -0.193461
v -1.124305 3.898278 -0.193461
v -1.129112 3.896631 -0.193461
v -1.133976 3.894784 -0.193461
v -1.138902 3.892736 -0.193461
v -1.143895 3.890486 -0.193461
v -1.143895 3.857363 -0.193461
v -0.924795 4.001520 -0.193461
v -0.962453 4.001520 -0.193461
v -0.962453 3.957482 -0.193461
v -0.952611 3.905917 -0.193461
v -0.934638 3.905917 -0.193461
v -0.924795 3.957482 -0.193461
v -0.775876 3.732027 -0.193461
v -0.761994 3.732732 -0.193461
v -0.749055 3.734815 -0.193461
v -0.737108 3.738225 -0.193461
v -0.726204 3.742914 -0.193461
v -0.716394 3.748831 -0.193461
v -0.707728 3.755927 -0.193461
v -0.700256 3.764152 -0.193461
v -0.694030 3.773457 -0.193461
v -0.689100 3.783792 -0.193461
v -0.685515 3.795106 -0.193461
v -0.683328 3.807351 -0.193461
v -0.682587 3.820477 -0.193461
v -0.683403 3.832408 -0.193461
v -0.685795 3.843684 -0.193461
v -0.689681 3.854235 -0.193461
v -0.694981 3.863985 -0.193461
v -0.701612 3.872862 -0.193461
v -0.709493 3.880794 -0.193461
v -0.718542 3.887705 -0.193461
v -0.728677 3.893524 -0.193461
v -0.739816 3.898178 -0.193461
v -0.751878 3.901592 -0.193461
v -0.764781 3.903695 -0.193461
v -0.778443 3.904412 -0.193461
v -0.781637 3.904372 -0.193461
v -0.784811 3.904250 -0.193461
v -0.787978 3.904041 -0.193461
v -0.791154 3.903743 -0.193461
v -0.794354 3.903350 -0.193461
v -0.797593 3.902859 -0.193461
v -0.800885 3.902267 -0.193461
v -0.804246 3.901568 -0.193461
v -0.807690 3.900760 -0.193461
v -0.811231 3.899837 -0.193461
v -0.814886 3.898798 -0.193461
v -0.818669 3.897637 -0.193461
v -0.818669 3.988722 -0.193461
v -0.856755 3.988722 -0.193461
v -0.856755 3.732027 -0.193461
v -0.815518 3.868977 -0.193461
v -0.812472 3.869945 -0.193461
v -0.809509 3.870807 -0.193461
v -0.806608 3.871568 -0.193461
v -0.803748 3.872230 -0.193461
v -0.800910 3.872795 -0.193461
v -0.798071 3.873266 -0.193461
v -0.795212 3.873646 -0.193461
v -0.792311 3.873936 -0.193461
v -0.789348 3.874141 -0.193461
v -0.786301 3.874261 -0.193461
v -0.783150 3.874301 -0.193461
v -0.774207 3.873821 -0.193461
v -0.765807 3.872408 -0.193461
v -0.757996 3.870102 -0.193461
v -0.750818 3.866940 -0.193461
v -0.744317 3.862963 -0.193461
v -0.738539 3.858210 -0.193461
v -0.733527 3.852720 -0.193461
v -0.729326 3.846532 -0.193461
v -0.725982 3.839685 -0.193461
v -0.723538 3.832219 -0.193461
v -0.722038 3.824172 -0.193461
v -0.721529 3.815584 -0.193461
v -0.721841 3.807854 -0.193461
v -0.722811 3.800508 -0.193461
v -0.724491 3.793601 -0.193461
v -0.726933 3.787188 -0.193461
v -0.730190 3.781324 -0.193461
v -0.734313 3.776064 -0.193461
v -0.739354 3.771462 -0.193461
v -0.745366 3.767574 -0.193461
v -0.752400 3.764455 -0.193461
v -0.760508 3.762158 -0.193461
v -0.769742 3.760741 -0.193461
v -0.780155 3.760256 -0.193461
v -0.818669 3.760256 -0.193461
v -0.818669 3.867902 -0.193461
v -0.576461 3.732027 -0.193461
v -0.576461 3.988722 -0.193461
v -0.614546 3.988722 -0.193461
v -0.614546 3.732027 -0.193461
v -0.516221 3.739419 -0.193461
v -0.512416 3.737308 -0.193461
v -0.508935 3.735467 -0.193461
v -0.505725 3.733881 -0.193461
v -0.502736 3.732535 -0.193461
v -0.499915 3.731415 -0.193461
v -0.497209 3.730507 -0.193461
v -0.494567 3.729796 -0.193461
v -0.491938 3.729268 -0.193461
v -0.489268 3.728909 -0.193461
v -0.486506 3.728704 -0.193461
v -0.483600 3.728639 -0.193461
v -0.479587 3.728750 -0.193461
v -0.475887 3.729085 -0.193461
v -0.472494 3.729651 -0.193461
v -0.469399 3.730451 -0.193461
v -0.466595 3.731493 -0.193461
v -0.464076 3.732779 -0.193461
v -0.461832 3.734317 -0.193461
v -0.459858 3.736111 -0.193461
v -0.458145 3.738166 -0.193461
v -0.456686 3.740488 -0.193461
v -0.455474 3.743082 -0.193461
v -0.454501 3.745953 -0.193461
v -0.450311 3.743161 -0.193461
v -0.446088 3.740619 -0.193461
v -0.441836 3.738325 -0.193461
v -0.437558 3.736278 -0.193461
v -0.433255 3.734477 -0.193461
v -0.428932 3.732920 -0.193461
v -0.424590 3.731607 -0.193461
v -0.420234 3.730535 -0.193461
v -0.415866 3.729704 -0.193461
v -0.411490 3.729111 -0.193461
v -0.407107 3.728757 -0.193461
v -0.402721 3.728639 -0.193461
v -0.395862 3.729037 -0.193461
v -0.389427 3.730190 -0.193461
v -0.383451 3.732038 -0.193461
v -0.377964 3.734522 -0.193461
v -0.373001 3.737581 -0.193461
v -0.368594 3.741154 -0.193461
v -0.364775 3.745182 -0.193461
v -0.361576 3.749605 -0.193461
v -0.359032 3.754363 -0.193461
v -0.357174 3.759395 -0.193461
v -0.356036 3.764641 -0.193461
v -0.355649 3.770042 -0.193461
v -0.356349 3.777943 -0.193461
v -0.358359 3.784952 -0.193461
v -0.361546 3.791149 -0.193461
v -0.365776 3.796612 -0.193461
v -0.370916 3.801421 -0.193461
v -0.376831 3.805657 -0.193461
v -0.383388 3.809399 -0.193461
v -0.390454 3.812727 -0.193461
v -0.397894 3.815720 -0.193461
v -0.405574 3.818458 -0.193461
v -0.413361 3.821021 -0.193461
v -0.421122 3.823488 -0.193461
v -0.454928 3.834027 -0.193461
v -0.454928 3.843061 -0.193461
v -0.454688 3.848073 -0.193461
v -0.453966 3.852582 -0.193461
v -0.452762 3.856599 -0.193461
v -0.451077 3.860137 -0.193461
v -0.448911 3.863211 -0.193461
v -0.446263 3.865832 -0.193461
v -0.443134 3.868014 -0.193461
v -0.439523 3.869770 -0.193461
v -0.435431 3.871113 -0.193461
v -0.430857 3.872056 -0.193461
v -0.425803 3.872613 -0.193461
v -0.420266 3.872795 -0.193461
v -0.415017 3.872614 -0.193461
v -0.409762 3.872065 -0.193461
v -0.404513 3.871143 -0.193461
v -0.399282 3.869840 -0.193461
v -0.394080 3.868150 -0.193461
v -0.388920 3.866067 -0.193461
v -0.383814 3.863585 -0.193461
v -0.378773 3.860695 -0.193461
v -0.373809 3.857393 -0.193461
v -0.368934 3.853671 -0.193461
v -0.364161 3.849523 -0.193461
v -0.359500 3.844943 -0.193461
v -0.359500 3.881452 -0.193461
v -0.363370 3.885146 -0.193461
v -0.367492 3.888511 -0.193461
v -0.371870 3.891550 -0.193461
v -0.376506 3.894263 -0.193461
v -0.381404 3.896652 -0.193461
v -0.386567 3.898719 -0.193461
v -0.391997 3.900464 -0.193461
v -0.397697 3.901889 -0.193461
v -0.403671 3.902994 -0.193461
v -0.409921 3.903783 -0.193461
v -0.416450 3.904255 -0.193461
v -0.423262 3.904412 -0.193461
v -0.432815 3.904049 -0.193461
v -0.441950 3.902951 -0.193461
v -0.450589 3.901107 -0.193461
v -0.458653 3.898501 -0.193461
v -0.466063 3.895122 -0.193461
v -0.472741 3.890956 -0.193461
v -0.478608 3.885990 -0.193461
v -0.483584 3.880211 -0.193461
v -0.487592 3.873607 -0.193461
v -0.490552 3.866163 -0.193461
v -0.492386 3.857867 -0.193461
v -0.493014 3.848706 -0.193461
v -0.493014 3.761761 -0.193461
v -0.493068 3.760247 -0.193461
v -0.493226 3.758898 -0.193461
v -0.493489 3.757709 -0.193461
v -0.493854 3.756673 -0.193461
v -0.494321 3.755783 -0.193461
v -0.494886 3.755033 -0.193461
v -0.495550 3.754417 -0.193461
v -0.496311 3.753927 -0.193461
v -0.497166 3.753557 -0.193461
v -0.498116 3.753301 -0.193461
v -0.499157 3.753152 -0.193461
v -0.500289 3.753104 -0.193461
v -0.501330 3.753174 -0.193461
v -0.502522 3.753381 -0.193461
v -0.503853 3.753722 -0.193461
v -0.505313 3.754192 -0.193461
v -0.506893 3.754787 -0.193461
v -0.508580 3.755504 -0.193461
v -0.510366 3.756338 -0.193461
v -0.512239 3.757286 -0.193461
v -0.514190 3.758344 -0.193461
v -0.516208 3.759508 -0.193461
v -0.518282 3.760774 -0.193461
v -0.520402 3.762138 -0.193461
v -0.520402 3.741813 -0.193461
v -0.446901 3.813132 -0.193461
v -0.439135 3.810644 -0.193461
v -0.431713 3.808086 -0.193461
v -0.424720 3.805422 -0.193461
v -0.418238 3.802617 -0.193461
v -0.412349 3.799635 -0.193461
v -0.407139 3.796442 -0.193461
v -0.402689 3.793001 -0.193461
v -0.399084 3.789279 -0.193461
v -0.396405 3.785238 -0.193461
v -0.394737 3.780845 -0.193461
v -0.394162 3.776064 -0.193461
v -0.394399 3.772672 -0.193461
v -0.395092 3.769472 -0.193461
v -0.396215 3.766484 -0.193461
v -0.397744 3.763727 -0.193461
v -0.399654 3.761221 -0.193461
v -0.401919 3.758985 -0.193461
v -0.404513 3.757040 -0.193461
v -0.407413 3.755404 -0.193461
v -0.410591 3.754098 -0.193461
v -0.414024 3.753141 -0.193461
v -0.417685 3.752552 -0.193461
v -0.421550 3.752352 -0.193461
v -0.424528 3.752460 -0.193461
v -0.427470 3.752782 -0.193461
v -0.430376 3.753310 -0.193461
v -0.433247 3.754038 -0.193461
v -0.436082 3.754960 -0.193461
v -0.438881 3.756068 -0.193461
v -0.441645 3.757357 -0.193461
v -0.444373 3.758820 -0.193461
v -0.447065 3.760450 -0.193461
v -0.449722 3.762240 -0.193461
v -0.452343 3.764185 -0.193461
v -0.454928 3.766278 -0.193461
v -0.454928 3.815584 -0.193461
v -0.174207 3.878817 -0.193461
v -0.177983 3.882721 -0.193461
v -0.182020 3.886333 -0.193461
v -0.186296 3.889644 -0.193461
v -0.190785 3.892646 -0.193461
v -0.195464 3.895329 -0.193461
v -0.200310 3.897684 -0.193461
v -0.205299 3.899701 -0.193461
v -0.210406 3.901373 -0.193461
v -0.215609 3.902689 -0.193461
v -0.220883 3.903640 -0.193461
v -0.226204 3.904217 -0.193461
v -0.231549 3.904412 -0.193461
v -0.240479 3.903955 -0.193461
v -0.249029 3.902580 -0.193461
v -0.257125 3.900277 -0.193461
v -0.264690 3.897037 -0.193461
v -0.271649 3.892851 -0.193461
v -0.277926 3.887710 -0.193461
v -0.283445 3.881603 -0.193461
v -0.288131 3.874524 -0.193461
v -0.291907 3.866461 -0.193461
v -0.294699 3.857407 -0.193461
v -0.296429 3.847352 -0.193461
v -0.297022 3.836286 -0.193461
v -0.297022 3.732027 -0.193461
v -0.258937 3.732027 -0.193461
v -0.258937 3.836662 -0.193461
v -0.258637 3.842688 -0.193461
v -0.257752 3.848327 -0.193461
v -0.256302 3.853552 -0.193461
v -0.254309 3.858339 -0.193461
v -0.251792 3.862661 -0.193461
v -0.248773 3.866491 -0.193461
v -0.245273 3.869803 -0.193461
v -0.241312 3.872572 -0.193461
v -0.236912 3.874771 -0.193461
v -0.232092 3.876374 -0.193461
v -0.226874 3.877355 -0.193461
v -0.221279 3.877688 -0.193461
v -0.217173 3.877545 -0.193461
v -0.213182 3.877105 -0.193461
v -0.209277 3.876353 -0.193461
v -0.205430 3.875277 -0.193461
v -0.201612 3.873860 -0.193461
v -0.197796 3.872090 -0.193461
v -0.193954 3.869950 -0.193461
v -0.190056 3.867428 -0.193461
v -0.186075 3.864509 -0.193461
v -0.181983 3.861178 -0.193461
v -0.177751 3.857421 -0.193461
v -0.173351 3.853223 -0.193461
v -0.173351 3.732027 -0.193461
v -0.135265 3.732027 -0.193461
v -0.135265 3.901024 -0.193461
v -0.173351 3.901024 -0.193461
v -0.173351 3.878817 -0.193461
v -0.071490 3.805229 -0.193461
v -0.068936 3.793026 -0.193461
v -0.064777 3.781674 -0.193461
v -0.059094 3.771240 -0.193461
v -0.051966 3.761790 -0.193461
v -0.043474 3.753386 -0.193461
v -0.033699 3.746097 -0.193461
v -0.022720 3.739986 -0.193461
v -0.010617 3.735120 -0.193461
v 0.002528 3.731563 -0.193461
v 0.016637 3.729381 -0.193461
v 0.031628 3.728639 -0.193461
v 0.046029 3.729410 -0.193461
v 0.059645 3.731668 -0.193461
v 0.072388 3.735332 -0.193461
v 0.084168 3.740321 -0.193461
v 0.094896 3.746555 -0.193461
v 0.104483 3.753951 -0.193461
v 0.112839 3.762430 -0.193461
v 0.119876 3.771910 -0.193461
v 0.125505 3.782310 -0.193461
v 0.129635 3.793548 -0.193461
v 0.132179 3.805545 -0.193461
v 0.133047 3.818219 -0.193461
v 0.132147 3.830115 -0.193461
v 0.129517 3.841463 -0.193461
v 0.125264 3.852170 -0.193461
v 0.119496 3.862145 -0.193461
v 0.112319 3.871293 -0.193461
v 0.103841 3.879523 -0.193461
v 0.094168 3.886741 -0.193461
v 0.083407 3.892855 -0.193461
v 0.071666 3.897772 -0.193461
v 0.059051 3.901399 -0.193461
v 0.045669 3.903643 -0.193461
v 0.031628 3.904412 -0.193461
v 0.016906 3.903672 -0.193461
v 0.002974 3.901504 -0.193461
v -0.010076 3.897984 -0.193461
v -0.022149 3.893190 -0.193461
v -0.033153 3.887199 -0.193461
v -0.042993 3.880088 -0.193461
v -0.051576 3.871934 -0.193461
v -0.058808 3.862814 -0.193461
v -0.064596 3.852806 -0.193461
v -0.068847 3.841985 -0.193461
v -0.071466 3.830431 -0.193461
v -0.072359 3.818219 -0.193461
v 0.093587 3.809538 -0.193461
v 0.092065 3.801399 -0.193461
v 0.089585 3.793842 -0.193461
v 0.086197 3.786909 -0.193461
v 0.081946 3.780640 -0.193461
v 0.076881 3.775076 -0.193461
v 0.071050 3.770256 -0.193461
v 0.064499 3.766222 -0.193461
v 0.057277 3.763014 -0.193461
v 0.049430 3.760672 -0.193461
v 0.041007 3.759237 -0.193461
v 0.032055 3.758750 -0.193461
v 0.022317 3.759216 -0.193461
v 0.013238 3.760592 -0.193461
v 0.004855 3.762849 -0.193461
v -0.002797 3.765957 -0.193461
v -0.009683 3.769886 -0.193461
v -0.015766 3.774605 -0.193461
v -0.021011 3.780085 -0.193461
v -0.025382 3.786296 -0.193461
v -0.028844 3.793207 -0.193461
v -0.031361 3.800789 -0.193461
v -0.032898 3.809011 -0.193461
v -0.033418 3.817843 -0.193461
v -0.032857 3.825833 -0.193461
v -0.031213 3.833395 -0.193461
v -0.028543 3.840479 -0.193461
v -0.024907 3.847034 -0.193461
v -0.020361 3.853008 -0.193461
v -0.014963 3.858351 -0.193461
v -0.008772 3.863013 -0.193461
v -0.001846 3.866940 -0.193461
v 0.005758 3.870084 -0.193461
v 0.013981 3.872393 -0.193461
v 0.022767 3.873815 -0.193461
v 0.032055 3.874301 -0.193461
v 0.040828 3.873816 -0.193461
v 0.049133 3.872395 -0.193461
v 0.056916 3.870090 -0.193461
v 0.064119 3.866954 -0.193461
v 0.070686 3.863040 -0.193461
v 0.076560 3.858398 -0.193461
v 0.081686 3.853083 -0.193461
v 0.086006 3.847145 -0.193461
v 0.089465 3.840638 -0.193461
v 0.092005 3.833613 -0.193461
v 0.093571 3.826123 -0.193461
v 0.094105 3.818219 -0.193461
v 0.344872 3.988722 -0.193461
v 0.319162 3.987354 -0.193461
v 0.295922 3.983423 -0.193461
v 0.275106 3.977190 -0.193461
v 0.256671 3.968913 -0.193461
v 0.240572 3.958854 -0.193461
v 0.226763 3.947273 -0.193461
v 0.215202 3.934429 -0.193461
v 0.205842 3.920583 -0.193461
v 0.198640 3.905994 -0.193461
v 0.193551 3.890923 -0.193461
v 0.190531 3.875630 -0.193461
v 0.189534 3.860374 -0.193461
v 0.190743 3.844012 -0.193461
v 0.194322 3.827996 -0.193461
v 0.200199 3.812532 -0.193461
v 0.208299 3.797825 -0.193461
v 0.218552 3.784079 -0.193461
v 0.230882 3.771500 -0.193461
v 0.245219 3.760294 -0.193461
v 0.261489 3.750665 -0.193461
v 0.279620 3.742818 -0.193461
v 0.299537 3.736960 -0.193461
v 0.321170 3.733294 -0.193461
v 0.344444 3.732027 -0.193461
v 0.458274 3.732027 -0.193461
v 0.458274 3.988722 -0.193461
v 0.349579 3.765149 -0.193461
v 0.327324 3.766418 -0.193461
v 0.307939 3.770007 -0.193461
v 0.291247 3.775582 -0.193461
v 0.277069 3.782811 -0.193461
v 0.265227 3.791363 -0.193461
v 0.255542 3.800905 -0.193461
v 0.247836 3.811107 -0.193461
v 0.241931 3.821635 -0.193461
v 0.237649 3.832157 -0.193461
v 0.234811 3.842343 -0.193461
v 0.233239 3.851859 -0.193461
v 0.232755 3.860374 -0.193461
v 0.233534 3.873080 -0.193461
v 0.235891 3.885333 -0.193461
v 0.239849 3.897007 -0.193461
v 0.245434 3.907980 -0.193461
v 0.252671 3.918127 -0.193461
v 0.261586 3.927324 -0.193461
v 0.272204 3.935447 -0.193461
v 0.284550 3.942371 -0.193461
v 0.298649 3.947973 -0.193461
v 0.314527 3.952127 -0.193461
v 0.332208 3.954711 -0.193461
v 0.351719 3.955600 -0.193461
v 0.416336 3.955600 -0.193461
v 0.416336 3.765149 -0.193461
v 0.593845 3.860001 -0.193461
v 0.598885 3.862657 -0.193461
v 0.603687 3.864974 -0.193461
v 0.608284 3.866968 -0.193461
v 0.612708 3.868660 -0.193461
v 0.616992 3.870066 -0.193461
v 0.621170 3.871207 -0.193461
v 0.625274 3.872098 -0.193461
v 0.629336 3.872760 -0.193461
v 0.633389 3.873210 -0.193461
v 0.637465 3.873466 -0.193461
v 0.641599 3.873548 -0.193461
v 0.650034 3.873076 -0.193461
v 0.657977 3.871689 -0.193461
v 0.665382 3.869425 -0.193461
v 0.672204 3.866327 -0.193461
v 0.678395 3.862434 -0.193461
v 0.683910 3.857787 -0.193461
v 0.688703 3.852426 -0.193461
v 0.692728 3.846392 -0.193461
v 0.695939 3.839726 -0.193461
v 0.698289 3.832468 -0.193461
v 0.699733 3.824658 -0.193461
v 0.700225 3.816337 -0.193461
v 0.699697 3.807880 -0.193461
v 0.698141 3.800029 -0.193461
v 0.695598 3.792807 -0.193461
v 0.692110 3.786240 -0.193461
v 0.687719 3.780353 -0.193461
v 0.682466 3.775170 -0.193461
v 0.676393 3.770716 -0.193461
v 0.669541 3.767017 -0.193461
v 0.661952 3.764096 -0.193461
v 0.653668 3.761979 -0.193461
v 0.644730 3.760691 -0.193461
v 0.635180 3.760256 -0.193461
v 0.631129 3.760334 -0.193461
v 0.627098 3.760569 -0.193461
v 0.623070 3.760961 -0.193461
v 0.619029 3.761510 -0.193461
v 0.614958 3.762216 -0.193461
v 0.610841 3.763078 -0.193461
v 0.606662 3.764098 -0.193461
v 0.602403 3.765274 -0.193461
v 0.598050 3.766607 -0.193461
v 0.593585 3.768097 -0.193461
v 0.588993 3.769744 -0.193461
v 0.584256 3.771547 -0.193461
v 0.584256 3.738425 -0.193461
v 0.587697 3.737126 -0.193461
v 0.591565 3.735871 -0.193461
v 0.595803 3.734673 -0.193461
v 0.600359 3.733546 -0.193461
v 0.605176 3.732503 -0.193461
v 0.610199 3.731556 -0.193461
v 0.615374 3.730719 -0.193461
v 0.620646 3.730005 -0.193461
v 0.625959 3.729427 -0.193461
v 0.631259 3.728998 -0.193461
v 0.636490 3.728731 -0.193461
v 0.641599 3.728639 -0.193461
v 0.655564 3.729357 -0.193461
v 0.668736 3.731462 -0.193461
v 0.681035 3.734885 -0.193461
v 0.692380 3.739554 -0.193461
v 0.702690 3.745400 -0.193461
v 0.711886 3.752352 -0.193461
v 0.719887 3.760338 -0.193461
v 0.726614 3.769289 -0.193461
v 0.731985 3.779134 -0.193461
v 0.735921 3.789802 -0.193461
v 0.738342 3.801223 -0.193461
v 0.739167 3.813326 -0.193461
v 0.738409 3.826820 -0.193461
v 0.736171 3.839415 -0.193461
v 0.732507 3.851059 -0.193461
v 0.727470 3.861699 -0.193461
v 0.721113 3.871283 -0.193461
v 0.713491 3.879758 -0.193461
v 0.704656 3.887074 -0.193461
v 0.694662 3.893176 -0.193461
v 0.683563 3.898013 -0.193461
v 0.671411 3.901533 -0.193461
v 0.658261 3.903683 -0.193461
v 0.644166 3.904412 -0.193461
v 0.638748 3.904319 -0.193461
v 0.633597 3.904044 -0.193461
v 0.628674 3.903594 -0.193461
v 0.623943 3.902976 -0.193461
v 0.619366 3.902195 -0.193461
v 0.614907 3.901259 -0.193461
v 0.610527 3.900175 -0.193461
v 0.606191 3.898947 -0.193461
v 0.601861 3.897584 -0.193461
v 0.597500 3.896091 -0.193461
v 0.593070 3.894476 -0.193461
v 0.588535 3.892744 -0.193461
v 0.588535 3.856987 -0.193461
v 0.850856 3.732027 -0.193461
v 0.850856 3.931888 -0.193461
v 0.851712 3.931888 -0.193461
v 0.941577 3.832522 -0.193461
v 0.948424 3.832522 -0.193461
v 1.038290 3.931888 -0.193461
v 1.039145 3.931888 -0.193461
v 1.039145 3.732027 -0.193461
v 1.081082 3.732027 -0.193461
v 1.081082 3.988722 -0.193461
v 1.041713 3.988722 -0.193461
v 0.945001 3.883334 -0.193461
v 0.847861 3.988722 -0.193461
v 0.808919 3.988722 -0.193461
v 0.808919 3.732027 -0.193461
v 0.850856 3.732027 -0.193461
v 0.850856 3.732027 -0.313905
v 0.850856 3.931888 -0.193461
v 0.850856 3.931888 -0.313905
v 0.851712 3.931888 -0.193461
v 0.851712 3.931888 -0.313905
v 0.941577 3.832522 -0.193461
v 0.941577 3.832522 -0.313905
v 0.948424 3.832522 -0.193461
v 0.948424 3.832522 -0.313905
v 1.038290 3.931888 -0.193461
v 1.038290 3.931888 -0.313905
v 1.039145 3.931888 -0.193461
v 1.039145 3.931888 -0.313905
v 1.039145 3.732027 -0.193461
v 1.039145 3.732027 -0.313905
v 1.081082 3.732027 -0.193461
v 1.081082 3.732027 -0.313905
v 1.081082 3.988722 -0.193461
v 1.081082 3.988722 -0.313905
v 1.041713 3.988722 -0.193461
v 1.041713 3.988722 -0.313905
v 0.945001 3.883334 -0.193461
v 0.945001 3.883334 -0.313905
v 0.847861 3.988722 -0.193461
v 0.847861 3.988722 -0.313905
v 0.808919 3.988722 -0.193461
v 0.808919 3.988722 -0.313905
v 0.808919 3.732027 -0.193461
v 0.808919 3.732027 -0.313905
v 0.593845 3.860001 -0.193461
v 0.593845 3.860001 -0.313905
v 0.598885 3.862657 -0.193461
v 0.598885 3.862657 -0.313905
v 0.603687 3.864974 -0.193461
v 0.603687 3.864974 -0.313905
v 0.608284 3.866968 -0.193461
v 0.608284 3.866968 -0.313905
v 0.612708 3.868660 -0.193461
v 0.612708 3.868660 -0.313905
v 0.616992 3.870066 -0.193461
v 0.616992 3.870066 -0.313905
v 0.621170 3.871207 -0.193461
v 0.621170 3.871207 -0.313905
v 0.625274 3.872098 -0.193461
v 0.625274 3.872098 -0.313905
v 0.629336 3.872760 -0.193461
v 0.629336 3.872760 -0.313905
v 0.633389 3.873210 -0.193461
v 0.633389 3.873210 -0.313905
v 0.637465 3.873466 -0.193461
v 0.637465 3.873466 -0.313905
v 0.641599 3.873548 -0.193461
v 0.641599 3.873548 -0.313905
v 0.650034 3.873076 -0.193461
v 0.650034 3.873076 -0.313905
v 0.657977 3.871689 -0.193461
v 0.657977 3.871689 -0.313905
v 0.665382 3.869425 -0.193461
v 0.665382 3.869425 -0.313905
v 0.672204 3.866327 -0.193461
v 0.672204 3.866327 -0.313905
v 0.678395 3.862434 -0.193461
v 0.678395 3.862434 -0.313905
v 0.683910 3.857787 -0.193461
v 0.683910 3.857787 -0.313905
v 0.688703 3.852426 -0.193461
v 0.688703 3.852426 -0.313905
v 0.692728 3.846392 -0.193461
v 0.692728 3.846392 -0.313905
v 0.695939 3.839726 -0.193461
v 0.695939 3.839726 -0.313905
v 0.698289 3.832468 -0.193461
v 0.698289 3.832468 -0.313905
v 0.699733 3.824658 -0.193461
v 0.699733 3.824658 -0.313905
v 0.700225 3.816337 -0.193461
v 0.700225 3.816337 -0.313905
v 0.699697 3.807880 -0.193461
v 0.699697 3.807880 -0.313905
v 0.698141 3.800029 -0.193461
v 0.698141 3.800029 -0.313905
v 0.695598 3.792807 -0.193461
v 0.695598 3.792807 -0.313905
v 0.692110 3.786240 -0.193461
v 0.692110 3.786240 -0.313905
v 0.687719 3.780353 -0.193461
v 0.687719 3.780353 -0.313905
v 0.682466 3.775170 -0.193461
v 0.682466 3.775170 -0.313905
v 0.676393 3.770716 -0.193461
v 0.676393 3.770716 -0.313905
v 0.669541 3.767017 -0.193461
v 0.669541 3.767017 -0.313905
v 0.661952 3.764096 -0.193461
v 0.661952 3.764096 -0.313905
v 0.653668 3.761979 -0.193461
v 0.653668 3.761979 -0.313905
v 0.644730 3.760691 -0.193461
v 0.644730 3.760691 -0.313905
v 0.635180 3.760256 -0.193461
v 0.635180 3.760256 -0.313905
v 0.631129 3.760334 -0.193461
v 0.631129 3.760334 -0.313905
v 0.627098 3.760569 -0.193461
v 0.627098 3.760569 -0.313905
v 0.623070 3.760961 -0.193461
v 0.623070 3.760961 -0.313905
v 0.619029 3.761510 -0.193461
v 0.619029 3.761510 -0.313905
v 0.614958 3.762216 -0.193461
v 0.614958 3.762216 -0.313905
v 0.610841 3.763078 -0.193461
v 0.610841 3.763078 -0.313905
v 0.606662 3.764098 -0.193461
v 0.606662 3.764098 -0.313905
v 0.602403 3.765274 -0.193461
v 0.602403 3.765274 -0.313905
v 0.598050 3.766607 -0.193461
v 0.598050 3.766607 -0.313905
v 0.593585 3.768097 -0.193461
v 0.593585 3.768097 -0.313905
v 0.588993 3.769744 -0.193461
v 0.588993 3.769744 -0.313905
v 0.584256 3.771547 -0.193461
v 0.584256 3.771547 -0.313905
v 0.584256 3.738425 -0.193461
v 0.584256 3.738425 -0.313905
v 0.587697 3.737126 -0.193461
v 0.587697 3.737126 -0.313905
v 0.591565 3.735871 -0.193461
v 0.591565 3.735871 -0.313905
v 0.595803 3.734673 -0.193461
v 0.595803 3.734673 -0.313905
v 0.600359 3.733546 -0.193461
v 0.600359 3.733546 -0.313905
v 0.605176 3.732503 -0.193461
v 0.605176 3.732503 -0.313905
v 0.610199 3.731556 -0.193461
v 0.610199 3.731556 -0.313905
v 0.615374 3.730719 -0.193461
v 0.615374 3.730719 -0.313905
v 0.620646 3.730005 -0.193461
v 0.620646 3.730005 -0.313905
v 0.625959 3.729427 -0.193461
v 0.625959 3.729427 -0.313905
v 0.631259 3.728998 -0.193461
v 0.631259 3.728998 -0.313905
v 0.636490 3.728731 -0.193461
v 0.636490 3.728731 -0.313905
v 0.641599 3.728639 -0.193461
v 0.641599 3.728639 -0.313905
v 0.655564 3.729357 -0.193461
v 0.655564 3.729357 -0.313905
v 0.668736 3.731462 -0.193461
v 0.668736 3.731462 -0.313905
v 0.681035 3.734885 -0.193461
v 0.681035 3.734885 -0.313905
v 0.692380 3.739554 -0.193461
v 0.692380 3.739554 -0.313905
v 0.702690 3.745400 -0.193461
v 0.702690 3.745400 -0.313905
v 0.711886 3.752352 -0.193461
v 0.711886 3.752352 -0.313905
v 0.719887 3.760338 -0.193461
v 0.719887 3.760338 -0.313905
v 0.726614 3.769289 -0.193461
v 0.726614 3.769289 -0.313905
v 0.731985 3.779134 -0.193461
v 0.731985 3.779134 -0.313905
v 0.735921 3.789802 -0.193461
v 0.735921 3.789802 -0.313905
v 0.738342 3.801223 -0.193461
v 0.738342 3.801223 -0.313905
v 0.739167 3.813326 -0.193461
v 0.739166 3.813326 -0.313905
v 0.738409 3.826820 -0.193461
v 0.738409 3.826820 -0.313905
v 0.736171 3.839415 -0.193461
v 0.736171 3.839415 -0.313905
v 0.732507 3.851059 -0.193461
v 0.732507 3.851059 -0.313905
v 0.727470 3.861699 -0.193461
v 0.727470 3.861699 -0.313905
v 0.721113 3.871283 -0.193461
v 0.721113 3.871283 -0.313905
v 0.713491 3.879758 -0.193461
v 0.713491 3.879758 -0.313905
v 0.704656 3.887074 -0.193461
v 0.704656 3.887074 -0.313905
v 0.694662 3.893176 -0.193461
v 0.694662 3.893176 -0.313905
v 0.683563 3.898013 -0.193461
v 0.683563 3.898013 -0.313905
v 0.671411 3.901533 -0.193461
v 0.671411 3.901533 -0.313905
v 0.658261 3.903683 -0.193461
v 0.658261 3.903683 -0.313905
v 0.644166 3.904412 -0.193461
v 0.644166 3.904412 -0.313905
v 0.638748 3.904319 -0.193461
v 0.638748 3.904319 -0.313905
v 0.633597 3.904044 -0.193461
v 0.633597 3.904044 -0.313905
v 0.628674 3.903594 -0.193461
v 0.628674 3.903594 -0.313905
v 0.623943 3.902976 -0.193461
v 0.623943 3.902976 -0.313905
v 0.619366 3.902195 -0.193461
v 0.619366 3.902195 -0.313905
v 0.614907 3.901259 -0.193461
v 0.614907 3.901259 -0.313905
v 0.610527 3.900175 -0.193461
v 0.610527 3.900175 -0.313905
v 0.606191 3.898947 -0.193461
v 0.606191 3.898947 -0.313905
v 0.601861 3.897584 -0.193461
v 0.601861 3.897584 -0.313905
v 0.597500 3.896091 -0.193461
v 0.597500 3.896091 -0.313905
v 0.593070 3.894476 -0.193461
v 0.593070 3.894476 -0.313905
v 0.588535 3.892744 -0.193461
v 0.588535 3.892744 -0.313905
v 0.588535 3.856987 -0.193461
v 0.588535 3.856987 -0.313905
v 0.344872 3.988722 -0.193461
v 0.344872 3.988722 -0.313905
v 0.319162 3.987354 -0.193461
v 0.319162 3.987354 -0.313905
v 0.295922 3.983423 -0.193461
v 0.295922 3.983423 -0.313905
v 0.275106 3.977190 -0.193461
v 0.275106 3.977190 -0.313905
v 0.256671 3.968913 -0.193461
v 0.256671 3.968913 -0.313905
v 0.240572 3.958854 -0.193461
v 0.240572 3.958854 -0.313905
v 0.226763 3.947273 -0.193461
v 0.226763 3.947273 -0.313905
v 0.215202 3.934429 -0.193461
v 0.215202 3.934429 -0.313905
v 0.205842 3.920583 -0.193461
v 0.205842 3.920583 -0.313905
v 0.198640 3.905994 -0.193461
v 0.198640 3.905994 -0.313905
v 0.193551 3.890923 -0.193461
v 0.193551 3.890923 -0.313905
v 0.190531 3.875630 -0.193461
v 0.190531 3.875630 -0.313905
v 0.189534 3.860374 -0.193461
v 0.189534 3.860374 -0.313905
v 0.190743 3.844012 -0.193461
v 0.190743 3.844012 -0.313905
v 0.194322 3.827996 -0.193461
v 0.194322 3.827996 -0.313905
v 0.200199 3.812532 -0.193461
v 0.200199 3.812532 -0.313905
v 0.208299 3.797825 -0.193461
v 0.208299 3.797825 -0.313905
v 0.218552 3.784079 -0.193461
v 0.218552 3.784079 -0.313905
v 0.230882 3.771500 -0.193461
v 0.230882 3.771500 -0.313905
v 0.245219 3.760294 -0.193461
v 0.245219 3.760294 -0.313905
v 0.261489 3.750665 -0.193461
v 0.261489 3.750665 -0.313905
v 0.279620 3.742818 -0.193461
v 0.279620 3.742818 -0.313905
v 0.299537 3.736960 -0.193461
v 0.299537 3.736960 -0.313905
v 0.321170 3.733294 -0.193461
v 0.321170 3.733294 -0.313905
v 0.344444 3.732027 -0.193461
v 0.344444 3.732027 -0.313905
v 0.458274 3.732027 -0.193461
v 0.458274 3.732027 -0.313905
v 0.458274 3.988722 -0.193461
v 0.458274 3.988722 -0.313905
v 0.349579 3.765149 -0.193461
v 0.349579 3.765149 -0.313905
v 0.327324 3.766418 -0.193461
v 0.327324 3.766418 -0.313905
v 0.307939 3.770007 -0.193461
v 0.307939 3.770007 -0.313905
v 0.291247 3.775582 -0.193461
v 0.291247 3.775582 -0.313905
v 0.277069 3.782811 -0.193461
v 0.277069 3.782811 -0.313905
v 0.265227 3.791363 -0.193461
v 0.265227 3.791363 -0.313905
v 0.255542 3.800905 -0.193461
v 0.255542 3.800905 -0.313905
v 0.247836 3.811107 -0.193461
v 0.247836 3.811107 -0.313905
v 0.241931 3.821635 -0.193461
v 0.241931 3.821635 -0.313905
v 0.237649 3.832157 -0.193461
v 0.237649 3.832157 -0.313905
v 0.234811 3.842343 -0.193461
v 0.234811 3.842343 -0.313905
v 0.233239 3.851859 -0.193461
v 0.233239 3.851859 -0.313905
v 0.232755 3.860374 -0.193461
v 0.232755 3.860374 -0.313905
v 0.233534 3.873080 -0.193461
v 0.233534 3.873080 -0.313905
v 0.235891 3.885333 -0.193461
v 0.235891 3.885333 -0.313905
v 0.239849 3.897007 -0.193461
v 0.239849 3.897007 -0.313905
v 0.245434 3.907980 -0.193461
v 0.245434 3.907980 -0.313905
v 0.252671 3.918127 -0.193461
v 0.252671 3.918128 -0.313905
v 0.261586 3.927324 -0.193461
v 0.261586 3.927324 -0.313905
v 0.272204 3.935447 -0.193461
v 0.272204 3.935447 -0.313905
v 0.284550 3.942371 -0.193461
v 0.284550 3.942371 -0.313905
v 0.298649 3.947973 -0.193461
v 0.298649 3.947973 -0.313905
v 0.314527 3.952127 -0.193461
v 0.314527 3.952127 -0.313905
v 0.332208 3.954711 -0.193461
v 0.332208 3.954711 -0.313905
v 0.351719 3.955600 -0.193461
v 0.351719 3.955600 -0.313905
v 0.416336 3.955600 -0.193461
v 0.416336 3.955600 -0.313905
v 0.416336 3.765149 -0.193461
v 0.416336 3.765149 -0.313905
v -0.071490 3.805229 -0.193461
v -0.071490 3.805229 -0.313905
v -0.068936 3.793026 -0.193461
v -0.068936 3.793026 -0.313905
v -0.064777 3.781674 -0.193461
v -0.064777 3.781674 -0.313905
v -0.059094 3.771240 -0.193461
v -0.059094 3.771240 -0.313905
v -0.051966 3.761790 -0.193461
v -0.051966 3.761790 -0.313905
v -0.043474 3.753386 -0.193461
v -0.043474 3.753386 -0.313905
v -0.033699 3.746097 -0.193461
v -0.033699 3.746097 -0.313905
v -0.022720 3.739986 -0.193461
v -0.022720 3.739986 -0.313905
v -0.010617 3.735120 -0.193461
v -0.010617 3.735120 -0.313905
v 0.002528 3.731563 -0.193461
v 0.002528 3.731563 -0.313905
v 0.016637 3.729381 -0.193461
v 0.016637 3.729381 -0.313905
v 0.031628 3.728639 -0.193461
v 0.031628 3.728639 -0.313905
v 0.046029 3.729410 -0.193461
v 0.046029 3.729410 -0.313905
v 0.059645 3.731668 -0.193461
v 0.059645 3.731668 -0.313905
v 0.072388 3.735332 -0.193461
v 0.072388 3.735332 -0.313905
v 0.084168 3.740321 -0.193461
v 0.084168 3.740321 -0.313905
v 0.094896 3.746555 -0.193461
v 0.094896 3.746554 -0.313905
v 0.104483 3.753951 -0.193461
v 0.104483 3.753951 -0.313905
v 0.112839 3.762430 -0.193461
v 0.112839 3.762430 -0.313905
v 0.119876 3.771910 -0.193461
v 0.119876 3.771910 -0.313905
v 0.125505 3.782310 -0.193461
v 0.125505 3.782310 -0.313905
v 0.129635 3.793548 -0.193461
v 0.129635 3.793548 -0.313905
v 0.132179 3.805545 -0.193461
v 0.132179 3.805545 -0.313905
v 0.133047 3.818219 -0.193461
v 0.133047 3.818219 -0.313905
v 0.132147 3.830115 -0.193461
v 0.132147 3.830115 -0.313905
v 0.129517 3.841463 -0.193461
v 0.129517 3.841463 -0.313905
v 0.125264 3.852170 -0.193461
v 0.125264 3.852170 -0.313905
v 0.119496 3.862145 -0.193461
v 0.119496 3.862145 -0.313905
v 0.112319 3.871293 -0.193461
v 0.112319 3.871294 -0.313905
v 0.103841 3.879523 -0.193461
v 0.103841 3.879523 -0.313905
v 0.094168 3.886741 -0.193461
v 0.094168 3.886741 -0.313905
v 0.083407 3.892855 -0.193461
v 0.083407 3.892855 -0.313905
v 0.071666 3.897772 -0.193461
v 0.071666 3.897772 -0.313905
v 0.059051 3.901399 -0.193461
v 0.059051 3.901399 -0.313905
v 0.045669 3.903643 -0.193461
v 0.045669 3.903643 -0.313905
v 0.031628 3.904412 -0.193461
v 0.031628 3.904412 -0.313905
v 0.016906 3.903672 -0.193461
v 0.016906 3.903672 -0.313905
v 0.002974 3.901504 -0.193461
v 0.002974 3.901504 -0.313905
v -0.010076 3.897984 -0.193461
v -0.010076 3.897984 -0.313905
v -0.022149 3.893190 -0.193461
v -0.022149 3.893190 -0.313905
v -0.033153 3.887199 -0.193461
v -0.033153 3.887199 -0.313905
v -0.042993 3.880088 -0.193461
v -0.042993 3.880088 -0.313905
v -0.051576 3.871934 -0.193461
v -0.051576 3.871934 -0.313905
v -0.058808 3.862814 -0.193461
v -0.058808 3.862814 -0.313905
v -0.064596 3.852806 -0.193461
v -0.064596 3.852806 -0.313905
v -0.068847 3.841985 -0.193461
v -0.068847 3.841985 -0.313905
v -0.071466 3.830431 -0.193461
v -0.071466 3.830431 -0.313905
v -0.072359 3.818219 -0.193461
v -0.072359 3.818219 -0.313905
v 0.093587 3.809538 -0.193461
v 0.093587 3.809538 -0.313905
v 0.092065 3.801399 -0.193461
v 0.092065 3.801399 -0.313905
v 0.089585 3.793842 -0.193461
v 0.089585 3.793842 -0.313905
v 0.086197 3.786909 -0.193461
v 0.086197 3.786909 -0.313905
v 0.081946 3.780640 -0.193461
v 0.081946 3.780640 -0.313905
v 0.076881 3.775076 -0.193461
v 0.076881 3.775076 -0.313905
v 0.071050 3.770256 -0.193461
v 0.071050 3.770256 -0.313905
v 0.064499 3.766222 -0.193461
v 0.064499 3.766222 -0.313905
v 0.057277 3.763014 -0.193461
v 0.057277 3.763014 -0.313905
v 0.049430 3.760672 -0.193461
v 0.049430 3.760672 -0.313905
v 0.041007 3.759237 -0.193461
v 0.041007 3.759237 -0.313905
v 0.032055 3.758750 -0.193461
v 0.032055 3.758750 -0.313905
v 0.022317 3.759216 -0.193461
v 0.022317 3.759216 -0.313905
v 0.013238 3.760592 -0.193461
v 0.013238 3.760592 -0.313905
v 0.004855 3.762849 -0.193461
v 0.004855 3.762849 -0.313905
v -0.002797 3.765957 -0.193461
v -0.002797 3.765957 -0.313905
v -0.009683 3.769886 -0.193461
v -0.009683 3.769886 -0.313905
v -0.015766 3.774605 -0.193461
v -0.015766 3.774605 -0.313905
v -0.021011 3.780085 -0.193461
v -0.021011 3.780085 -0.313905
v -0.025382 3.786296 -0.193461
v -0.025382 3.786296 -0.313905
v -0.028844 3.793207 -0.193461
v -0.028844 3.793207 -0.313905
v -0.031361 3.800789 -0.193461
v -0.031361 3.800789 -0.313905
v -0.032898 3.809011 -0.193461
v -0.032898 3.809011 -0.313905
v -0.033418 3.817843 -0.193461
v -0.033418 3.817843 -0.313905
v -0.032857 3.825833 -0.193461
v -0.032857 3.825833 -0.313905
v -0.031213 3.833395 -0.193461
v -0.031213 3.833395 -0.313905
v -0.028543 3.840479 -0.193461
v -0.028543 3.840479 -0.313905
v -0.024907 3.847034 -0.193461
v -0.024907 3.847034 -0.313905
v -0.020361 3.853008 -0.193461
v -0.020361 3.853008 -0.313905
v -0.014963 3.858351 -0.193461
v -0.014963 3.858351 -0.313905
v -0.008772 3.863013 -0.193461
v -0.008772 3.863013 -0.313905
v -0.001846 3.866940 -0.193461
v -0.001846 3.866940 -0.313905
v 0.005758 3.870084 -0.193461
v 0.005758 3.870084 -0.313905
v 0.013981 3.872393 -0.193461
v 0.013981 3.872393 -0.313905
v 0.022767 3.873815 -0.193461
v 0.022767 3.873815 -0.313905
v 0.032055 3.874301 -0.193461
v 0.032055 3.874301 -0.313905
v 0.040828 3.873816 -0.193461
v 0.040828 3.873816 -0.313905
v 0.049133 3.872395 -0.193461
v 0.049133 3.872395 -0.313905
v 0.056916 3.870090 -0.193461
v 0.056916 3.870090 -0.313905
v 0.064119 3.866954 -0.193461
v 0.064119 3.866954 -0.313905
v 0.070686 3.863040 -0.193461
v 0.070686 3.863040 -0.313905
v 0.076560 3.858398 -0.193461
v 0.076560 3.858398 -0.313905
v 0.081686 3.853083 -0.193461
v 0.081686 3.853083 -0.313905
v 0.086006 3.847145 -0.193461
v 0.086006 3.847145 -0.313905
v 0.089465 3.840638 -0.193461
v 0.089465 3.840638 -0.313905
v 0.092005 3.833613 -0.193461
v 0.092005 3.833613 -0.313905
v 0.093571 3.826123 -0.193461
v 0.093571 3.826123 -0.313905
v 0.094105 3.818219 -0.193461
v 0.094105 3.818219 -0.313905
v -0.174207 3.878817 -0.193461
v -0.174207 3.878818 -0.313905
v -0.177983 3.882721 -0.193461
v -0.177983 3.882721 -0.313905
v -0.182020 3.886333 -0.193461
v -0.182020 3.886333 -0.313905
v -0.186296 3.889644 -0.193461
v -0.186296 3.889644 -0.313905
v -0.190785 3.892646 -0.193461
v -0.190785 3.892646 -0.313905
v -0.195464 3.895329 -0.193461
v -0.195464 3.895329 -0.313905
v -0.200310 3.897684 -0.193461
v -0.200310 3.897684 -0.313905
v -0.205299 3.899701 -0.193461
v -0.205299 3.899701 -0.313905
v -0.210406 3.901373 -0.193461
v -0.210406 3.901373 -0.313905
v -0.215609 3.902689 -0.193461
v -0.215609 3.902689 -0.313905
v -0.220883 3.903640 -0.193461
v -0.220883 3.903640 -0.313905
v -0.226204 3.904217 -0.193461
v -0.226204 3.904217 -0.313905
v -0.231549 3.904412 -0.193461
v -0.231549 3.904412 -0.313905
v -0.240479 3.903955 -0.193461
v -0.240479 3.903955 -0.313905
v -0.249029 3.902580 -0.193461
v -0.249029 3.902580 -0.313905
v -0.257125 3.900277 -0.193461
v -0.257125 3.900277 -0.313905
v -0.264690 3.897037 -0.193461
v -0.264690 3.897037 -0.313905
v -0.271649 3.892851 -0.193461
v -0.271649 3.892851 -0.313905
v -0.277926 3.887710 -0.193461
v -0.277926 3.887710 -0.313905
v -0.283445 3.881603 -0.193461
v -0.283445 3.881603 -0.313905
v -0.288131 3.874524 -0.193461
v -0.288131 3.874524 -0.313905
v -0.291907 3.866461 -0.193461
v -0.291907 3.866461 -0.313905
v -0.294699 3.857407 -0.193461
v -0.294699 3.857407 -0.313905
v -0.296429 3.847352 -0.193461
v -0.296429 3.847352 -0.313905
v -0.297022 3.836286 -0.193461
v -0.297022 3.836286 -0.313905
v -0.297022 3.732027 -0.193461
v -0.297022 3.732027 -0.313905
v -0.258937 3.732027 -0.193461
v -0.258937 3.732027 -0.313905
v -0.258937 3.836662 -0.193461
v -0.258937 3.836662 -0.313905
v -0.258637 3.842688 -0.193461
v -0.258637 3.842688 -0.313905
v -0.257752 3.848327 -0.193461
v -0.257752 3.848327 -0.313905
v -0.256302 3.853552 -0.193461
v -0.256302 3.853552 -0.313905
v -0.254309 3.858339 -0.193461
v -0.254309 3.858339 -0.313905
v -0.251792 3.862661 -0.193461
v -0.251792 3.862661 -0.313905
v -0.248773 3.866491 -0.193461
v -0.248773 3.866491 -0.313905
v -0.245273 3.869803 -0.193461
v -0.245273 3.869803 -0.313905
v -0.241312 3.872572 -0.193461
v -0.241312 3.872572 -0.313905
v -0.236912 3.874771 -0.193461
v -0.236912 3.874771 -0.313905
v -0.232092 3.876374 -0.193461
v -0.232092 3.876374 -0.313905
v -0.226874 3.877355 -0.193461
v -0.226874 3.877356 -0.313905
v -0.221279 3.877688 -0.193461
v -0.221279 3.877688 -0.313905
v -0.217173 3.877545 -0.193461
v -0.217173 3.877545 -0.313905
v -0.213182 3.877105 -0.193461
v -0.213182 3.877105 -0.313905
v -0.209277 3.876353 -0.193461
v -0.209277 3.876353 -0.313905
v -0.205430 3.875277 -0.193461
v -0.205430 3.875277 -0.313905
v -0.201612 3.873860 -0.193461
v -0.201612 3.873860 -0.313905
v -0.197796 3.872090 -0.193461
v -0.197796 3.872090 -0.313905
v -0.193954 3.869950 -0.193461
v -0.193954 3.869950 -0.313905
v -0.190056 3.867428 -0.193461
v -0.190056 3.867428 -0.313905
v -0.186075 3.864509 -0.193461
v -0.186075 3.864509 -0.313905
v -0.181983 3.861178 -0.193461
v -0.181983 3.861178 -0.313905
v -0.177751 3.857421 -0.193461
v -0.177751 3.857421 -0.313905
v -0.173351 3.853223 -0.193461
v -0.173351 3.853223 -0.313905
v -0.173351 3.732027 -0.193461
v -0.173351 3.732027 -0.313905
v -0.135265 3.732027 -0.193461
v -0.135265 3.732027 -0.313905
v -0.135265 3.901024 -0.193461
v -0.135265 3.901024 -0.313905
v -0.173351 3.901024 -0.193461
v -0.173351 3.901024 -0.313905
v -0.173351 3.878817 -0.193461
v -0.173351 3.878818 -0.313905
v -0.516221 3.739419 -0.193461
v -0.516221 3.739419 -0.313905
v -0.512416 3.737308 -0.193461
v -0.512416 3.737308 -0.313905
v -0.508935 3.735467 -0.193461
v -0.508935 3.735467 -0.313905
v -0.505725 3.733881 -0.193461
v -0.505725 3.733881 -0.313905
v -0.502736 3.732535 -0.193461
v -0.502736 3.732535 -0.313905
v -0.499915 3.731415 -0.193461
v -0.499915 3.731415 -0.313905
v -0.497209 3.730507 -0.193461
v -0.497209 3.730507 -0.313905
v -0.494567 3.729796 -0.193461
v -0.494567 3.729796 -0.313905
v -0.491938 3.729268 -0.193461
v -0.491938 3.729268 -0.313905
v -0.489268 3.728909 -0.193461
v -0.489268 3.728909 -0.313905
v -0.486506 3.728704 -0.193461
v -0.486506 3.728704 -0.313905
v -0.483600 3.728639 -0.193461
v -0.483600 3.728639 -0.313905
v -0.479587 3.728750 -0.193461
v -0.479587 3.728750 -0.313905
v -0.475887 3.729085 -0.193461
v -0.475887 3.729085 -0.313905
v -0.472494 3.729651 -0.193461
v -0.472494 3.729651 -0.313905
v -0.469399 3.730451 -0.193461
v -0.469399 3.730451 -0.313905
v -0.466595 3.731493 -0.193461
v -0.466595 3.731493 -0.313905
v -0.464076 3.732779 -0.193461
v -0.464076 3.732779 -0.313905
v -0.461832 3.734317 -0.193461
v -0.461832 3.734317 -0.313905
v -0.459858 3.736111 -0.193461
v -0.459858 3.736111 -0.313905
v -0.458145 3.738166 -0.193461
v -0.458145 3.738166 -0.313905
v -0.456686 3.740488 -0.193461
v -0.456686 3.740488 -0.313905
v -0.455474 3.743082 -0.193461
v -0.455474 3.743082 -0.313905
v -0.454501 3.745953 -0.193461
v -0.454501 3.745953 -0.313905
v -0.450311 3.743161 -0.193461
v -0.450311 3.743161 -0.313905
v -0.446088 3.740619 -0.193461
v -0.446088 3.740619 -0.313905
v -0.441836 3.738325 -0.193461
v -0.441836 3.738325 -0.313905
v -0.437558 3.736278 -0.193461
v -0.437558 3.736278 -0.313905
v -0.433255 3.734477 -0.193461
v -0.433255 3.734477 -0.313905
v -0.428932 3.732920 -0.193461
v -0.428932 3.732920 -0.313905
v -0.424590 3.731607 -0.193461
v -0.424590 3.731607 -0.313905
v -0.420234 3.730535 -0.193461
v -0.420234 3.730535 -0.313905
v -0.415866 3.729704 -0.193461
v -0.415866 3.729704 -0.313905
v -0.411490 3.729111 -0.193461
v -0.411490 3.729111 -0.313905
v -0.407107 3.728757 -0.193461
v -0.407107 3.728757 -0.313905
v -0.402721 3.728639 -0.193461
v -0.402721 3.728639 -0.313905
v -0.395862 3.729037 -0.193461
v -0.395862 3.729037 -0.313905
v -0.389427 3.730190 -0.193461
v -0.389427 3.730190 -0.313905
v -0.383451 3.732038 -0.193461
v -0.383451 3.732038 -0.313905
v -0.377964 3.734522 -0.193461
v -0.377964 3.734522 -0.313905
v -0.373001 3.737581 -0.193461
v -0.373001 3.737581 -0.313905
v -0.368594 3.741154 -0.193461
v -0.368594 3.741154 -0.313905
v -0.364775 3.745182 -0.193461
v -0.364775 3.745182 -0.313905
v -0.361576 3.749605 -0.193461
v -0.361576 3.749605 -0.313905
v -0.359032 3.754363 -0.193461
v -0.359032 3.754363 -0.313905
v -0.357174 3.759395 -0.193461
v -0.357174 3.759395 -0.313905
v -0.356036 3.764641 -0.193461
v -0.356036 3.764641 -0.313905
v -0.355649 3.770042 -0.193461
v -0.355649 3.770042 -0.313905
v -0.356349 3.777943 -0.193461
v -0.356349 3.777943 -0.313905
v -0.358359 3.784952 -0.193461
v -0.358359 3.784952 -0.313905
v -0.361546 3.791149 -0.193461
v -0.361546 3.791149 -0.313905
v -0.365776 3.796612 -0.193461
v -0.365776 3.796612 -0.313905
v -0.370916 3.801421 -0.193461
v -0.370916 3.801421 -0.313905
v -0.376831 3.805657 -0.193461
v -0.376831 3.805657 -0.313905
v -0.383388 3.809399 -0.193461
v -0.383388 3.809399 -0.313905
v -0.390454 3.812727 -0.193461
v -0.390454 3.812727 -0.313905
v -0.397894 3.815720 -0.193461
v -0.397894 3.815720 -0.313905
v -0.405574 3.818458 -0.193461
v -0.405574 3.818458 -0.313905
v -0.413361 3.821021 -0.193461
v -0.413361 3.821021 -0.313905
v -0.421122 3.823488 -0.193461
v -0.421122 3.823488 -0.313905
v -0.454928 3.834027 -0.193461
v -0.454928 3.834027 -0.313905
v -0.454928 3.843061 -0.193461
v -0.454928 3.843061 -0.313905
v -0.454688 3.848073 -0.193461
v -0.454688 3.848073 -0.313905
v -0.453966 3.852582 -0.193461
v -0.453966 3.852582 -0.313905
v -0.452762 3.856599 -0.193461
v -0.452762 3.856599 -0.313905
v -0.451077 3.860137 -0.193461
v -0.451077 3.860137 -0.313905
v -0.448911 3.863211 -0.193461
v -0.448911 3.863211 -0.313905
v -0.446263 3.865832 -0.193461
v -0.446263 3.865832 -0.313905
v -0.443134 3.868014 -0.193461
v -0.443134 3.868014 -0.313905
v -0.439523 3.869770 -0.193461
v -0.439523 3.869770 -0.313905
v -0.435431 3.871113 -0.193461
v -0.435431 3.871113 -0.313905
v -0.430857 3.872056 -0.193461
v -0.430857 3.872056 -0.313905
v -0.425803 3.872613 -0.193461
v -0.425803 3.872613 -0.313905
v -0.420266 3.872795 -0.193461
v -0.420266 3.872795 -0.313905
v -0.415017 3.872614 -0.193461
v -0.415017 3.872614 -0.313905
v -0.409762 3.872065 -0.193461
v -0.409762 3.872065 -0.313905
v -0.404513 3.871143 -0.193461
v -0.404513 3.871143 -0.313905
v -0.399282 3.869840 -0.193461
v -0.399282 3.869840 -0.313905
v -0.394080 3.868150 -0.193461
v -0.394080 3.868150 -0.313905
v -0.388920 3.866067 -0.193461
v -0.388920 3.866067 -0.313905
v -0.383814 3.863585 -0.193461
v -0.383814 3.863585 -0.313905
v -0.378773 3.860695 -0.193461
v -0.378773 3.860695 -0.313905
v -0.373809 3.857393 -0.193461
v -0.373809 3.857393 -0.313905
v -0.368934 3.853671 -0.193461
v -0.368934 3.853671 -0.313905
v -0.364161 3.849523 -0.193461
v -0.364161 3.849523 -0.313905
v -0.359500 3.844943 -0.193461
v -0.359500 3.844943 -0.313905
v -0.359500 3.881452 -0.193461
v -0.359500 3.881452 -0.313905
v -0.363370 3.885146 -0.193461
v -0.363370 3.885146 -0.313905
v -0.367492 3.888511 -0.193461
v -0.367492 3.888511 -0.313905
v -0.371870 3.891550 -0.193461
v -0.371870 3.891550 -0.313905
v -0.376506 3.894263 -0.193461
v -0.376506 3.894263 -0.313905
v -0.381404 3.896652 -0.193461
v -0.381404 3.896652 -0.313905
v -0.386567 3.898719 -0.193461
v -0.386567 3.898719 -0.313905
v -0.391997 3.900464 -0.193461
v -0.391997 3.900464 -0.313905
v -0.397697 3.901889 -0.193461
v -0.397697 3.901889 -0.313905
v -0.403671 3.902994 -0.193461
v -0.403671 3.902994 -0.313905
v -0.409921 3.903783 -0.193461
v -0.409921 3.903783 -0.313905
v -0.416450 3.904255 -0.193461
v -0.416450 3.904255 -0.313905
v -0.423262 3.904412 -0.193461
v -0.423262 3.904412 -0.313905
v -0.432815 3.904049 -0.193461
v -0.432815 3.904049 -0.313905
v -0.441950 3.902951 -0.193461
v -0.441950 3.902951 -0.313905
v -0.450589 3.901107 -0.193461
v -0.450589 3.901107 -0.313905
v -0.458653 3.898501 -0.193461
v -0.458653 3.898501 -0.313905
v -0.466063 3.895122 -0.193461
v -0.466063 3.895122 -0.313905
v -0.472741 3.890956 -0.193461
v -0.472741 3.890956 -0.313905
v -0.478608 3.885990 -0.193461
v -0.478608 3.885990 -0.313905
v -0.483584 3.880211 -0.193461
v -0.483584 3.880211 -0.313905
v -0.487592 3.873607 -0.193461
v -0.487592 3.873607 -0.313905
v -0.490552 3.866163 -0.193461
v -0.490552 3.866163 -0.313905
v -0.492386 3.857867 -0.193461
v -0.492386 3.857867 -0.313905
v -0.493014 3.848706 -0.193461
v -0.493014 3.848706 -0.313905
v -0.493014 3.761761 -0.193461
v -0.493014 3.761761 -0.313905
v -0.493068 3.760247 -0.193461
v -0.493068 3.760247 -0.313905
v -0.493226 3.758898 -0.193461
v -0.493226 3.758898 -0.313905
v -0.493489 3.757709 -0.193461
v -0.493489 3.757709 -0.313905
v -0.493854 3.756673 -0.193461
v -0.493854 3.756673 -0.313905
v -0.494321 3.755783 -0.193461
v -0.494321 3.755783 -0.313905
v -0.494886 3.755033 -0.193461
v -0.494886 3.755033 -0.313905
v -0.495550 3.754417 -0.193461
v -0.495550 3.754417 -0.313905
v -0.496311 3.753927 -0.193461
v -0.496311 3.753927 -0.313905
v -0.497166 3.753557 -0.193461
v -0.497166 3.753557 -0.313905
v -0.498116 3.753301 -0.193461
v -0.498116 3.753301 -0.313905
v -0.499157 3.753152 -0.193461
v -0.499157 3.753152 -0.313905
v -0.500289 3.753104 -0.193461
v -0.500289 3.753104 -0.313905
v -0.501330 3.753174 -0.193461
v -0.501330 3.753174 -0.313905
v -0.502522 3.753381 -0.193461
v -0.502522 3.753381 -0.313905
v -0.503853 3.753722 -0.193461
v -0.503853 3.753722 -0.313905
v -0.505313 3.754192 -0.193461
v -0.505313 3.754192 -0.313905
v -0.506893 3.754787 -0.193461
v -0.506893 3.754787 -0.313905
v -0.508580 3.755504 -0.193461
v -0.508580 3.755504 -0.313905
v -0.510366 3.756338 -0.193461
v -0.510366 3.756338 -0.313905
v -0.512239 3.757286 -0.193461
v -0.512239 3.757286 -0.313905
v -0.514190 3.758344 -0.193461
v -0.514190 3.758344 -0.313905
v -0.516208 3.759508 -0.193461
v -0.516208 3.759508 -0.313905
v -0.518282 3.760774 -0.193461
v -0.518282 3.760774 -0.313905
v -0.520402 3.762138 -0.193461
v -0.520402 3.762137 -0.313905
v -0.520402 3.741813 -0.193461
v -0.520402 3.741813 -0.313905
v -0.446901 3.813132 -0.193461
v -0.446901 3.813132 -0.313905
v -0.439135 3.810644 -0.193461
v -0.439135 3.810644 -0.313905
v -0.431713 3.808086 -0.193461
v -0.431713 3.808086 -0.313905
v -0.424720 3.805422 -0.193461
v -0.424720 3.805422 -0.313905
v -0.418238 3.802617 -0.193461
v -0.418238 3.802617 -0.313905
v -0.412349 3.799635 -0.193461
v -0.412349 3.799635 -0.313905
v -0.407139 3.796442 -0.193461
v -0.407139 3.796442 -0.313905
v -0.402689 3.793001 -0.193461
v -0.402689 3.793001 -0.313905
v -0.399084 3.789279 -0.193461
v -0.399084 3.789279 -0.313905
v -0.396405 3.785238 -0.193461
v -0.396405 3.785238 -0.313905
v -0.394737 3.780845 -0.193461
v -0.394737 3.780845 -0.313905
v -0.394162 3.776064 -0.193461
v -0.394162 3.776064 -0.313905
v -0.394399 3.772672 -0.193461
v -0.394399 3.772672 -0.313905
v -0.395092 3.769472 -0.193461
v -0.395092 3.769472 -0.313905
v -0.396215 3.766484 -0.193461
v -0.396215 3.766484 -0.313905
v -0.397744 3.763727 -0.193461
v -0.397744 3.763727 -0.313905
v -0.399654 3.761221 -0.193461
v -0.399654 3.761221 -0.313905
v -0.401919 3.758985 -0.193461
v -0.401919 3.758985 -0.313905
v -0.404513 3.757040 -0.193461
v -0.404513 3.757040 -0.313905
v -0.407413 3.755404 -0.193461
v -0.407413 3.755404 -0.313905
v -0.410591 3.754098 -0.193461
v -0.410591 3.754098 -0.313905
v -0.414024 3.753141 -0.193461
v -0.414024 3.753141 -0.313905
v -0.417685 3.752552 -0.193461
v -0.417685 3.752552 -0.313905
v -0.421550 3.752352 -0.193461
v -0.421550 3.752352 -0.313905
v -0.424528 3.752460 -0.193461
v -0.424528 3.752460 -0.313905
v -0.427470 3.752782 -0.193461
v -0.427470 3.752782 -0.313905
v -0.430376 3.753310 -0.193461
v -0.430376 3.753310 -0.313905
v -0.433247 3.754038 -0.193461
v -0.433247 3.754038 -0.313905
v -0.436082 3.754960 -0.193461
v -0.436082 3.754960 -0.313905
v -0.438881 3.756068 -0.193461
v -0.438881 3.756068 -0.313905
v -0.441645 3.757357 -0.193461
v -0.441645 3.757357 -0.313905
v -0.444373 3.758820 -0.193461
v -0.444373 3.758820 -0.313905
v -0.447065 3.760450 -0.193461
v -0.447065 3.760450 -0.313905
v -0.449722 3.762240 -0.193461
v -0.449722 3.762240 -0.313905
v -0.452343 3.764185 -0.193461
v -0.452343 3.764185 -0.313905
v -0.454928 3.766278 -0.193461
v -0.454928 3.766278 -0.313905
v -0.454928 3.815584 -0.193461
v -0.454928 3.815584 -0.313905
v -0.576461 3.732027 -0.193461
v -0.576461 3.732027 -0.313905
v -0.576461 3.988722 -0.193461
v -0.576461 3.988722 -0.313905
v -0.614546 3.988722 -0.193461
v -0.614546 3.988722 -0.313905
v -0.614546 3.732027 -0.193461
v -0.614546 3.732027 -0.313905
v -0.775876 3.732027 -0.193461
v -0.775876 3.732027 -0.313905
v -0.761994 3.732732 -0.193461
v -0.761994 3.732732 -0.313905
v -0.749055 3.734815 -0.193461
v -0.749055 3.734815 -0.313905
v -0.737108 3.738225 -0.193461
v -0.737108 3.738225 -0.313905
v -0.726204 3.742914 -0.193461
v -0.726204 3.742914 -0.313905
v -0.716394 3.748831 -0.193461
v -0.716394 3.748831 -0.313905
v -0.707728 3.755927 -0.193461
v -0.707728 3.755927 -0.313905
v -0.700256 3.764152 -0.193461
v -0.700256 3.764152 -0.313905
v -0.694030 3.773457 -0.193461
v -0.694030 3.773457 -0.313905
v -0.689100 3.783792 -0.193461
v -0.689100 3.783792 -0.313905
v -0.685515 3.795106 -0.193461
v -0.685515 3.795106 -0.313905
v -0.683328 3.807351 -0.193461
v -0.683328 3.807351 -0.313905
v -0.682587 3.820477 -0.193461
v -0.682587 3.820477 -0.313905
v -0.683403 3.832408 -0.193461
v -0.683403 3.832408 -0.313905
v -0.685795 3.843684 -0.193461
v -0.685795 3.843684 -0.313905
v -0.689681 3.854235 -0.193461
v -0.689681 3.854235 -0.313905
v -0.694981 3.863985 -0.193461
v -0.694981 3.863985 -0.313905
v -0.701612 3.872862 -0.193461
v -0.701612 3.872862 -0.313905
v -0.709493 3.880794 -0.193461
v -0.709493 3.880794 -0.313905
v -0.718542 3.887705 -0.193461
v -0.718542 3.887705 -0.313905
v -0.728677 3.893524 -0.193461
v -0.728677 3.893524 -0.313905
v -0.739816 3.898178 -0.193461
v -0.739816 3.898178 -0.313905
v -0.751878 3.901592 -0.193461
v -0.751878 3.901592 -0.313905
v -0.764781 3.903695 -0.193461
v -0.764781 3.903695 -0.313905
v -0.778443 3.904412 -0.193461
v -0.778443 3.904412 -0.313905
v -0.781637 3.904372 -0.193461
v -0.781637 3.904372 -0.313905
v -0.784811 3.904250 -0.193461
v -0.784811 3.904250 -0.313905
v -0.787978 3.904041 -0.193461
v -0.787978 3.904041 -0.313905
v -0.791154 3.903743 -0.193461
v -0.791154 3.903743 -0.313905
v -0.794354 3.903350 -0.193461
v -0.794354 3.903350 -0.313905
v -0.797593 3.902859 -0.193461
v -0.797593 3.902859 -0.313905
v -0.800885 3.902267 -0.193461
v -0.800885 3.902267 -0.313905
v -0.804246 3.901568 -0.193461
v -0.804246 3.901568 -0.313905
v -0.807690 3.900760 -0.193461
v -0.807690 3.900760 -0.313905
v -0.811231 3.899837 -0.193461
v -0.811231 3.899837 -0.313905
v -0.814886 3.898798 -0.193461
v -0.814886 3.898798 -0.313905
v -0.818669 3.897637 -0.193461
v -0.818669 3.897637 -0.313905
v -0.818669 3.988722 -0.193461
v -0.818669 3.988722 -0.313905
v -0.856755 3.988722 -0.193461
v -0.856755 3.988722 -0.313905
v -0.856755 3.732027 -0.193461
v -0.856755 3.732027 -0.313905
v -0.815518 3.868977 -0.193461
v -0.815518 3.868977 -0.313905
v -0.812472 3.869945 -0.193461
v -0.812472 3.869945 -0.313905
v -0.809509 3.870807 -0.193461
v -0.809509 3.870807 -0.313905
v -0.806608 3.871568 -0.193461
v -0.806608 3.871568 -0.313905
v -0.803748 3.872230 -0.193461
v -0.803748 3.872230 -0.313905
v -0.800910 3.872795 -0.193461
v -0.800910 3.872795 -0.313905
v -0.798071 3.873266 -0.193461
v -0.798071 3.873266 -0.313905
v -0.795212 3.873646 -0.193461
v -0.795212 3.873646 -0.313905
v -0.792311 3.873936 -0.193461
v -0.792311 3.873936 -0.313905
v -0.789348 3.874141 -0.193461
v -0.789348 3.874141 -0.313905
v -0.786301 3.874261 -0.193461
v -0.786301 3.874261 -0.313905
v -0.783150 3.874301 -0.193461
v -0.783150 3.874301 -0.313905
v -0.774207 3.873821 -0.193461
v -0.774207 3.873821 -0.313905
v -0.765807 3.872408 -0.193461
v -0.765807 3.872408 -0.313905
v -0.757996 3.870102 -0.193461
v -0.757996 3.870102 -0.313905
v -0.750818 3.866940 -0.193461
v -0.750818 3.866940 -0.313905
v -0.744317 3.862963 -0.193461
v -0.744317 3.862963 -0.313905
v -0.738539 3.858210 -0.193461
v -0.738539 3.858210 -0.313905
v -0.733527 3.852720 -0.193461
v -0.733527 3.852720 -0.313905
v -0.729326 3.846532 -0.193461
v -0.729326 3.846532 -0.313905
v -0.725982 3.839685 -0.193461
v -0.725982 3.839685 -0.313905
v -0.723538 3.832219 -0.193461
v -0.723538 3.832219 -0.313905
v -0.722038 3.824172 -0.193461
v -0.722038 3.824172 -0.313905
v -0.721529 3.815584 -0.193461
v -0.721529 3.815584 -0.313905
v -0.721841 3.807854 -0.193461
v -0.721841 3.807854 -0.313905
v -0.722811 3.800508 -0.193461
v -0.722811 3.800508 -0.313905
v -0.724491 3.793601 -0.193461
v -0.724491 3.793601 -0.313905
v -0.726933 3.787188 -0.193461
v -0.726933 3.787188 -0.313905
v -0.730190 3.781324 -0.193461
v -0.730190 3.781324 -0.313905
v -0.734313 3.776064 -0.193461
v -0.734313 3.776064 -0.313905
v -0.739354 3.771462 -0.193461
v -0.739354 3.771462 -0.313905
v -0.745366 3.767574 -0.193461
v -0.745366 3.767574 -0.313905
v -0.752400 3.764455 -0.193461
v -0.752400 3.764455 -0.313905
v -0.760508 3.762158 -0.193461
v -0.760508 3.762158 -0.313905
v -0.769742 3.760741 -0.193461
v -0.769742 3.760741 -0.313905
v -0.780155 3.760256 -0.193461
v -0.780155 3.760256 -0.313905
v -0.818669 3.760256 -0.193461
v -0.818669 3.760256 -0.313905
v -0.818669 3.867902 -0.193461
v -0.818669 3.867902 -0.313905
v -0.924795 4.001520 -0.193461
v -0.924795 4.001520 -0.313905
v -0.962453 4.001520 -0.193461
v -0.962453 4.001520 -0.313905
v -0.962453 3.957482 -0.193461
v -0.962453 3.957482 -0.313905
v -0.952611 3.905917 -0.193461
v -0.952611 3.905917 -0.313905
v -0.934638 3.905917 -0.193461
v -0.934638 3.905917 -0.313905
v -0.924795 3.957482 -0.193461
v -0.924795 3.957482 -0.313905
v -1.138576 3.860321 -0.193461
v -1.138576 3.860321 -0.313904
v -1.133326 3.862987 -0.193461
v -1.133326 3.862987 -0.313904
v -1.128162 3.865367 -0.193461
v -1.128162 3.865367 -0.313904
v -1.123101 3.867470 -0.193461
v -1.123101 3.867470 -0.313904
v -1.118159 3.869301 -0.193461
v -1.118159 3.869301 -0.313904
v -1.113352 3.870866 -0.193461
v -1.113352 3.870866 -0.313904
v -1.108696 3.872173 -0.193461
v -1.108696 3.872173 -0.313904
v -1.104209 3.873227 -0.193461
v -1.104209 3.873227 -0.313904
v -1.099905 3.874036 -0.193461
v -1.099905 3.874036 -0.313904
v -1.095803 3.874606 -0.193461
v -1.095803 3.874606 -0.313904
v -1.091917 3.874943 -0.193461
v -1.091917 3.874943 -0.313904
v -1.088264 3.875054 -0.193461
v -1.088264 3.875054 -0.313904
v -1.084532 3.874923 -0.193461
v -1.084532 3.874923 -0.313904
v -1.081045 3.874538 -0.193461
v -1.081045 3.874538 -0.313904
v -1.077820 3.873913 -0.193461
v -1.077820 3.873913 -0.313904
v -1.074872 3.873060 -0.193461
v -1.074872 3.873060 -0.313904
v -1.072215 3.871993 -0.193461
v -1.072215 3.871993 -0.313904
v -1.069864 3.870725 -0.193461
v -1.069864 3.870725 -0.313904
v -1.067833 3.869269 -0.193461
v -1.067833 3.869269 -0.313904
v -1.066139 3.867637 -0.193461
v -1.066139 3.867637 -0.313904
v -1.064795 3.865844 -0.193461
v -1.064795 3.865844 -0.313904
v -1.063817 3.863901 -0.193461
v -1.063817 3.863901 -0.313904
v -1.063219 3.861823 -0.193461
v -1.063219 3.861823 -0.313904
v -1.063017 3.859622 -0.193461
v -1.063017 3.859622 -0.313904
v -1.063288 3.857704 -0.193461
v -1.063288 3.857704 -0.313904
v -1.064124 3.855701 -0.193461
v -1.064124 3.855701 -0.313904
v -1.065551 3.853588 -0.193461
v -1.065551 3.853588 -0.313904
v -1.067597 3.851341 -0.193461
v -1.067597 3.851341 -0.313904
v -1.070291 3.848938 -0.193461
v -1.070291 3.848938 -0.313904
v -1.073661 3.846354 -0.193461
v -1.073661 3.846354 -0.313904
v -1.077736 3.843566 -0.193461
v -1.077736 3.843566 -0.313904
v -1.082543 3.840551 -0.193461
v -1.082543 3.840551 -0.313904
v -1.088110 3.837286 -0.193461
v -1.088110 3.837286 -0.313904
v -1.094467 3.833745 -0.193461
v -1.094467 3.833745 -0.313904
v -1.101641 3.829907 -0.193461
v -1.101641 3.829907 -0.313904
v -1.109661 3.825747 -0.193461
v -1.109661 3.825747 -0.313904
v -1.117163 3.821270 -0.193461
v -1.117163 3.821270 -0.313904
v -1.123858 3.817033 -0.193461
v -1.123858 3.817033 -0.313904
v -1.129773 3.812991 -0.193461
v -1.129773 3.812991 -0.313904
v -1.134940 3.809102 -0.193461
v -1.134940 3.809102 -0.313904
v -1.139388 3.805323 -0.193461
v -1.139388 3.805323 -0.313904
v -1.143146 3.801611 -0.193461
v -1.143146 3.801611 -0.313904
v -1.146245 3.797922 -0.193461
v -1.146245 3.797922 -0.313904
v -1.148713 3.794214 -0.193461
v -1.148713 3.794214 -0.313904
v -1.150582 3.790443 -0.193461
v -1.150582 3.790443 -0.313904
v -1.151879 3.786566 -0.193461
v -1.151879 3.786566 -0.313904
v -1.152636 3.782540 -0.193461
v -1.152636 3.782540 -0.313904
v -1.152882 3.778322 -0.193461
v -1.152882 3.778322 -0.313904
v -1.152330 3.771098 -0.193461
v -1.152330 3.771098 -0.313904
v -1.150716 3.764318 -0.193461
v -1.150716 3.764318 -0.313904
v -1.148101 3.758015 -0.193461
v -1.148101 3.758015 -0.313904
v -1.144545 3.752226 -0.193461
v -1.144545 3.752226 -0.313904
v -1.140110 3.746986 -0.193461
v -1.140110 3.746986 -0.313904
v -1.134855 3.742330 -0.193461
v -1.134855 3.742330 -0.313904
v -1.128843 3.738294 -0.193461
v -1.128843 3.738294 -0.313904
v -1.122134 3.734912 -0.193461
v -1.122134 3.734912 -0.313904
v -1.114789 3.732221 -0.193461
v -1.114789 3.732221 -0.313904
v -1.106870 3.730254 -0.193461
v -1.106870 3.730254 -0.313904
v -1.098435 3.729049 -0.193461
v -1.098435 3.729049 -0.313904
v -1.089548 3.728639 -0.193461
v -1.089548 3.728639 -0.313904
v -1.083764 3.728727 -0.193461
v -1.083764 3.728727 -0.313904
v -1.078155 3.728998 -0.193461
v -1.078155 3.728998 -0.313904
v -1.072678 3.729462 -0.193461
v -1.072678 3.729462 -0.313904
v -1.067296 3.730131 -0.193461
v -1.067296 3.730131 -0.313904
v -1.061967 3.731013 -0.193461
v -1.061967 3.731013 -0.313904
v -1.056651 3.732121 -0.193461
v -1.056651 3.732121 -0.313904
v -1.051309 3.733463 -0.193461
v -1.051309 3.733463 -0.313904
v -1.045899 3.735052 -0.193461
v -1.045899 3.735052 -0.313904
v -1.040383 3.736896 -0.193461
v -1.040383 3.736896 -0.313904
v -1.034720 3.739007 -0.193461
v -1.034720 3.739007 -0.313904
v -1.028869 3.741395 -0.193461
v -1.028869 3.741395 -0.313904
v -1.022791 3.744071 -0.193461
v -1.022791 3.744071 -0.313904
v -1.022791 3.780204 -0.193461
v -1.022791 3.780204 -0.313904
v -1.028949 3.776604 -0.193461
v -1.028949 3.776604 -0.313904
v -1.034999 3.773332 -0.193461
v -1.034999 3.773332 -0.313904
v -1.040925 3.770383 -0.193461
v -1.040925 3.770383 -0.313904
v -1.046708 3.767756 -0.193461
v -1.046708 3.767756 -0.313904
v -1.052330 3.765447 -0.193461
v -1.052330 3.765447 -0.313904
v -1.057774 3.763455 -0.193461
v -1.057774 3.763455 -0.313904
v -1.063022 3.761776 -0.193461
v -1.063022 3.761776 -0.313904
v -1.068056 3.760409 -0.193461
v -1.068056 3.760409 -0.313904
v -1.072859 3.759350 -0.193461
v -1.072859 3.759350 -0.313904
v -1.077412 3.758597 -0.193461
v -1.077412 3.758597 -0.313904
v -1.081697 3.758147 -0.193461
v -1.081697 3.758147 -0.313904
v -1.085697 3.757997 -0.193461
v -1.085697 3.757997 -0.313904
v -1.089489 3.758303 -0.193461
v -1.089489 3.758303 -0.313904
v -1.093138 3.758844 -0.193461
v -1.093138 3.758844 -0.313904
v -1.096609 3.759620 -0.193461
v -1.096609 3.759620 -0.313904
v -1.099866 3.760632 -0.193461
v -1.099866 3.760632 -0.313904
v -1.102874 3.761879 -0.193461
v -1.102874 3.761879 -0.313904
v -1.105596 3.763361 -0.193461
v -1.105596 3.763361 -0.313904
v -1.107997 3.765078 -0.193461
v -1.107997 3.765078 -0.313904
v -1.110041 3.767030 -0.193461
v -1.110041 3.767030 -0.313904
v -1.111694 3.769218 -0.193461
v -1.111694 3.769218 -0.313904
v -1.112918 3.771641 -0.193461
v -1.112918 3.771641 -0.313904
v -1.113679 3.774300 -0.193461
v -1.113679 3.774300 -0.313904
v -1.113940 3.777193 -0.193461
v -1.113940 3.777193 -0.313904
v -1.112172 3.782825 -0.193461
v -1.112172 3.782825 -0.313904
v -1.107283 3.788155 -0.193461
v -1.107283 3.788155 -0.313904
v -1.099899 3.793336 -0.193461
v -1.099899 3.793336 -0.313904
v -1.090642 3.798522 -0.193461
v -1.090642 3.798522 -0.313904
v -1.080137 3.803864 -0.193461
v -1.080137 3.803864 -0.313904
v -1.069007 3.809515 -0.193461
v -1.069007 3.809515 -0.313904
v -1.057878 3.815629 -0.193461
v -1.057878 3.815629 -0.313904
v -1.047373 3.822359 -0.193461
v -1.047373 3.822359 -0.313904
v -1.038116 3.829858 -0.193461
v -1.038116 3.829858 -0.313904
v -1.030732 3.838277 -0.193461
v -1.030732 3.838277 -0.313904
v -1.025843 3.847771 -0.193461
v -1.025843 3.847771 -0.313904
v -1.024075 3.858493 -0.193461
v -1.024075 3.858493 -0.313904
v -1.024585 3.865405 -0.193461
v -1.024585 3.865405 -0.313904
v -1.026092 3.871826 -0.193461
v -1.026092 3.871826 -0.313904
v -1.028555 3.877735 -0.193461
v -1.028555 3.877735 -0.313904
v -1.031936 3.883111 -0.193461
v -1.031936 3.883111 -0.313904
v -1.036197 3.887933 -0.193461
v -1.036197 3.887933 -0.313904
v -1.041299 3.892179 -0.193461
v -1.041299 3.892179 -0.313904
v -1.047203 3.895830 -0.193461
v -1.047203 3.895830 -0.313904
v -1.053871 3.898864 -0.193461
v -1.053871 3.898864 -0.313904
v -1.061265 3.901259 -0.193461
v -1.061265 3.901259 -0.313904
v -1.069344 3.902997 -0.193461
v -1.069344 3.902997 -0.313904
v -1.078072 3.904054 -0.193461
v -1.078072 3.904055 -0.313904
v -1.087408 3.904412 -0.193461
v -1.087408 3.904412 -0.313904
v -1.091911 3.904317 -0.193461
v -1.091911 3.904317 -0.313904
v -1.096437 3.904034 -0.193461
v -1.096437 3.904034 -0.313904
v -1.100989 3.903559 -0.193461
v -1.100989 3.903559 -0.313904
v -1.105572 3.902892 -0.193461
v -1.105572 3.902892 -0.313904
v -1.110191 3.902032 -0.193461
v -1.110191 3.902032 -0.313904
v -1.114849 3.900977 -0.193461
v -1.114849 3.900977 -0.313904
v -1.119553 3.899726 -0.193461
v -1.119553 3.899726 -0.313904
v -1.124305 3.898278 -0.193461
v -1.124305 3.898278 -0.313904
v -1.129112 3.896631 -0.193461
v -1.129112 3.896631 -0.313904
v -1.133976 3.894784 -0.193461
v -1.133976 3.894784 -0.313904
v -1.138902 3.892736 -0.193461
v -1.138902 3.892736 -0.313904
v -1.143895 3.890486 -0.193461
v -1.143895 3.890486 -0.313904
v -1.143895 3.857363 -0.193461
v -1.143895 3.857363 -0.313904
v 0.106382 4.228139 0.328773
v 0.094366 4.228139 0.328773
v 0.076214 4.228139 0.328773
v 0.053460 4.228139 0.328773
v 0.027638 4.228139 0.328773
v 0.000281 4.228139 0.328773
v -0.027075 4.228139 0.328773
v -0.052897 4.228139 0.328773
v -0.075651 4.228139 0.328773
v -0.093804 4.228139 0.328773
v -0.105820 4.228139 0.328773
v -0.110166 4.228139 0.328773
v -0.112688 4.407969 0.328773
v -0.120034 4.580445 0.328773
v -0.131874 4.743988 0.328773
v -0.147880 4.897018 0.328773
v -0.167722 5.037957 0.328773
v -0.191071 5.165227 0.328773
v -0.217597 5.277249 0.328773
v -0.246970 5.372443 0.328773
v -0.278863 5.449232 0.328773
v -0.312945 5.506035 0.328773
v -0.348887 5.541275 0.328773
v -0.386360 5.553372 0.328773
v -0.423821 5.540267 0.328773
v -0.459753 5.502090 0.328773
v -0.493825 5.440555 0.328773
v -0.525709 5.357368 0.328773
v -0.555074 5.254243 0.328773
v -0.581593 5.132889 0.328773
v -0.604935 4.995017 0.328773
v -0.624771 4.842336 0.328773
v -0.640773 4.676558 0.328773
v -0.652610 4.499394 0.328773
v -0.659954 4.312554 0.328773
v -0.662475 4.117747 0.328773
v -0.666823 4.117747 0.328773
v -0.678844 4.117747 0.328773
v -0.697002 4.117747 0.328773
v -0.719765 4.117747 0.328773
v -0.745596 4.117747 0.328773
v -0.772962 4.117747 0.328773
v -0.800328 4.117747 0.328773
v -0.826159 4.117747 0.328773
v -0.848922 4.117747 0.328773
v -0.867080 4.117747 0.328773
v -0.879101 4.117747 0.328773
v -0.883449 4.117747 0.328773
v -0.878910 4.327543 0.328773
v -0.865689 4.528760 0.328773
v -0.844378 4.719555 0.328773
v -0.815571 4.898088 0.328773
v -0.779860 5.062514 0.328773
v -0.737837 5.210993 0.328773
v -0.690096 5.341682 0.328773
v -0.637230 5.452741 0.328773
v -0.579830 5.542326 0.328773
v -0.518490 5.608596 0.328773
v -0.453802 5.649709 0.328773
v -0.386360 5.663823 0.328773
v -0.347686 5.659541 0.328773
v -0.309821 5.646907 0.328773
v -0.272874 5.626235 0.328773
v -0.236955 5.597841 0.328773
v -0.202172 5.562039 0.328773
v -0.168636 5.519145 0.328773
v -0.136456 5.469474 0.328773
v -0.105740 5.413342 0.328773
v -0.076599 5.351062 0.328773
v -0.049143 5.282950 0.328773
v -0.023479 5.209322 0.328773
v 0.000281 5.130493 0.328773
v 0.024046 5.209322 0.328773
v 0.049710 5.282950 0.328773
v 0.077167 5.351062 0.328773
v 0.106305 5.413342 0.328773
v 0.137018 5.469475 0.328773
v 0.169195 5.519145 0.328773
v 0.202727 5.562039 0.328773
v 0.237507 5.597841 0.328773
v 0.273423 5.626235 0.328773
v 0.310369 5.646907 0.328773
v 0.348234 5.659541 0.328773
v 0.386910 5.663823 0.328773
v 0.454351 5.649709 0.328773
v 0.519037 5.608596 0.328773
v 0.580375 5.542326 0.328773
v 0.637772 5.452742 0.328773
v 0.690636 5.341683 0.328773
v 0.738374 5.210993 0.328773
v 0.780393 5.062514 0.328773
v 0.816102 4.898088 0.328773
v 0.844906 4.719556 0.328773
v 0.866215 4.528760 0.328773
v 0.879434 4.327544 0.328773
v 0.883972 4.117747 0.328773
v 0.879625 4.117747 0.328773
v 0.867606 4.117747 0.328773
v 0.849449 4.117747 0.328773
v 0.826690 4.117747 0.328773
v 0.800861 4.117747 0.328773
v 0.773499 4.117747 0.328773
v 0.746136 4.117747 0.328773
v 0.720307 4.117747 0.328773
v 0.697548 4.117747 0.328773
v 0.679392 4.117747 0.328773
v 0.667372 4.117747 0.328773
v 0.663025 4.117747 0.328773
v 0.660504 4.312554 0.328773
v 0.653161 4.499394 0.328773
v 0.641324 4.676559 0.328773
v 0.625324 4.842336 0.328773
v 0.605488 4.995016 0.328773
v 0.582146 5.132889 0.328773
v 0.555628 5.254243 0.328773
v 0.526262 5.357368 0.328773
v 0.494377 5.440554 0.328773
v 0.460303 5.502090 0.328773
v 0.424369 5.540267 0.328773
v 0.386903 5.553372 0.328773
v 0.349428 5.541275 0.328773
v 0.313486 5.506035 0.328773
v 0.279405 5.449232 0.328773
v 0.247514 5.372443 0.328773
v 0.218143 5.277249 0.328773
v 0.191621 5.165227 0.328773
v 0.168276 5.037958 0.328773
v 0.148438 4.897018 0.328773
v 0.132435 4.743988 0.328773
v 0.120596 4.580445 0.328773
v 0.113251 4.407969 0.328773
v 0.110729 4.228139 0.328773
v 0.106382 4.228139 -0.328773
v 0.094366 4.228139 -0.328773
v 0.076214 4.228139 -0.328773
v 0.053460 4.228139 -0.328773
v 0.027638 4.228139 -0.328773
v 0.000281 4.228139 -0.328773
v -0.027075 4.228139 -0.328773
v -0.052897 4.228139 -0.328773
v -0.075651 4.228139 -0.328773
v -0.093804 4.228139 -0.328773
v -0.105820 4.228139 -0.328773
v -0.110166 4.228139 -0.328773
v -0.112688 4.407969 -0.328773
v -0.120034 4.580445 -0.328773
v -0.131874 4.743988 -0.328773
v -0.147880 4.897018 -0.328773
v -0.167722 5.037957 -0.328773
v -0.191071 5.165227 -0.328773
v -0.217597 5.277249 -0.328773
v -0.246970 5.372443 -0.328773
v -0.278863 5.449232 -0.328773
v -0.312945 5.506035 -0.328773
v -0.348887 5.541275 -0.328773
v -0.386360 5.553372 -0.328773
v -0.423821 5.540267 -0.328773
v -0.459753 5.502090 -0.328773
v -0.493825 5.440555 -0.328773
v -0.525709 5.357368 -0.328773
v -0.555074 5.254243 -0.328773
v -0.581593 5.132889 -0.328773
v -0.604935 4.995017 -0.328773
v -0.624771 4.842336 -0.328773
v -0.640773 4.676558 -0.328773
v -0.652610 4.499394 -0.328773
v -0.659954 4.312554 -0.328773
v -0.662475 4.117747 -0.328773
v -0.666823 4.117747 -0.328773
v -0.678844 4.117747 -0.328773
v -0.697002 4.117747 -0.328773
v -0.719765 4.117747 -0.328773
v -0.745596 4.117747 -0.328773
v -0.772962 4.117747 -0.328773
v -0.800328 4.117747 -0.328773
v -0.826159 4.117747 -0.328773
v -0.848922 4.117747 -0.328773
v -0.867080 4.117747 -0.328773
v -0.879101 4.117747 -0.328773
v -0.883449 4.117747 -0.328773
v -0.878910 4.327543 -0.328773
v -0.865689 4.528760 -0.328773
v -0.844378 4.719555 -0.328773
v -0.815571 4.898088 -0.328773
v -0.779860 5.062514 -0.328773
v -0.737837 5.210993 -0.328773
v -0.690096 5.341682 -0.328773
v -0.637230 5.452741 -0.328773
v -0.579830 5.542326 -0.328773
v -0.518490 5.608596 -0.328773
v -0.453802 5.649709 -0.328773
v -0.386360 5.663823 -0.328773
v -0.347686 5.659541 -0.328773
v -0.309821 5.646907 -0.328773
v -0.272874 5.626235 -0.328773
v -0.236955 5.597841 -0.328773
v -0.202172 5.562039 -0.328773
v -0.168636 5.519145 -0.328773
v -0.136456 5.469474 -0.328773
v -0.105740 5.413342 -0.328773
v -0.076599 5.351062 -0.328773
v -0.049143 5.282950 -0.328773
v -0.023479 5.209322 -0.328773
v 0.000281 5.130493 -0.328773
v 0.024046 5.209322 -0.328773
v 0.049710 5.282950 -0.328773
v 0.077167 5.351062 -0.328773
v 0.106305 5.413342 -0.328773
v 0.137018 5.469475 -0.328773
v 0.169195 5.519145 -0.328773
v 0.202727 5.562039 -0.328773
v 0.237507 5.597841 -0.328773
v 0.273423 5.626235 -0.328773
v 0.310369 5.646907 -0.328773
v 0.348234 5.659541 -0.328773
v 0.386910 5.663823 -0.328773
v 0.454351 5.649709 -0.328773
v 0.519037 5.608596 -0.328773
v 0.580375 5.542326 -0.328773
v 0.637772 5.452742 -0.328773
v 0.690636 5.341683 -0.328773
v 0.738374 5.210993 -0.328773
v 0.780393 5.062514 -0.328773
v 0.816102 4.898088 -0.328773
v 0.844906 4.719556 -0.328773
v 0.866215 4.528760 -0.328773
v 0.879434 4.327544 -0.328773
v 0.883972 4.117747 -0.328773
v 0.879625 4.117747 -0.328773
v 0.867606 4.117747 -0.328773
v 0.849449 4.117747 -0.328773
v 0.826690 4.117747 -0.328773
v 0.800861 4.117747 -0.328773
v 0.773499 4.117747 -0.328773
v 0.746136 4.117747 -0.328773
v 0.720307 4.117747 -0.328773
v 0.697548 4.117747 -0.328773
v 0.679392 4.117747 -0.328773
v 0.667372 4.117747 -0.328773
v 0.663025 4.117747 -0.328773
v 0.660504 4.312554 -0.328773
v 0.653161 4.499394 -0.328773
v 0.641324 4.676559 -0.328773
v 0.625324 4.842336 -0.328773
v 0.605488 4.995016 -0.328773
v 0.582146 5.132889 -0.328773
v 0.555628 5.254243 -0.328773
v 0.526262 5.357368 -0.328773
v 0.494377 5.440554 -0.328773
v 0.460303 5.502090 -0.328773
v 0.424369 5.540267 -0.328773
v 0.386903 5.553372 -0.328773
v 0.349428 5.541275 -0.328773
v 0.313486 5.506035 -0.328773
v 0.279405 5.449232 -0.328773
v 0.247514 5.372443 -0.328773
v 0.218143 5.277249 -0.328773
v 0.191621 5.165227 -0.328773
v 0.168276 5.037958 -0.328773
v 0.148438 4.897018 -0.328773
v 0.132435 4.743988 -0.328773
v 0.120596 4.580445 -0.328773
v 0.113251 4.407969 -0.328773
v 0.110729 4.228139 -0.328773
v 0.106382 4.228139 -0.328773
v 0.106382 4.228139 0.328773
v 0.094366 4.228139 -0.328773
v 0.094366 4.228139 0.328773
v 0.076214 4.228139 -0.328773
v 0.076214 4.228139 0.328773
v 0.053460 4.228139 -0.328773
v 0.053460 4.228139 0.328773
v 0.027638 4.228139 -0.328773
v 0.027638 4.228139 0.328773
v 0.000281 4.228139 -0.328773
v 0.000281 4.228139 0.328773
v -0.027075 4.228139 -0.328773
v -0.027075 4.228139 0.328773
v -0.052897 4.228139 -0.328773
v -0.052897 4.228139 0.328773
v -0.075651 4.228139 -0.328773
v -0.075651 4.228139 0.328773
v -0.093804 4.228139 -0.328773
v -0.093804 4.228139 0.328773
v -0.105820 4.228139 -0.328773
v -0.105820 4.228139 0.328773
v -0.110166 4.228139 -0.328773
v -0.110166 4.228139 0.328773
v -0.112688 4.407969 -0.328773
v -0.112688 4.407969 0.328773
v -0.120034 4.580445 -0.328773
v -0.120034 4.580445 0.328773
v -0.131874 4.743988 -0.328773
v -0.131874 4.743988 0.328773
v -0.147880 4.897018 -0.328773
v -0.147880 4.897018 0.328773
v -0.167722 5.037957 -0.328773
v -0.167722 5.037957 0.328773
v -0.191071 5.165227 -0.328773
v -0.191071 5.165227 0.328773
v -0.217597 5.277249 -0.328773
v -0.217597 5.277249 0.328773
v -0.246970 5.372443 -0.328773
v -0.246970 5.372443 0.328773
v -0.278863 5.449232 -0.328773
v -0.278863 5.449232 0.328773
v -0.312945 5.506035 -0.328773
v -0.312945 5.506035 0.328773
v -0.348887 5.541275 -0.328773
v -0.348887 5.541275 0.328773
v -0.386360 5.553372 -0.328773
v -0.386360 5.553372 0.328773
v -0.423821 5.540267 -0.328773
v -0.423821 5.540267 0.328773
v -0.459753 5.502090 -0.328773
v -0.459753 5.502090 0.328773
v -0.493825 5.440555 -0.328773
v -0.493825 5.440555 0.328773
v -0.525709 5.357368 -0.328773
v -0.525709 5.357368 0.328773
v -0.555074 5.254243 -0.328773
v -0.555074 5.254243 0.328773
v -0.581593 5.132889 -0.328773
v -0.581593 5.132889 0.328773
v -0.604935 4.995017 -0.328773
v -0.604935 4.995017 0.328773
v -0.624771 4.842336 -0.328773
v -0.624771 4.842336 0.328773
v -0.640773 4.676558 -0.328773
v -0.640773 4.676558 0.328773
v -0.652610 4.499394 -0.328773
v -0.652610 4.499394 0.328773
v -0.659954 4.312554 -0.328773
v -0.659954 4.312554 0.328773
v -0.662475 4.117747 -0.328773
v -0.662475 4.117747 0.328773
v -0.666823 4.117747 -0.328773
v -0.666823 4.117747 0.328773
v -0.678844 4.117747 -0.328773
v -0.678844 4.117747 0.328773
v -0.697002 4.117747 -0.328773
v -0.697002 4.117747 0.328773
v -0.719765 4.117747 -0.328773
v -0.719765 4.117747 0.328773
v -0.745596 4.117747 -0.328773
v -0.745596 4.117747 0.328773
v -0.772962 4.117747 -0.328773
v -0.772962 4.117747 0.328773
v -0.800328 4.117747 -0.328773
v -0.800328 4.117747 0.328773
v -0.826159 4.117747 -0.328773
v -0.826159 4.117747 0.328773
v -0.848922 4.117747 -0.328773
v -0.848922 4.117747 0.328773
v -0.867080 4.117747 -0.328773
v -0.867080 4.117747 0.328773
v -0.879101 4.117747 -0.328773
v -0.879101 4.117747 0.328773
v -0.883449 4.117747 -0.328773
v -0.883449 4.117747 0.328773
v -0.878910 4.327543 -0.328773
v -0.878910 4.327543 0.328773
v -0.865689 4.528760 -0.328773
v -0.865689 4.528760 0.328773
v -0.844378 4.719555 -0.328773
v -0.844378 4.719555 0.328773
v -0.815571 4.898088 -0.328773
v -0.815571 4.898088 0.328773
v -0.779860 5.062514 -0.328773
v -0.779860 5.062514 0.328773
v -0.737837 5.210993 -0.328773
v -0.737837 5.210993 0.328773
v -0.690096 5.341682 -0.328773
v -0.690096 5.341682 0.328773
v -0.637230 5.452741 -0.328773
v -0.637230 5.452741 0.328773
v -0.579830 5.542326 -0.328773
v -0.579830 5.542326 0.328773
v -0.518490 5.608596 -0.328773
v -0.518490 5.608596 0.328773
v -0.453802 5.649709 -0.328773
v -0.453802 5.649709 0.328773
v -0.386360 5.663823 -0.328773
v -0.386360 5.663823 0.328773
v -0.347686 5.659541 -0.328773
v -0.347686 5.659541 0.328773
v -0.309821 5.646907 -0.328773
v -0.309821 5.646907 0.328773
v -0.272874 5.626235 -0.328773
v -0.272874 5.626235 0.328773
v -0.236955 5.597841 -0.328773
v -0.236955 5.597841 0.328773
v -0.202172 5.562039 -0.328773
v -0.202172 5.562039 0.328773
v -0.168636 5.519145 -0.328773
v -0.168636 5.519145 0.328773
v -0.136456 5.469474 -0.328773
v -0.136456 5.469474 0.328773
v -0.105740 5.413342 -0.328773
v -0.105740 5.413342 0.328773
v -0.076599 5.351062 -0.328773
v -0.076599 5.351062 0.328773
v -0.049143 5.282950 -0.328773
v -0.049143 5.282950 0.328773
v -0.023479 5.209322 -0.328773
v -0.023479 5.209322 0.328773
v 0.000281 5.130493 -0.328773
v 0.000281 5.130493 0.328773
v 0.024046 5.209322 -0.328773
v 0.024046 5.209322 0.328773
v 0.049710 5.282950 -0.328773
v 0.049710 5.282950 0.328773
v 0.077167 5.351062 -0.328773
v 0.077167 5.351062 0.328773
v 0.106305 5.413342 -0.328773
v 0.106305 5.413342 0.328773
v 0.137018 5.469475 -0.328773
v 0.137018 5.469475 0.328773
v 0.169195 5.519145 -0.328773
v 0.169195 5.519145 0.328773
v 0.202727 5.562039 -0.328773
v 0.202727 5.562039 0.328773
v 0.237507 5.597841 -0.328773
v 0.237507 5.597841 0.328773
v 0.273423 5.626235 -0.328773
v 0.273423 5.626235 0.328773
v 0.310369 5.646907 -0.328773
v 0.310369 5.646907 0.328773
v 0.348234 5.659541 -0.328773
v 0.348234 5.659541 0.328773
v 0.386910 5.663823 -0.328773
v 0.386910 5.663823 0.328773
v 0.454351 5.649709 -0.328773
v 0.454351 5.649709 0.328773
v 0.519037 5.608596 -0.328773
v 0.519037 5.608596 0.328773
v 0.580375 5.542326 -0.328773
v 0.580375 5.542326 0.328773
v 0.637772 5.452742 -0.328773
v 0.637772 5.452742 0.328773
v 0.690636 5.341683 -0.328773
v 0.690636 5.341683 0.328773
v 0.738374 5.210993 -0.328773
v 0.738374 5.210993 0.328773
v 0.780393 5.062514 -0.328773
v 0.780393 5.062514 0.328773
v 0.816102 4.898088 -0.328773
v 0.816102 4.898088 0.328773
v 0.844906 4.719556 -0.328773
v 0.844906 4.719556 0.328773
v 0.866215 4.528760 -0.328773
v 0.866215 4.528760 0.328773
v 0.879434 4.327544 -0.328773
v 0.879434 4.327544 0.328773
v 0.883972 4.117747 -0.328773
v 0.883972 4.117747 0.328773
v 0.879625 4.117747 -0.328773
v 0.879625 4.117747 0.328773
v 0.867606 4.117747 -0.328773
v 0.867606 4.117747 0.328773
v 0.849449 4.117747 -0.328773
v 0.849449 4.117747 0.328773
v 0.826690 4.117747 -0.328773
v 0.826690 4.117747 0.328773
v 0.800861 4.117747 -0.328773
v 0.800861 4.117747 0.328773
v 0.773499 4.117747 -0.328773
v 0.773499 4.117747 0.328773
v 0.746136 4.117747 -0.328773
v 0.746136 4.117747 0.328773
v 0.720307 4.117747 -0.328773
v 0.720307 4.117747 0.328773
v 0.697548 4.117747 -0.328773
v 0.697548 4.117747 0.328773
v 0.679392 4.117747 -0.328773
v 0.679392 4.117747 0.328773
v 0.667372 4.117747 -0.328773
v 0.667372 4.117747 0.328773
v 0.663025 4.117747 -0.328773
v 0.663025 4.117747 0.328773
v 0.660504 4.312554 -0.328773
v 0.660504 4.312554 0.328773
v 0.653161 4.499394 -0.328773
v 0.653161 4.499394 0.328773
v 0.641324 4.676559 -0.328773
v 0.641324 4.676559 0.328773
v 0.625324 4.842336 -0.328773
v 0.625324 4.842336 0.328773
v 0.605488 4.995016 -0.328773
v 0.605488 4.995016 0.328773
v 0.582146 5.132889 -0.328773
v 0.582146 5.132889 0.328773
v 0.555628 5.254243 -0.328773
v 0.555628 5.254243 0.328773
v 0.526262 5.357368 -0.328773
v 0.526262 5.357368 0.328773
v 0.494377 5.440554 -0.328773
v 0.494377 5.440554 0.328773
v 0.460303 5.502090 -0.328773
v 0.460303 5.502090 0.328773
v 0.424369 5.540267 -0.328773
v 0.424369 5.540267 0.328773
v 0.386903 5.553372 -0.328773
v 0.386903 5.553372 0.328773
v 0.349428 5.541275 -0.328773
v 0.349428 5.541275 0.328773
v 0.313486 5.506035 -0.328773
v 0.313486 5.506035 0.328773
v 0.279405 5.449232 -0.328773
v 0.279405 5.449232 0.328773
v 0.247514 5.372443 -0.328773
v 0.247514 5.372443 0.328773
v 0.218143 5.277249 -0.328773
v 0.218143 5.277249 0.328773
v 0.191621 5.165227 -0.328773
v 0.191621 5.165227 0.328773
v 0.168276 5.037958 -0.328773
v 0.168276 5.037958 0.328773
v 0.148438 4.897018 -0.328773
v 0.148438 4.897018 0.328773
v 0.132435 4.743988 -0.328773
v 0.132435 4.743988 0.328773
v 0.120596 4.580445 -0.328773
v 0.120596 4.580445 0.328773
v 0.113251 4.407969 -0.328773
v 0.113251 4.407969 0.328773
v 0.110729 4.228139 -0.328773
v 0.110729 4.228139 0.328773
vt 0.451128 0.000000
vt 0.443609 0.000000
vt 0.458647 0.000000
vt 0.560694 0.000000
vt 0.572254 0.000000
vt 0.566474 0.000000
vt 0.433526 0.000000
vt 0.427746 0.000000
vt 0.612717 0.000000
vt 0.208092 0.000000
vt 0.196532 0.000000
vt 0.190751 0.000000
vt 0.069364 0.000000
vt 0.052023 0.000000
vt 0.075145 0.000000
vt 0.202312 0.000000
vt 0.057803 0.000000
vt 0.063584 0.000000
vt 0.178571 0.000000
vt 0.232143 0.000000
vt 0.196429 0.000000
vt 0.678571 0.000000
vt 0.357143 0.000000
vt 0.696429 0.000000
vt 0.863158 0.000000
vt 0.442105 0.000000
vt 0.873684 0.000000
vt 0.628866 0.000000
vt 0.597938 0.000000
vt 0.587629 0.000000
vt 0.618557 0.000000
vt 0.608247 0.000000
vt 0.428571 0.000000
vt 0.357143 0.000000
vt 0.714286 0.000000
vt 0.894737 0.000000
vt 0.902256 0.000000
vt 0.909774 0.000000
vt 0.917293 0.000000
vt 0.887218 0.000000
vt 0.924812 0.000000
vt 0.932331 0.000000
vt 0.879699 0.000000
vt 0.939850 0.000000
vt 0.947368 0.000000
vt 0.872180 0.000000
vt 0.954887 0.000000
vt 0.962406 0.000000
vt 0.864662 0.000000
vt 0.969925 0.000000
vt 0.977444 0.000000
vt 0.857143 0.000000
vt 0.984962 0.000000
vt 0.992481 0.000000
vt 0.849624 0.000000
vt 0.052632 0.000000
vt 0.045113 0.000000
vt 0.037594 0.000000
vt 0.030075 0.000000
vt 0.022556 0.000000
vt 0.015038 0.000000
vt 0.007519 0.000000
vt 0.000000 0.000000
vt 1.000000 0.000000
vt 0.842105 0.000000
vt 0.067669 0.000000
vt 0.060150 0.000000
vt 0.834586 0.000000
vt 0.075188 0.000000
vt 0.827068 0.000000
vt 0.090226 0.000000
vt 0.082707 0.000000
vt 0.097744 0.000000
vt 0.105263 0.000000
vt 0.112782 0.000000
vt 0.120301 0.000000
vt 0.127820 0.000000
vt 0.819549 0.000000
vt 0.135338 0.000000
vt 0.142857 0.000000
vt 0.150376 0.000000
vt 0.157895 0.000000
vt 0.812030 0.000000
vt 0.165414 0.000000
vt 0.172932 0.000000
vt 0.180451 0.000000
vt 0.804511 0.000000
vt 0.187970 0.000000
vt 0.195489 0.000000
vt 0.203008 0.000000
vt 0.210526 0.000000
vt 0.218045 0.000000
vt 0.796992 0.000000
vt 0.225564 0.000000
vt 0.233083 0.000000
vt 0.240602 0.000000
vt 0.789474 0.000000
vt 0.248120 0.000000
vt 0.255639 0.000000
vt 0.263158 0.000000
vt 0.781955 0.000000
vt 0.270677 0.000000
vt 0.774436 0.000000
vt 0.278196 0.000000
vt 0.285714 0.000000
vt 0.766917 0.000000
vt 0.293233 0.000000
vt 0.759399 0.000000
vt 0.300752 0.000000
vt 0.308271 0.000000
vt 0.751880 0.000000
vt 0.315789 0.000000
vt 0.744361 0.000000
vt 0.323308 0.000000
vt 0.330827 0.000000
vt 0.736842 0.000000
vt 0.338346 0.000000
vt 0.729323 0.000000
vt 0.345865 0.000000
vt 0.721804 0.000000
vt 0.353383 0.000000
vt 0.533835 0.000000
vt 0.541353 0.000000
vt 0.548872 0.000000
vt 0.360902 0.000000
vt 0.714286 0.000000
vt 0.556391 0.000000
vt 0.706767 0.000000
vt 0.563910 0.000000
vt 0.699248 0.000000
vt 0.368421 0.000000
vt 0.571429 0.000000
vt 0.691729 0.000000
vt 0.578947 0.000000
vt 0.684211 0.000000
vt 0.586466 0.000000
vt 0.676692 0.000000
vt 0.375940 0.000000
vt 0.593985 0.000000
vt 0.669173 0.000000
vt 0.661654 0.000000
vt 0.601504 0.000000
vt 0.654135 0.000000
vt 0.609023 0.000000
vt 0.646617 0.000000
vt 0.616541 0.000000
vt 0.639098 0.000000
vt 0.624060 0.000000
vt 0.631579 0.000000
vt 0.383459 0.000000
vt 0.390977 0.000000
vt 0.398496 0.000000
vt 0.526316 0.000000
vt 0.406015 0.000000
vt 0.518797 0.000000
vt 0.511278 0.000000
vt 0.413534 0.000000
vt 0.503759 0.000000
vt 0.496241 0.000000
vt 0.421053 0.000000
vt 0.488722 0.000000
vt 0.428571 0.000000
vt 0.481203 0.000000
vt 0.473684 0.000000
vt 0.436090 0.000000
vt 0.466165 0.000000
vt 0.458647 0.000000
vt 0.443609 0.000000
vt 0.451128 0.000000
vt 1.000000 0.000000
vt 0.000000 0.000000
vt 0.200000 0.000000
vt 0.400000 0.000000
vt 0.800000 0.000000
vt 0.600000 0.000000
vt 0.467532 0.000000
vt 0.480519 0.000000
vt 0.493506 0.000000
vt 0.506494 0.000000
vt 0.298701 0.000000
vt 0.311688 0.000000
vt 0.324675 0.000000
vt 0.337662 0.000000
vt 0.350649 0.000000
vt 0.363636 0.000000
vt 0.376623 0.000000
vt 0.285714 0.000000
vt 0.389610 0.000000
vt 0.402597 0.000000
vt 0.415584 0.000000
vt 0.272727 0.000000
vt 0.428571 0.000000
vt 0.441558 0.000000
vt 0.454545 0.000000
vt 0.259740 0.000000
vt 0.545455 0.000000
vt 0.532468 0.000000
vt 0.519481 0.000000
vt 1.000000 0.000000
vt 0.246753 0.000000
vt 0.584416 0.000000
vt 0.571429 0.000000
vt 0.558442 0.000000
vt 0.233766 0.000000
vt 0.623377 0.000000
vt 0.610390 0.000000
vt 0.597403 0.000000
vt 0.220779 0.000000
vt 0.662338 0.000000
vt 0.649351 0.000000
vt 0.636364 0.000000
vt 0.675325 0.000000
vt 0.688312 0.000000
vt 0.207792 0.000000
vt 0.701299 0.000000
vt 0.714286 0.000000
vt 0.987013 0.000000
vt 0.727273 0.000000
vt 0.194805 0.000000
vt 0.740260 0.000000
vt 0.753247 0.000000
vt 0.181818 0.000000
vt 0.766234 0.000000
vt 0.779221 0.000000
vt 0.168831 0.000000
vt 0.792208 0.000000
vt 0.155844 0.000000
vt 0.805195 0.000000
vt 0.818182 0.000000
vt 0.142857 0.000000
vt 0.831169 0.000000
vt 0.844156 0.000000
vt 0.129870 0.000000
vt 0.857143 0.000000
vt 0.116883 0.000000
vt 0.870130 0.000000
vt 0.883117 0.000000
vt 0.103896 0.000000
vt 0.896104 0.000000
vt 0.909091 0.000000
vt 0.090909 0.000000
vt 0.922078 0.000000
vt 0.935065 0.000000
vt 0.948052 0.000000
vt 0.077922 0.000000
vt 0.961039 0.000000
vt 0.974026 0.000000
vt 0.064935 0.000000
vt 0.051948 0.000000
vt 0.038961 0.000000
vt 0.025974 0.000000
vt 0.012987 0.000000
vt 0.000000 0.000000
vt 0.000000 0.000000
vt 0.333333 0.000000
vt 0.666667 0.000000
vt 1.000000 0.000000
vt 0.560694 0.000000
vt 0.566474 0.000000
vt 0.572254 0.000000
vt 0.554913 0.000000
vt 0.578035 0.000000
vt 0.549133 0.000000
vt 0.543353 0.000000
vt 0.583815 0.000000
vt 0.537572 0.000000
vt 0.589595 0.000000
vt 0.531792 0.000000
vt 0.526012 0.000000
vt 0.595376 0.000000
vt 0.520231 0.000000
vt 0.601156 0.000000
vt 0.514451 0.000000
vt 0.508671 0.000000
vt 0.606936 0.000000
vt 0.502890 0.000000
vt 0.612717 0.000000
vt 0.497110 0.000000
vt 0.491329 0.000000
vt 0.485549 0.000000
vt 0.479769 0.000000
vt 0.473988 0.000000
vt 0.468208 0.000000
vt 0.462428 0.000000
vt 0.456647 0.000000
vt 0.450867 0.000000
vt 0.445087 0.000000
vt 0.439306 0.000000
vt 0.433526 0.000000
vt 0.427746 0.000000
vt 0.421965 0.000000
vt 0.618497 0.000000
vt 0.416185 0.000000
vt 0.624277 0.000000
vt 0.410405 0.000000
vt 0.404624 0.000000
vt 0.398844 0.000000
vt 0.393064 0.000000
vt 0.387283 0.000000
vt 0.630058 0.000000
vt 0.381503 0.000000
vt 0.375723 0.000000
vt 0.369942 0.000000
vt 0.635838 0.000000
vt 0.364162 0.000000
vt 0.358382 0.000000
vt 0.641618 0.000000
vt 0.352601 0.000000
vt 0.346821 0.000000
vt 0.341040 0.000000
vt 1.000000 0.000000
vt 0.335260 0.000000
vt 0.329480 0.000000
vt 0.323699 0.000000
vt 0.317919 0.000000
vt 0.791907 0.000000
vt 0.994220 0.000000
vt 0.797688 0.000000
vt 0.312139 0.000000
vt 0.803468 0.000000
vt 0.306358 0.000000
vt 0.809249 0.000000
vt 0.300578 0.000000
vt 0.815029 0.000000
vt 0.820809 0.000000
vt 0.294798 0.000000
vt 0.826590 0.000000
vt 0.289017 0.000000
vt 0.832370 0.000000
vt 0.838150 0.000000
vt 0.283237 0.000000
vt 0.843931 0.000000
vt 0.849711 0.000000
vt 0.277457 0.000000
vt 0.855491 0.000000
vt 0.271676 0.000000
vt 0.861272 0.000000
vt 0.867052 0.000000
vt 0.265896 0.000000
vt 0.872832 0.000000
vt 0.878613 0.000000
vt 0.988439 0.000000
vt 0.260116 0.000000
vt 0.982659 0.000000
vt 0.884393 0.000000
vt 0.976879 0.000000
vt 0.774566 0.000000
vt 0.780347 0.000000
vt 0.786127 0.000000
vt 0.647399 0.000000
vt 0.890173 0.000000
vt 0.768786 0.000000
vt 0.971098 0.000000
vt 0.653179 0.000000
vt 0.763006 0.000000
vt 0.254335 0.000000
vt 0.895954 0.000000
vt 0.658960 0.000000
vt 0.965318 0.000000
vt 0.757225 0.000000
vt 0.664740 0.000000
vt 0.959538 0.000000
vt 0.751445 0.000000
vt 0.901734 0.000000
vt 0.670520 0.000000
vt 0.745665 0.000000
vt 0.953757 0.000000
vt 0.676301 0.000000
vt 0.739884 0.000000
vt 0.907514 0.000000
vt 0.682081 0.000000
vt 0.947977 0.000000
vt 0.734104 0.000000
vt 0.687861 0.000000
vt 0.248555 0.000000
vt 0.728324 0.000000
vt 0.913295 0.000000
vt 0.942197 0.000000
vt 0.693642 0.000000
vt 0.722543 0.000000
vt 0.699422 0.000000
vt 0.716763 0.000000
vt 0.936416 0.000000
vt 0.705202 0.000000
vt 0.710983 0.000000
vt 0.919075 0.000000
vt 0.930636 0.000000
vt 0.924855 0.000000
vt 0.132948 0.000000
vt 0.242775 0.000000
vt 0.138728 0.000000
vt 0.127168 0.000000
vt 0.236994 0.000000
vt 0.144509 0.000000
vt 0.121387 0.000000
vt 0.000000 0.000000
vt 0.231214 0.000000
vt 0.150289 0.000000
vt 0.115607 0.000000
vt 0.005780 0.000000
vt 0.156069 0.000000
vt 0.109827 0.000000
vt 0.225434 0.000000
vt 0.011561 0.000000
vt 0.161850 0.000000
vt 0.104046 0.000000
vt 0.017341 0.000000
vt 0.219653 0.000000
vt 0.167630 0.000000
vt 0.098266 0.000000
vt 0.023121 0.000000
vt 0.173410 0.000000
vt 0.092486 0.000000
vt 0.028902 0.000000
vt 0.213873 0.000000
vt 0.179191 0.000000
vt 0.086705 0.000000
vt 0.034682 0.000000
vt 0.184971 0.000000
vt 0.040462 0.000000
vt 0.080925 0.000000
vt 0.208092 0.000000
vt 0.046243 0.000000
vt 0.190751 0.000000
vt 0.075145 0.000000
vt 0.052023 0.000000
vt 0.196532 0.000000
vt 0.069364 0.000000
vt 0.202312 0.000000
vt 0.057803 0.000000
vt 0.063584 0.000000
vt 0.196429 0.000000
vt 0.214286 0.000000
vt 0.232143 0.000000
vt 0.178571 0.000000
vt 0.250000 0.000000
vt 0.160714 0.000000
vt 0.142857 0.000000
vt 0.267857 0.000000
vt 0.125000 0.000000
vt 0.946429 0.000000
vt 0.964286 0.000000
vt 0.982143 0.000000
vt 1.000000 0.000000
vt 0.285714 0.000000
vt 0.107143 0.000000
vt 0.089286 0.000000
vt 0.303571 0.000000
vt 0.071429 0.000000
vt 0.321429 0.000000
vt 0.053571 0.000000
vt 0.035714 0.000000
vt 0.339286 0.000000
vt 0.017857 0.000000
vt 0.000000 0.000000
vt 0.696429 0.000000
vt 0.357143 0.000000
vt 0.910714 0.000000
vt 0.892857 0.000000
vt 0.875000 0.000000
vt 0.857143 0.000000
vt 0.839286 0.000000
vt 0.821429 0.000000
vt 0.803571 0.000000
vt 0.785714 0.000000
vt 0.767857 0.000000
vt 0.750000 0.000000
vt 0.732143 0.000000
vt 0.714286 0.000000
vt 0.678571 0.000000
vt 0.660714 0.000000
vt 0.642857 0.000000
vt 0.625000 0.000000
vt 0.375000 0.000000
vt 0.607143 0.000000
vt 0.589286 0.000000
vt 0.571429 0.000000
vt 0.392857 0.000000
vt 0.553571 0.000000
vt 0.535714 0.000000
vt 0.410714 0.000000
vt 0.517857 0.000000
vt 0.928571 0.000000
vt 0.500000 0.000000
vt 0.428571 0.000000
vt 0.482143 0.000000
vt 0.464286 0.000000
vt 0.446429 0.000000
vt 0.357895 0.000000
vt 0.368421 0.000000
vt 0.378947 0.000000
vt 0.389474 0.000000
vt 0.347368 0.000000
vt 0.400000 0.000000
vt 0.336842 0.000000
vt 0.410526 0.000000
vt 0.326316 0.000000
vt 0.421053 0.000000
vt 0.315789 0.000000
vt 0.431579 0.000000
vt 0.305263 0.000000
vt 0.442105 0.000000
vt 0.294737 0.000000
vt 0.873684 0.000000
vt 0.884211 0.000000
vt 0.863158 0.000000
vt 0.894737 0.000000
vt 0.852632 0.000000
vt 0.905263 0.000000
vt 0.842105 0.000000
vt 0.452632 0.000000
vt 0.284211 0.000000
vt 0.915789 0.000000
vt 0.831579 0.000000
vt 0.926316 0.000000
vt 0.821053 0.000000
vt 0.936842 0.000000
vt 0.810526 0.000000
vt 0.463158 0.000000
vt 0.273684 0.000000
vt 0.947368 0.000000
vt 0.800000 0.000000
vt 0.957895 0.000000
vt 0.789474 0.000000
vt 0.473684 0.000000
vt 0.263158 0.000000
vt 0.968421 0.000000
vt 0.778947 0.000000
vt 0.484211 0.000000
vt 0.252632 0.000000
vt 0.978947 0.000000
vt 0.768421 0.000000
vt 0.989474 0.000000
vt 0.757895 0.000000
vt 0.494737 0.000000
vt 0.242105 0.000000
vt 1.000000 0.000000
vt 0.747368 0.000000
vt 0.231579 0.000000
vt 0.505263 0.000000
vt 0.000000 0.000000
vt 0.736842 0.000000
vt 0.515789 0.000000
vt 0.726316 0.000000
vt 0.221053 0.000000
vt 0.010526 0.000000
vt 0.526316 0.000000
vt 0.715789 0.000000
vt 0.536842 0.000000
vt 0.210526 0.000000
vt 0.705263 0.000000
vt 0.021053 0.000000
vt 0.547368 0.000000
vt 0.694737 0.000000
vt 0.200000 0.000000
vt 0.031579 0.000000
vt 0.557895 0.000000
vt 0.684211 0.000000
vt 0.568421 0.000000
vt 0.673684 0.000000
vt 0.189474 0.000000
vt 0.042105 0.000000
vt 0.578947 0.000000
vt 0.663158 0.000000
vt 0.589474 0.000000
vt 0.652632 0.000000
vt 0.600000 0.000000
vt 0.642105 0.000000
vt 0.178947 0.000000
vt 0.052632 0.000000
vt 0.610526 0.000000
vt 0.631579 0.000000
vt 0.621053 0.000000
vt 0.168421 0.000000
vt 0.063158 0.000000
vt 0.157895 0.000000
vt 0.073684 0.000000
vt 0.147368 0.000000
vt 0.084211 0.000000
vt 0.136842 0.000000
vt 0.094737 0.000000
vt 0.126316 0.000000
vt 0.105263 0.000000
vt 0.115789 0.000000
vt 0.471698 0.000000
vt 0.490566 0.000000
vt 0.981132 0.000000
vt 0.000000 0.000000
vt 0.018868 0.000000
vt 0.037736 0.000000
vt 0.056604 0.000000
vt 0.075472 0.000000
vt 0.094340 0.000000
vt 0.962264 0.000000
vt 0.943396 0.000000
vt 0.113208 0.000000
vt 1.000000 0.000000
vt 0.924528 0.000000
vt 0.905660 0.000000
vt 0.886792 0.000000
vt 0.132075 0.000000
vt 0.867925 0.000000
vt 0.849057 0.000000
vt 0.150943 0.000000
vt 0.830189 0.000000
vt 0.169811 0.000000
vt 0.811321 0.000000
vt 0.792453 0.000000
vt 0.188679 0.000000
vt 0.773585 0.000000
vt 0.207547 0.000000
vt 0.754717 0.000000
vt 0.226415 0.000000
vt 0.735849 0.000000
vt 0.716981 0.000000
vt 0.245283 0.000000
vt 0.698113 0.000000
vt 0.264151 0.000000
vt 0.679245 0.000000
vt 0.660377 0.000000
vt 0.283019 0.000000
vt 0.641509 0.000000
vt 0.301887 0.000000
vt 0.622642 0.000000
vt 0.603774 0.000000
vt 0.320755 0.000000
vt 0.584906 0.000000
vt 0.339623 0.000000
vt 0.566038 0.000000
vt 0.547170 0.000000
vt 0.358491 0.000000
vt 0.528302 0.000000
vt 0.509434 0.000000
vt 0.377358 0.000000
vt 0.396226 0.000000
vt 0.415094 0.000000
vt 0.433962 0.000000
vt 0.452830 0.000000
vt 0.855670 0.000000
vt 0.865979 0.000000
vt 0.876289 0.000000
vt 0.886598 0.000000
vt 0.896907 0.000000
vt 0.845361 0.000000
vt 0.907216 0.000000
vt 0.917526 0.000000
vt 0.927835 0.000000
vt 0.835052 0.000000
vt 0.938144 0.000000
vt 0.948454 0.000000
vt 0.958763 0.000000
vt 0.824742 0.000000
vt 0.969072 0.000000
vt 0.979381 0.000000
vt 0.989691 0.000000
vt 0.814433 0.000000
vt 0.072165 0.000000
vt 0.061856 0.000000
vt 0.051546 0.000000
vt 0.041237 0.000000
vt 0.030928 0.000000
vt 0.020619 0.000000
vt 0.010309 0.000000
vt 0.000000 0.000000
vt 1.000000 0.000000
vt 0.804124 0.000000
vt 0.092784 0.000000
vt 0.082474 0.000000
vt 0.793814 0.000000
vt 0.113402 0.000000
vt 0.103093 0.000000
vt 0.123711 0.000000
vt 0.134021 0.000000
vt 0.144330 0.000000
vt 0.783505 0.000000
vt 0.154639 0.000000
vt 0.164948 0.000000
vt 0.175258 0.000000
vt 0.773196 0.000000
vt 0.185567 0.000000
vt 0.195876 0.000000
vt 0.762887 0.000000
vt 0.206186 0.000000
vt 0.216495 0.000000
vt 0.752577 0.000000
vt 0.226804 0.000000
vt 0.742268 0.000000
vt 0.237113 0.000000
vt 0.247423 0.000000
vt 0.731959 0.000000
vt 0.257732 0.000000
vt 0.721649 0.000000
vt 0.268041 0.000000
vt 0.278351 0.000000
vt 0.711340 0.000000
vt 0.288660 0.000000
vt 0.298969 0.000000
vt 0.701031 0.000000
vt 0.309278 0.000000
vt 0.474227 0.000000
vt 0.484536 0.000000
vt 0.494845 0.000000
vt 0.319588 0.000000
vt 0.463918 0.000000
vt 0.690722 0.000000
vt 0.453608 0.000000
vt 0.329897 0.000000
vt 0.443299 0.000000
vt 0.432990 0.000000
vt 0.422680 0.000000
vt 0.340206 0.000000
vt 0.412371 0.000000
vt 0.402062 0.000000
vt 0.350515 0.000000
vt 0.391753 0.000000
vt 0.381443 0.000000
vt 0.360825 0.000000
vt 0.371134 0.000000
vt 0.680412 0.000000
vt 0.670103 0.000000
vt 0.659794 0.000000
vt 0.649485 0.000000
vt 0.505155 0.000000
vt 0.515464 0.000000
vt 0.525773 0.000000
vt 0.639175 0.000000
vt 0.536082 0.000000
vt 0.546392 0.000000
vt 0.556701 0.000000
vt 0.567010 0.000000
vt 0.628866 0.000000
vt 0.577320 0.000000
vt 0.587629 0.000000
vt 0.597938 0.000000
vt 0.618557 0.000000
vt 0.608247 0.000000
vt 0.571429 0.000000
vt 0.642857 0.000000
vt 0.714286 0.000000
vt 0.428571 0.000000
vt 0.357143 0.000000
vt 0.785714 0.000000
vt 0.857143 0.000000
vt 0.928571 0.000000
vt 0.142857 0.000000
vt 0.071429 0.000000
vt 1.000000 0.000000
vt 0.500000 0.000000
vt 0.285714 0.000000
vt 0.214286 0.000000
vt 0.000000 0.000000
vt 0.451128 0.000000
vt 0.443609 0.000000
vt 0.458647 0.000000
vt 0.560694 0.000000
vt 0.572254 0.000000
vt 0.566474 0.000000
vt 0.410405 0.000000
vt 0.624277 0.000000
vt 0.416185 0.000000
vt 0.936416 0.000000
vt 0.710983 0.000000
vt 0.705202 0.000000
vt 0.069364 0.000000
vt 0.057803 0.000000
vt 0.052023 0.000000
vt 0.678571 0.000000
vt 0.357143 0.000000
vt 0.696429 0.000000
vt 0.618557 0.000000
vt 0.608247 0.000000
vt 0.597938 0.000000
vt 0.894737 0.000000
vt 0.902256 0.000000
vt 0.909774 0.000000
vt 0.917293 0.000000
vt 0.887218 0.000000
vt 0.924812 0.000000
vt 0.932331 0.000000
vt 0.879699 0.000000
vt 0.939850 0.000000
vt 0.947368 0.000000
vt 0.872180 0.000000
vt 0.954887 0.000000
vt 0.962406 0.000000
vt 0.864662 0.000000
vt 0.969925 0.000000
vt 0.977444 0.000000
vt 0.857143 0.000000
vt 0.984962 0.000000
vt 0.992481 0.000000
vt 0.849624 0.000000
vt 0.052632 0.000000
vt 0.045113 0.000000
vt 0.037594 0.000000
vt 0.030075 0.000000
vt 0.022556 0.000000
vt 0.015038 0.000000
vt 0.007519 0.000000
vt 0.000000 0.000000
vt 1.000000 0.000000
vt 0.842105 0.000000
vt 0.067669 0.000000
vt 0.060150 0.000000
vt 0.834586 0.000000
vt 0.075188 0.000000
vt 0.827068 0.000000
vt 0.090226 0.000000
vt 0.082707 0.000000
vt 0.097744 0.000000
vt 0.105263 0.000000
vt 0.112782 0.000000
vt 0.120301 0.000000
vt 0.127820 0.000000
vt 0.819549 0.000000
vt 0.135338 0.000000
vt 0.142857 0.000000
vt 0.150376 0.000000
vt 0.157895 0.000000
vt 0.812030 0.000000
vt 0.165414 0.000000
vt 0.172932 0.000000
vt 0.180451 0.000000
vt 0.804511 0.000000
vt 0.187970 0.000000
vt 0.195489 0.000000
vt 0.203008 0.000000
vt 0.210526 0.000000
vt 0.218045 0.000000
vt 0.796992 0.000000
vt 0.225564 0.000000
vt 0.233083 0.000000
vt 0.240602 0.000000
vt 0.789474 0.000000
vt 0.248120 0.000000
vt 0.255639 0.000000
vt 0.263158 0.000000
vt 0.781955 0.000000
vt 0.270677 0.000000
vt 0.774436 0.000000
vt 0.278196 0.000000
vt 0.285714 0.000000
vt 0.766917 0.000000
vt 0.293233 0.000000
vt 0.759399 0.000000
vt 0.300752 0.000000
vt 0.308271 0.000000
vt 0.751880 0.000000
vt 0.315789 0.000000
vt 0.744361 0.000000
vt 0.323308 0.000000
vt 0.330827 0.000000
vt 0.736842 0.000000
vt 0.338346 0.000000
vt 0.729323 0.000000
vt 0.345865 0.000000
vt 0.721804 0.000000
vt 0.353383 0.000000
vt 0.533835 0.000000
vt 0.541353 0.000000
vt 0.548872 0.000000
vt 0.360902 0.000000
vt 0.714286 0.000000
vt 0.556391 0.000000
vt 0.706767 0.000000
vt 0.563910 0.000000
vt 0.699248 0.000000
vt 0.368421 0.000000
vt 0.571429 0.000000
vt 0.691729 0.000000
vt 0.578947 0.000000
vt 0.684211 0.000000
vt 0.586466 0.000000
vt 0.676692 0.000000
vt 0.375940 0.000000
vt 0.593985 0.000000
vt 0.669173 0.000000
vt 0.661654 0.000000
vt 0.601504 0.000000
vt 0.654135 0.000000
vt 0.609023 0.000000
vt 0.646617 0.000000
vt 0.616541 0.000000
vt 0.639098 0.000000
vt 0.624060 0.000000
vt 0.631579 0.000000
vt 0.383459 0.000000
vt 0.390977 0.000000
vt 0.398496 0.000000
vt 0.526316 0.000000
vt 0.406015 0.000000
vt 0.518797 0.000000
vt 0.511278 0.000000
vt 0.413534 0.000000
vt 0.503759 0.000000
vt 0.496241 0.000000
vt 0.421053 0.000000
vt 0.488722 0.000000
vt 0.428571 0.000000
vt 0.481203 0.000000
vt 0.473684 0.000000
vt 0.436090 0.000000
vt 0.466165 0.000000
vt 0.458647 0.000000
vt 0.443609 0.000000
vt 0.451128 0.000000
vt 1.000000 0.000000
vt 0.000000 0.000000
vt 0.200000 0.000000
vt 0.400000 0.000000
vt 0.800000 0.000000
vt 0.600000 0.000000
vt 0.467532 0.000000
vt 0.480519 0.000000
vt 0.493506 0.000000
vt 0.506494 0.000000
vt 0.298701 0.000000
vt 0.311688 0.000000
vt 0.324675 0.000000
vt 0.337662 0.000000
vt 0.350649 0.000000
vt 0.363636 0.000000
vt 0.376623 0.000000
vt 0.285714 0.000000
vt 0.389610 0.000000
vt 0.402597 0.000000
vt 0.415584 0.000000
vt 0.272727 0.000000
vt 0.428571 0.000000
vt 0.441558 0.000000
vt 0.454545 0.000000
vt 0.259740 0.000000
vt 0.545455 0.000000
vt 0.532468 0.000000
vt 0.519481 0.000000
vt 1.000000 0.000000
vt 0.246753 0.000000
vt 0.584416 0.000000
vt 0.571429 0.000000
vt 0.558442 0.000000
vt 0.233766 0.000000
vt 0.623377 0.000000
vt 0.610390 0.000000
vt 0.597403 0.000000
vt 0.220779 0.000000
vt 0.662338 0.000000
vt 0.649351 0.000000
vt 0.636364 0.000000
vt 0.675325 0.000000
vt 0.688312 0.000000
vt 0.207792 0.000000
vt 0.701299 0.000000
vt 0.714286 0.000000
vt 0.987013 0.000000
vt 0.727273 0.000000
vt 0.194805 0.000000
vt 0.740260 0.000000
vt 0.753247 0.000000
vt 0.181818 0.000000
vt 0.766234 0.000000
vt 0.779221 0.000000
vt 0.168831 0.000000
vt 0.792208 0.000000
vt 0.155844 0.000000
vt 0.805195 0.000000
vt 0.818182 0.000000
vt 0.142857 0.000000
vt 0.831169 0.000000
vt 0.844156 0.000000
vt 0.129870 0.000000
vt 0.857143 0.000000
vt 0.116883 0.000000
vt 0.870130 0.000000
vt 0.883117 0.000000
vt 0.103896 0.000000
vt 0.896104 0.000000
vt 0.909091 0.000000
vt 0.090909 0.000000
vt 0.922078 0.000000
vt 0.935065 0.000000
vt 0.948052 0.000000
vt 0.077922 0.000000
vt 0.961039 0.000000
vt 0.974026 0.000000
vt 0.064935 0.000000
vt 0.051948 0.000000
vt 0.038961 0.000000
vt 0.025974 0.000000
vt 0.012987 0.000000
vt 0.000000 0.000000
vt 0.000000 0.000000
vt 0.333333 0.000000
vt 0.666667 0.000000
vt 1.000000 0.000000
vt 0.560694 0.000000
vt 0.566474 0.000000
vt 0.572254 0.000000
vt 0.554913 0.000000
vt 0.578035 0.000000
vt 0.549133 0.000000
vt 0.543353 0.000000
vt 0.583815 0.000000
vt 0.537572 0.000000
vt 0.589595 0.000000
vt 0.531792 0.000000
vt 0.526012 0.000000
vt 0.595376 0.000000
vt 0.520231 0.000000
vt 0.601156 0.000000
vt 0.514451 0.000000
vt 0.508671 0.000000
vt 0.606936 0.000000
vt 0.502890 0.000000
vt 0.612717 0.000000
vt 0.497110 0.000000
vt 0.491329 0.000000
vt 0.485549 0.000000
vt 0.479769 0.000000
vt 0.473988 0.000000
vt 0.468208 0.000000
vt 0.462428 0.000000
vt 0.456647 0.000000
vt 0.450867 0.000000
vt 0.445087 0.000000
vt 0.439306 0.000000
vt 0.433526 0.000000
vt 0.427746 0.000000
vt 0.421965 0.000000
vt 0.618497 0.000000
vt 0.416185 0.000000
vt 0.624277 0.000000
vt 0.410405 0.000000
vt 0.404624 0.000000
vt 0.398844 0.000000
vt 0.393064 0.000000
vt 0.387283 0.000000
vt 0.630058 0.000000
vt 0.381503 0.000000
vt 0.375723 0.000000
vt 0.369942 0.000000
vt 0.635838 0.000000
vt 0.364162 0.000000
vt 0.358382 0.000000
vt 0.641618 0.000000
vt 0.352601 0.000000
vt 0.346821 0.000000
vt 0.341040 0.000000
vt 1.000000 0.000000
vt 0.335260 0.000000
vt 0.329480 0.000000
vt 0.323699 0.000000
vt 0.317919 0.000000
vt 0.791907 0.000000
vt 0.994220 0.000000
vt 0.797688 0.000000
vt 0.312139 0.000000
vt 0.803468 0.000000
vt 0.306358 0.000000
vt 0.809249 0.000000
vt 0.300578 0.000000
vt 0.815029 0.000000
vt 0.820809 0.000000
vt 0.294798 0.000000
vt 0.826590 0.000000
vt 0.289017 0.000000
vt 0.832370 0.000000
vt 0.838150 0.000000
vt 0.283237 0.000000
vt 0.843931 0.000000
vt 0.849711 0.000000
vt 0.277457 0.000000
vt 0.855491 0.000000
vt 0.271676 0.000000
vt 0.861272 0.000000
vt 0.867052 0.000000
vt 0.265896 0.000000
vt 0.872832 0.000000
vt 0.878613 0.000000
vt 0.988439 0.000000
vt 0.260116 0.000000
vt 0.982659 0.000000
vt 0.884393 0.000000
vt 0.976879 0.000000
vt 0.774566 0.000000
vt 0.780347 0.000000
vt 0.786127 0.000000
vt 0.647399 0.000000
vt 0.890173 0.000000
vt 0.768786 0.000000
vt 0.971098 0.000000
vt 0.653179 0.000000
vt 0.763006 0.000000
vt 0.254335 0.000000
vt 0.895954 0.000000
vt 0.658960 0.000000
vt 0.965318 0.000000
vt 0.757225 0.000000
vt 0.664740 0.000000
vt 0.959538 0.000000
vt 0.751445 0.000000
vt 0.901734 0.000000
vt 0.670520 0.000000
vt 0.745665 0.000000
vt 0.953757 0.000000
vt 0.676301 0.000000
vt 0.739884 0.000000
vt 0.907514 0.000000
vt 0.682081 0.000000
vt 0.947977 0.000000
vt 0.734104 0.000000
vt 0.687861 0.000000
vt 0.248555 0.000000
vt 0.728324 0.000000
vt 0.913295 0.000000
vt 0.942197 0.000000
vt 0.693642 0.000000
vt 0.722543 0.000000
vt 0.699422 0.000000
vt 0.716763 0.000000
vt 0.936416 0.000000
vt 0.705202 0.000000
vt 0.710983 0.000000
vt 0.919075 0.000000
vt 0.930636 0.000000
vt 0.924855 0.000000
vt 0.132948 0.000000
vt 0.242775 0.000000
vt 0.138728 0.000000
vt 0.127168 0.000000
vt 0.236994 0.000000
vt 0.144509 0.000000
vt 0.121387 0.000000
vt 0.000000 0.000000
vt 0.231214 0.000000
vt 0.150289 0.000000
vt 0.115607 0.000000
vt 0.005780 0.000000
vt 0.156069 0.000000
vt 0.109827 0.000000
vt 0.225434 0.000000
vt 0.011561 0.000000
vt 0.161850 0.000000
vt 0.104046 0.000000
vt 0.017341 0.000000
vt 0.219653 0.000000
vt 0.167630 0.000000
vt 0.098266 0.000000
vt 0.023121 0.000000
vt 0.173410 0.000000
vt 0.092486 0.000000
vt 0.028902 0.000000
vt 0.213873 0.000000
vt 0.179191 0.000000
vt 0.086705 0.000000
vt 0.034682 0.000000
vt 0.184971 0.000000
vt 0.040462 0.000000
vt 0.080925 0.000000
vt 0.208092 0.000000
vt 0.046243 0.000000
vt 0.190751 0.000000
vt 0.075145 0.000000
vt 0.052023 0.000000
vt 0.196532 0.000000
vt 0.069364 0.000000
vt 0.202312 0.000000
vt 0.057803 0.000000
vt 0.063584 0.000000
vt 0.196429 0.000000
vt 0.214286 0.000000
vt 0.232143 0.000000
vt 0.178571 0.000000
vt 0.250000 0.000000
vt 0.160714 0.000000
vt 0.142857 0.000000
vt 0.267857 0.000000
vt 0.125000 0.000000
vt 0.946429 0.000000
vt 0.964286 0.000000
vt 0.982143 0.000000
vt 1.000000 0.000000
vt 0.285714 0.000000
vt 0.107143 0.000000
vt 0.089286 0.000000
vt 0.303571 0.000000
vt 0.071429 0.000000
vt 0.321429 0.000000
vt 0.053571 0.000000
vt 0.035714 0.000000
vt 0.339286 0.000000
vt 0.017857 0.000000
vt 0.000000 0.000000
vt 0.696429 0.000000
vt 0.357143 0.000000
vt 0.910714 0.000000
vt 0.892857 0.000000
vt 0.875000 0.000000
vt 0.857143 0.000000
vt 0.839286 0.000000
vt 0.821429 0.000000
vt 0.803571 0.000000
vt 0.785714 0.000000
vt 0.767857 0.000000
vt 0.750000 0.000000
vt 0.732143 0.000000
vt 0.714286 0.000000
vt 0.678571 0.000000
vt 0.660714 0.000000
vt 0.642857 0.000000
vt 0.625000 0.000000
vt 0.375000 0.000000
vt 0.607143 0.000000
vt 0.589286 0.000000
vt 0.571429 0.000000
vt 0.392857 0.000000
vt 0.553571 0.000000
vt 0.535714 0.000000
vt 0.410714 0.000000
vt 0.517857 0.000000
vt 0.928571 0.000000
vt 0.500000 0.000000
vt 0.428571 0.000000
vt 0.482143 0.000000
vt 0.464286 0.000000
vt 0.446429 0.000000
vt 0.357895 0.000000
vt 0.368421 0.000000
vt 0.378947 0.000000
vt 0.389474 0.000000
vt 0.347368 0.000000
vt 0.400000 0.000000
vt 0.336842 0.000000
vt 0.410526 0.000000
vt 0.326316 0.000000
vt 0.421053 0.000000
vt 0.315789 0.000000
vt 0.431579 0.000000
vt 0.305263 0.000000
vt 0.442105 0.000000
vt 0.294737 0.000000
vt 0.873684 0.000000
vt 0.884211 0.000000
vt 0.863158 0.000000
vt 0.894737 0.000000
vt 0.852632 0.000000
vt 0.905263 0.000000
vt 0.842105 0.000000
vt 0.452632 0.000000
vt 0.284211 0.000000
vt 0.915789 0.000000
vt 0.831579 0.000000
vt 0.926316 0.000000
vt 0.821053 0.000000
vt 0.936842 0.000000
vt 0.810526 0.000000
vt 0.463158 0.000000
vt 0.273684 0.000000
vt 0.947368 0.000000
vt 0.800000 0.000000
vt 0.957895 0.000000
vt 0.789474 0.000000
vt 0.473684 0.000000
vt 0.263158 0.000000
vt 0.968421 0.000000
vt 0.778947 0.000000
vt 0.484211 0.000000
vt 0.252632 0.000000
vt 0.978947 0.000000
vt 0.768421 0.000000
vt 0.989474 0.000000
vt 0.757895 0.000000
vt 0.494737 0.000000
vt 0.242105 0.000000
vt 1.000000 0.000000
vt 0.747368 0.000000
vt 0.231579 0.000000
vt 0.505263 0.000000
vt 0.000000 0.000000
vt 0.736842 0.000000
vt 0.515789 0.000000
vt 0.726316 0.000000
vt 0.221053 0.000000
vt 0.010526 0.000000
vt 0.526316 0.000000
vt 0.715789 0.000000
vt 0.536842 0.000000
vt 0.210526 0.000000
vt 0.705263 0.000000
vt 0.021053 0.000000
vt 0.547368 0.000000
vt 0.694737 0.000000
vt 0.200000 0.000000
vt 0.031579 0.000000
vt 0.557895 0.000000
vt 0.684211 0.000000
vt 0.568421 0.000000
vt 0.673684 0.000000
vt 0.189474 0.000000
vt 0.042105 0.000000
vt 0.578947 0.000000
vt 0.663158 0.000000
vt 0.589474 0.000000
vt 0.652632 0.000000
vt 0.600000 0.000000
vt 0.642105 0.000000
vt 0.178947 0.000000
vt 0.052632 0.000000
vt 0.610526 0.000000
vt 0.631579 0.000000
vt 0.621053 0.000000
vt 0.168421 0.000000
vt 0.063158 0.000000
vt 0.157895 0.000000
vt 0.073684 0.000000
vt 0.147368 0.000000
vt 0.084211 0.000000
vt 0.136842 0.000000
vt 0.094737 0.000000
vt 0.126316 0.000000
vt 0.105263 0.000000
vt 0.115789 0.000000
vt 0.471698 0.000000
vt 0.490566 0.000000
vt 0.981132 0.000000
vt 0.000000 0.000000
vt 0.018868 0.000000
vt 0.037736 0.000000
vt 0.056604 0.000000
vt 0.075472 0.000000
vt 0.094340 0.000000
vt 0.962264 0.000000
vt 0.943396 0.000000
vt 0.113208 0.000000
vt 1.000000 0.000000
vt 0.924528 0.000000
vt 0.905660 0.000000
vt 0.886792 0.000000
vt 0.132075 0.000000
vt 0.867925 0.000000
vt 0.849057 0.000000
vt 0.150943 0.000000
vt 0.830189 0.000000
vt 0.169811 0.000000
vt 0.811321 0.000000
vt 0.792453 0.000000
vt 0.188679 0.000000
vt 0.773585 0.000000
vt 0.207547 0.000000
vt 0.754717 0.000000
vt 0.226415 0.000000
vt 0.735849 0.000000
vt 0.716981 0.000000
vt 0.245283 0.000000
vt 0.698113 0.000000
vt 0.264151 0.000000
vt 0.679245 0.000000
vt 0.660377 0.000000
vt 0.283019 0.000000
vt 0.641509 0.000000
vt 0.301887 0.000000
vt 0.622642 0.000000
vt 0.603774 0.000000
vt 0.320755 0.000000
vt 0.584906 0.000000
vt 0.339623 0.000000
vt 0.566038 0.000000
vt 0.547170 0.000000
vt 0.358491 0.000000
vt 0.528302 0.000000
vt 0.509434 0.000000
vt 0.377358 0.000000
vt 0.396226 0.000000
vt 0.415094 0.000000
vt 0.433962 0.000000
vt 0.452830 0.000000
vt 0.855670 0.000000
vt 0.865979 0.000000
vt 0.876289 0.000000
vt 0.886598 0.000000
vt 0.896907 0.000000
vt 0.845361 0.000000
vt 0.907216 0.000000
vt 0.917526 0.000000
vt 0.927835 0.000000
vt 0.835052 0.000000
vt 0.938144 0.000000
vt 0.948454 0.000000
vt 0.958763 0.000000
vt 0.824742 0.000000
vt 0.969072 0.000000
vt 0.979381 0.000000
vt 0.989691 0.000000
vt 0.814433 0.000000
vt 0.072165 0.000000
vt 0.061856 0.000000
vt 0.051546 0.000000
vt 0.041237 0.000000
vt 0.030928 0.000000
vt 0.020619 0.000000
vt 0.010309 0.000000
vt 0.000000 0.000000
vt 1.000000 0.000000
vt 0.804124 0.000000
vt 0.092784 0.000000
vt 0.082474 0.000000
vt 0.793814 0.000000
vt 0.113402 0.000000
vt 0.103093 0.000000
vt 0.123711 0.000000
vt 0.134021 0.000000
vt 0.144330 0.000000
vt 0.783505 0.000000
vt 0.154639 0.000000
vt 0.164948 0.000000
vt 0.175258 0.000000
vt 0.773196 0.000000
vt 0.185567 0.000000
vt 0.195876 0.000000
vt 0.762887 0.000000
vt 0.206186 0.000000
vt 0.216495 0.000000
vt 0.752577 0.000000
vt 0.226804 0.000000
vt 0.742268 0.000000
vt 0.237113 0.000000
vt 0.247423 0.000000
vt 0.731959 0.000000
vt 0.257732 0.000000
vt 0.721649 0.000000
vt 0.268041 0.000000
vt 0.278351 0.000000
vt 0.711340 0.000000
vt 0.288660 0.000000
vt 0.298969 0.000000
vt 0.701031 0.000000
vt 0.309278 0.000000
vt 0.474227 0.000000
vt 0.484536 0.000000
vt 0.494845 0.000000
vt 0.319588 0.000000
vt 0.463918 0.000000
vt 0.690722 0.000000
vt 0.453608 0.000000
vt 0.329897 0.000000
vt 0.443299 0.000000
vt 0.432990 0.000000
vt 0.422680 0.000000
vt 0.340206 0.000000
vt 0.412371 0.000000
vt 0.402062 0.000000
vt 0.350515 0.000000
vt 0.391753 0.000000
vt 0.381443 0.000000
vt 0.360825 0.000000
vt 0.371134 0.000000
vt 0.680412 0.000000
vt 0.670103 0.000000
vt 0.659794 0.000000
vt 0.649485 0.000000
vt 0.505155 0.000000
vt 0.515464 0.000000
vt 0.525773 0.000000
vt 0.639175 0.000000
vt 0.536082 0.000000
vt 0.546392 0.000000
vt 0.556701 0.000000
vt 0.567010 0.000000
vt 0.628866 0.000000
vt 0.577320 0.000000
vt 0.587629 0.000000
vt 0.597938 0.000000
vt 0.618557 0.000000
vt 0.608247 0.000000
vt 0.571429 0.000000
vt 0.642857 0.000000
vt 0.714286 0.000000
vt 0.428571 0.000000
vt 0.357143 0.000000
vt 0.785714 0.000000
vt 0.857143 0.000000
vt 0.928571 0.000000
vt 0.142857 0.000000
vt 0.071429 0.000000
vt 1.000000 0.000000
vt 0.500000 0.000000
vt 0.285714 0.000000
vt 0.214286 0.000000
vt 0.000000 0.000000
vt 0.066667 1.000000
vt 0.133333 1.000000
vt 0.133333 0.000000
vt 0.066667 0.000000
vt 0.066667 1.000000
vt 0.133333 1.000000
vt 0.133333 0.000000
vt 0.066667 0.000000
vt 0.333333 1.000000
vt 0.400000 1.000000
vt 0.400000 0.000000
vt 0.333333 0.000000
vt 0.982456 1.000000
vt 1.000000 1.000000
vt 1.000000 0.000000
vt 0.982456 0.000000
vt 0.890511 1.000000
vt 0.897810 1.000000
vt 0.897810 0.000000
vt 0.890511 0.000000
vt 0.905109 1.000000
vt 0.905109 0.000000
vt 0.912409 1.000000
vt 0.919708 1.000000
vt 0.919708 0.000000
vt 0.912409 0.000000
vt 0.375000 0.833333
vt 0.375000 0.861111
vt 0.375000 0.833333
vt 0.291667 0.500000
vt 0.291667 0.750000
vt 0.263889 0.750000
vt 0.263889 0.500000
vt 0.375000 0.888889
vt 0.236111 0.500000
vt 0.375000 0.861111
vt 0.291667 0.500000
vt 0.291667 0.750000
vt 0.375000 0.361111
vt 0.375000 0.333333
vt 0.375000 0.333333
vt 0.208333 0.500000
vt 0.208333 0.750000
vt 0.208333 0.750000
vt 0.208333 0.500000
vt 0.375000 0.888889
vt 0.375000 0.916667
vt 0.375000 0.916667
vt 0.236111 0.750000
vt 0.375000 0.361111
vt 0.375000 0.388889
vt 0.375000 0.388889
vt 0.375000 0.416667
vt 0.375000 0.416667
vt 0.375000 0.750000
vt 0.397727 0.757576
vt 0.375000 0.757576
vt 0.375000 0.500000
vt 0.375000 0.522727
vt 0.367424 0.522727
vt 0.375000 0.833333
vt 0.397727 0.835859
vt 0.375000 0.835859
vt 0.367424 0.500000
vt 0.397727 0.833333
vt 0.736111 0.500000
vt 0.736111 0.522727
vt 0.733586 0.522727
vt 0.625000 0.861111
vt 0.625000 0.863636
vt 0.602273 0.863636
vt 0.763889 0.500000
vt 0.763889 0.522727
vt 0.761364 0.522727
vt 0.602273 0.861111
vt 0.761364 0.500000
vt 0.791667 0.500000
vt 0.789141 0.522727
vt 0.789141 0.500000
vt 0.375000 0.333333
vt 0.397727 0.333333
vt 0.397727 0.335859
vt 0.375000 0.361111
vt 0.397727 0.361111
vt 0.397727 0.363636
vt 0.375000 0.335859
vt 0.208333 0.500000
vt 0.200758 0.522727
vt 0.200758 0.500000
vt 0.375000 0.250000
vt 0.397727 0.257576
vt 0.375000 0.257576
vt 0.208333 0.522727
vt 0.625000 0.388889
vt 0.602273 0.391414
vt 0.602273 0.388889
vt 0.375000 0.363636
vt 0.625000 0.000000
vt 0.602273 0.022727
vt 0.602273 0.000000
vt 0.625000 0.916667
vt 0.625000 0.924242
vt 0.602273 0.924242
vt 0.602273 0.916667
vt 0.875000 0.500000
vt 0.875000 0.522727
vt 0.867424 0.522727
vt 0.791667 0.522727
vt 0.625000 0.888889
vt 0.625000 0.891414
vt 0.602273 0.891414
vt 0.867424 0.500000
vt 0.625000 0.022727
vt 0.397727 0.250000
vt 0.602273 0.888889
vt 0.733586 0.500000
vt 0.625000 0.391414
vt 0.625000 0.500000
vt 0.625000 0.522727
vt 0.602273 0.522727
vt 0.397727 0.750000
vt 0.602273 0.500000
vt 0.397727 0.500000
vt 0.420455 0.500000
vt 0.397727 0.522727
vt 0.443182 0.500000
vt 0.420455 0.522727
vt 0.465909 0.500000
vt 0.443182 0.522727
vt 0.488636 0.500000
vt 0.465909 0.522727
vt 0.511364 0.500000
vt 0.488636 0.522727
vt 0.534091 0.500000
vt 0.511364 0.522727
vt 0.556818 0.500000
vt 0.534091 0.522727
vt 0.579545 0.500000
vt 0.556818 0.522727
vt 0.579545 0.522727
vt 0.375000 0.545455
vt 0.397727 0.545455
vt 0.375000 0.568182
vt 0.397727 0.568182
vt 0.375000 0.590909
vt 0.397727 0.590909
vt 0.375000 0.613636
vt 0.397727 0.613636
vt 0.375000 0.636364
vt 0.397727 0.636364
vt 0.375000 0.659091
vt 0.397727 0.659091
vt 0.375000 0.681818
vt 0.397727 0.681818
vt 0.375000 0.704545
vt 0.397727 0.704545
vt 0.375000 0.727273
vt 0.397727 0.727273
vt 0.602273 0.825758
vt 0.625000 0.825758
vt 0.625000 0.833333
vt 0.602273 0.818182
vt 0.625000 0.818182
vt 0.602273 0.810606
vt 0.625000 0.810606
vt 0.602273 0.803030
vt 0.625000 0.803030
vt 0.602273 0.795455
vt 0.625000 0.795455
vt 0.602273 0.787879
vt 0.625000 0.787879
vt 0.602273 0.780303
vt 0.625000 0.780303
vt 0.602273 0.772727
vt 0.625000 0.772727
vt 0.602273 0.765151
vt 0.625000 0.765151
vt 0.602273 0.757576
vt 0.625000 0.757576
vt 0.420455 0.757576
vt 0.420455 0.750000
vt 0.443182 0.757576
vt 0.443182 0.750000
vt 0.465909 0.757576
vt 0.465909 0.750000
vt 0.488636 0.757576
vt 0.488636 0.750000
vt 0.511364 0.757576
vt 0.511364 0.750000
vt 0.534091 0.757576
vt 0.534091 0.750000
vt 0.556818 0.757576
vt 0.556818 0.750000
vt 0.579545 0.757576
vt 0.579545 0.750000
vt 0.602273 0.750000
vt 0.625000 0.750000
vt 0.420455 0.727273
vt 0.443182 0.727273
vt 0.465909 0.727273
vt 0.488636 0.727273
vt 0.511364 0.727273
vt 0.534091 0.727273
vt 0.556818 0.727273
vt 0.579545 0.727273
vt 0.602273 0.727273
vt 0.602273 0.545455
vt 0.625000 0.545455
vt 0.602273 0.568182
vt 0.625000 0.568182
vt 0.602273 0.590909
vt 0.625000 0.590909
vt 0.602273 0.613636
vt 0.625000 0.613636
vt 0.602273 0.636364
vt 0.625000 0.636364
vt 0.602273 0.659091
vt 0.625000 0.659091
vt 0.602273 0.681818
vt 0.625000 0.681818
vt 0.602273 0.704545
vt 0.625000 0.704545
vt 0.625000 0.727273
vt 0.397727 0.416667
vt 0.375000 0.424242
vt 0.375000 0.416667
vt 0.397727 0.424242
vt 0.375000 0.431818
vt 0.397727 0.431818
vt 0.375000 0.439394
vt 0.397727 0.439394
vt 0.375000 0.446970
vt 0.397727 0.446970
vt 0.375000 0.454545
vt 0.397727 0.454545
vt 0.375000 0.462121
vt 0.397727 0.462121
vt 0.375000 0.469697
vt 0.397727 0.469697
vt 0.375000 0.477273
vt 0.397727 0.477273
vt 0.375000 0.484848
vt 0.397727 0.484848
vt 0.375000 0.492424
vt 0.397727 0.492424
vt 0.632576 0.727273
vt 0.632576 0.750000
vt 0.640152 0.727273
vt 0.640152 0.750000
vt 0.647727 0.727273
vt 0.647727 0.750000
vt 0.655303 0.727273
vt 0.655303 0.750000
vt 0.662879 0.727273
vt 0.662879 0.750000
vt 0.670455 0.727273
vt 0.670455 0.750000
vt 0.678030 0.727273
vt 0.678030 0.750000
vt 0.685606 0.727273
vt 0.685606 0.750000
vt 0.693182 0.727273
vt 0.693182 0.750000
vt 0.700758 0.727273
vt 0.700758 0.750000
vt 0.708333 0.727273
vt 0.708333 0.750000
vt 0.420455 0.492424
vt 0.443182 0.492424
vt 0.465909 0.492424
vt 0.488636 0.492424
vt 0.511364 0.492424
vt 0.534091 0.492424
vt 0.556818 0.492424
vt 0.579545 0.492424
vt 0.602273 0.492424
vt 0.602273 0.431818
vt 0.625000 0.431818
vt 0.602273 0.439394
vt 0.625000 0.439394
vt 0.602273 0.446970
vt 0.625000 0.446970
vt 0.602273 0.454545
vt 0.625000 0.454545
vt 0.602273 0.462121
vt 0.625000 0.462121
vt 0.602273 0.469697
vt 0.625000 0.469697
vt 0.602273 0.477273
vt 0.625000 0.477273
vt 0.602273 0.484848
vt 0.625000 0.484848
vt 0.625000 0.492424
vt 0.632576 0.500000
vt 0.640152 0.500000
vt 0.632576 0.522727
vt 0.647727 0.500000
vt 0.640152 0.522727
vt 0.655303 0.500000
vt 0.647727 0.522727
vt 0.662879 0.500000
vt 0.655303 0.522727
vt 0.670455 0.500000
vt 0.662879 0.522727
vt 0.678030 0.500000
vt 0.670455 0.522727
vt 0.685606 0.500000
vt 0.678030 0.522727
vt 0.693182 0.500000
vt 0.685606 0.522727
vt 0.632576 0.545455
vt 0.632576 0.568182
vt 0.632576 0.590909
vt 0.632576 0.613636
vt 0.632576 0.636364
vt 0.632576 0.659091
vt 0.632576 0.681818
vt 0.693182 0.522727
vt 0.632576 0.704545
vt 0.397727 0.414141
vt 0.602273 0.393939
vt 0.625000 0.393939
vt 0.602273 0.396465
vt 0.625000 0.396465
vt 0.602273 0.398990
vt 0.625000 0.398990
vt 0.602273 0.401515
vt 0.625000 0.401515
vt 0.602273 0.404040
vt 0.625000 0.404040
vt 0.602273 0.406566
vt 0.625000 0.406566
vt 0.602273 0.409091
vt 0.625000 0.409091
vt 0.602273 0.411616
vt 0.625000 0.411616
vt 0.602273 0.414141
vt 0.625000 0.414141
vt 0.602273 0.416667
vt 0.625000 0.416667
vt 0.710859 0.500000
vt 0.708333 0.522727
vt 0.708333 0.500000
vt 0.713384 0.500000
vt 0.710859 0.522727
vt 0.715909 0.500000
vt 0.713384 0.522727
vt 0.718434 0.500000
vt 0.715909 0.522727
vt 0.720960 0.500000
vt 0.718434 0.522727
vt 0.723485 0.500000
vt 0.720960 0.522727
vt 0.726010 0.500000
vt 0.723485 0.522727
vt 0.728535 0.500000
vt 0.726010 0.522727
vt 0.731061 0.500000
vt 0.728535 0.522727
vt 0.731061 0.522727
vt 0.710859 0.727273
vt 0.397727 0.888889
vt 0.375000 0.891414
vt 0.375000 0.888889
vt 0.397727 0.891414
vt 0.375000 0.893939
vt 0.397727 0.893939
vt 0.375000 0.896465
vt 0.397727 0.896465
vt 0.375000 0.898990
vt 0.397727 0.898990
vt 0.375000 0.901515
vt 0.397727 0.901515
vt 0.375000 0.904040
vt 0.397727 0.904040
vt 0.375000 0.906566
vt 0.397727 0.906566
vt 0.375000 0.909091
vt 0.397727 0.909091
vt 0.375000 0.911616
vt 0.397727 0.911616
vt 0.375000 0.914141
vt 0.397727 0.914141
vt 0.375000 0.916667
vt 0.602273 0.325758
vt 0.625000 0.325758
vt 0.625000 0.333333
vt 0.602273 0.318182
vt 0.625000 0.318182
vt 0.602273 0.310606
vt 0.625000 0.310606
vt 0.602273 0.303030
vt 0.625000 0.303030
vt 0.602273 0.295455
vt 0.625000 0.295455
vt 0.602273 0.287879
vt 0.625000 0.287879
vt 0.602273 0.280303
vt 0.625000 0.280303
vt 0.602273 0.272727
vt 0.625000 0.272727
vt 0.602273 0.265152
vt 0.625000 0.265152
vt 0.602273 0.257576
vt 0.625000 0.257576
vt 0.420455 0.257576
vt 0.420455 0.250000
vt 0.443182 0.257576
vt 0.443182 0.250000
vt 0.465909 0.257576
vt 0.465909 0.250000
vt 0.488636 0.257576
vt 0.488636 0.250000
vt 0.511364 0.257576
vt 0.511364 0.250000
vt 0.534091 0.257576
vt 0.534091 0.250000
vt 0.556818 0.257576
vt 0.556818 0.250000
vt 0.579545 0.257576
vt 0.579545 0.250000
vt 0.602273 0.250000
vt 0.625000 0.250000
vt 0.397727 0.227273
vt 0.420455 0.227273
vt 0.443182 0.227273
vt 0.465909 0.227273
vt 0.488636 0.227273
vt 0.511364 0.227273
vt 0.534091 0.227273
vt 0.556818 0.227273
vt 0.579545 0.227273
vt 0.602273 0.227273
vt 0.602273 0.045455
vt 0.625000 0.045455
vt 0.602273 0.068182
vt 0.625000 0.068182
vt 0.602273 0.090909
vt 0.625000 0.090909
vt 0.602273 0.113636
vt 0.625000 0.113636
vt 0.602273 0.136364
vt 0.625000 0.136364
vt 0.602273 0.159091
vt 0.625000 0.159091
vt 0.602273 0.181818
vt 0.625000 0.181818
vt 0.602273 0.204545
vt 0.625000 0.204545
vt 0.625000 0.227273
vt 0.799242 0.500000
vt 0.806818 0.500000
vt 0.799242 0.522727
vt 0.814394 0.500000
vt 0.806818 0.522727
vt 0.821970 0.500000
vt 0.814394 0.522727
vt 0.829545 0.500000
vt 0.821970 0.522727
vt 0.837121 0.500000
vt 0.829545 0.522727
vt 0.844697 0.500000
vt 0.837121 0.522727
vt 0.852273 0.500000
vt 0.844697 0.522727
vt 0.859848 0.500000
vt 0.852273 0.522727
vt 0.859848 0.522727
vt 0.799242 0.727273
vt 0.791667 0.750000
vt 0.791667 0.727273
vt 0.397727 0.916667
vt 0.602273 0.893939
vt 0.625000 0.893939
vt 0.602273 0.896465
vt 0.625000 0.896465
vt 0.602273 0.898990
vt 0.625000 0.898990
vt 0.602273 0.901515
vt 0.625000 0.901515
vt 0.602273 0.904040
vt 0.625000 0.904040
vt 0.602273 0.906566
vt 0.625000 0.906566
vt 0.602273 0.909091
vt 0.625000 0.909091
vt 0.602273 0.911616
vt 0.625000 0.911616
vt 0.602273 0.914141
vt 0.625000 0.914141
vt 0.766414 0.727273
vt 0.766414 0.750000
vt 0.763889 0.750000
vt 0.768939 0.727273
vt 0.768939 0.750000
vt 0.771464 0.727273
vt 0.771465 0.750000
vt 0.773990 0.727273
vt 0.773990 0.750000
vt 0.776515 0.727273
vt 0.776515 0.750000
vt 0.779040 0.727273
vt 0.779040 0.750000
vt 0.781566 0.727273
vt 0.781566 0.750000
vt 0.784091 0.727273
vt 0.784091 0.750000
vt 0.786616 0.727273
vt 0.786616 0.750000
vt 0.789141 0.727273
vt 0.789141 0.750000
vt 0.799242 0.750000
vt 0.806818 0.727273
vt 0.806818 0.750000
vt 0.814394 0.727273
vt 0.814394 0.750000
vt 0.821970 0.727273
vt 0.821970 0.750000
vt 0.829545 0.727273
vt 0.829545 0.750000
vt 0.837121 0.727273
vt 0.837121 0.750000
vt 0.844697 0.727273
vt 0.844697 0.750000
vt 0.852273 0.727273
vt 0.852273 0.750000
vt 0.859848 0.727273
vt 0.859848 0.750000
vt 0.867424 0.727273
vt 0.867424 0.750000
vt 0.867424 0.545455
vt 0.875000 0.545455
vt 0.867424 0.568182
vt 0.875000 0.568182
vt 0.867424 0.590909
vt 0.875000 0.590909
vt 0.867424 0.613636
vt 0.875000 0.613636
vt 0.867424 0.636364
vt 0.875000 0.636364
vt 0.867424 0.659091
vt 0.875000 0.659091
vt 0.867424 0.681818
vt 0.875000 0.681818
vt 0.867424 0.704545
vt 0.875000 0.704545
vt 0.875000 0.727273
vt 0.875000 0.750000
vt 0.375000 0.924242
vt 0.397727 0.924242
vt 0.375000 0.931818
vt 0.397727 0.931818
vt 0.375000 0.939394
vt 0.397727 0.939394
vt 0.375000 0.946970
vt 0.397727 0.946970
vt 0.375000 0.954545
vt 0.397727 0.954545
vt 0.375000 0.962121
vt 0.397727 0.962121
vt 0.375000 0.969697
vt 0.397727 0.969697
vt 0.375000 0.977273
vt 0.397727 0.977273
vt 0.375000 0.984848
vt 0.397727 0.984848
vt 0.375000 0.992424
vt 0.397727 0.992424
vt 0.375000 1.000000
vt 0.397727 1.000000
vt 0.420455 0.992424
vt 0.420455 1.000000
vt 0.443182 0.992424
vt 0.443182 1.000000
vt 0.465909 0.992424
vt 0.465909 1.000000
vt 0.488636 0.992424
vt 0.488636 1.000000
vt 0.511364 0.992424
vt 0.511364 1.000000
vt 0.534091 0.992424
vt 0.534091 1.000000
vt 0.556818 0.992424
vt 0.556818 1.000000
vt 0.579545 0.992424
vt 0.579545 1.000000
vt 0.602273 0.992424
vt 0.602273 1.000000
vt 0.602273 0.931818
vt 0.625000 0.931818
vt 0.602273 0.939394
vt 0.625000 0.939394
vt 0.602273 0.946970
vt 0.625000 0.946970
vt 0.602273 0.954545
vt 0.625000 0.954545
vt 0.602273 0.962121
vt 0.625000 0.962121
vt 0.602273 0.969697
vt 0.625000 0.969697
vt 0.602273 0.977273
vt 0.625000 0.977273
vt 0.602273 0.984848
vt 0.625000 0.984848
vt 0.625000 0.992424
vt 0.625000 1.000000
vt 0.397727 0.000000
vt 0.375000 0.022727
vt 0.375000 0.000000
vt 0.420455 0.000000
vt 0.397727 0.022727
vt 0.443182 0.000000
vt 0.420455 0.022727
vt 0.465909 0.000000
vt 0.443182 0.022727
vt 0.488636 0.000000
vt 0.465909 0.022727
vt 0.511364 0.000000
vt 0.488636 0.022727
vt 0.534091 0.000000
vt 0.511364 0.022727
vt 0.556818 0.000000
vt 0.534091 0.022727
vt 0.579545 0.000000
vt 0.556818 0.022727
vt 0.579545 0.022727
vt 0.375000 0.045455
vt 0.397727 0.045455
vt 0.375000 0.068182
vt 0.397727 0.068182
vt 0.375000 0.090909
vt 0.397727 0.090909
vt 0.375000 0.113636
vt 0.397727 0.113636
vt 0.375000 0.136364
vt 0.397727 0.136364
vt 0.375000 0.159091
vt 0.397727 0.159091
vt 0.375000 0.181818
vt 0.397727 0.181818
vt 0.375000 0.204545
vt 0.397727 0.204545
vt 0.375000 0.227273
vt 0.375000 0.386364
vt 0.397727 0.388889
vt 0.375000 0.388889
vt 0.375000 0.383838
vt 0.397727 0.386364
vt 0.375000 0.381313
vt 0.397727 0.383838
vt 0.375000 0.378788
vt 0.397727 0.381313
vt 0.375000 0.376263
vt 0.397727 0.378788
vt 0.375000 0.373737
vt 0.397727 0.376263
vt 0.375000 0.371212
vt 0.397727 0.373737
vt 0.375000 0.368687
vt 0.397727 0.371212
vt 0.375000 0.366162
vt 0.397727 0.368687
vt 0.397727 0.366162
vt 0.602273 0.386364
vt 0.375000 0.391414
vt 0.397727 0.391414
vt 0.375000 0.393939
vt 0.397727 0.393939
vt 0.375000 0.396465
vt 0.397727 0.396465
vt 0.375000 0.398990
vt 0.397727 0.398990
vt 0.375000 0.401515
vt 0.397727 0.401515
vt 0.375000 0.404040
vt 0.397727 0.404040
vt 0.375000 0.406566
vt 0.397727 0.406566
vt 0.375000 0.409091
vt 0.397727 0.409091
vt 0.375000 0.411616
vt 0.397727 0.411616
vt 0.375000 0.414141
vt 0.132576 0.727273
vt 0.132576 0.750000
vt 0.125000 0.750000
vt 0.140152 0.727273
vt 0.140152 0.750000
vt 0.147727 0.727273
vt 0.147727 0.750000
vt 0.155303 0.727273
vt 0.155303 0.750000
vt 0.162879 0.727273
vt 0.162879 0.750000
vt 0.170455 0.727273
vt 0.170455 0.750000
vt 0.178030 0.727273
vt 0.178030 0.750000
vt 0.185606 0.727273
vt 0.185606 0.750000
vt 0.193182 0.727273
vt 0.193182 0.750000
vt 0.200758 0.727273
vt 0.200758 0.750000
vt 0.208333 0.727273
vt 0.208333 0.750000
vt 0.375000 0.325758
vt 0.375000 0.318182
vt 0.397727 0.325758
vt 0.375000 0.310606
vt 0.397727 0.318182
vt 0.375000 0.303030
vt 0.397727 0.310606
vt 0.375000 0.295455
vt 0.397727 0.303030
vt 0.375000 0.287879
vt 0.397727 0.295455
vt 0.375000 0.280303
vt 0.397727 0.287879
vt 0.375000 0.272727
vt 0.397727 0.280303
vt 0.375000 0.265152
vt 0.397727 0.272727
vt 0.397727 0.265152
vt 0.602273 0.333333
vt 0.132576 0.500000
vt 0.125000 0.522727
vt 0.125000 0.500000
vt 0.140152 0.500000
vt 0.132576 0.522727
vt 0.147727 0.500000
vt 0.140152 0.522727
vt 0.155303 0.500000
vt 0.147727 0.522727
vt 0.162879 0.500000
vt 0.155303 0.522727
vt 0.170455 0.500000
vt 0.162879 0.522727
vt 0.178030 0.500000
vt 0.170455 0.522727
vt 0.185606 0.500000
vt 0.178030 0.522727
vt 0.193182 0.500000
vt 0.185606 0.522727
vt 0.193182 0.522727
vt 0.125000 0.545455
vt 0.132576 0.545455
vt 0.125000 0.568182
vt 0.132576 0.568182
vt 0.125000 0.590909
vt 0.132576 0.590909
vt 0.125000 0.613636
vt 0.132576 0.613636
vt 0.125000 0.636364
vt 0.132576 0.636364
vt 0.125000 0.659091
vt 0.132576 0.659091
vt 0.125000 0.681818
vt 0.132576 0.681818
vt 0.125000 0.704545
vt 0.132576 0.704545
vt 0.125000 0.727273
vt 0.375000 0.358586
vt 0.375000 0.356061
vt 0.397727 0.358586
vt 0.375000 0.353535
vt 0.397727 0.356061
vt 0.375000 0.351010
vt 0.397727 0.353535
vt 0.375000 0.348485
vt 0.397727 0.351010
vt 0.375000 0.345960
vt 0.397727 0.348485
vt 0.375000 0.343434
vt 0.397727 0.345960
vt 0.375000 0.340909
vt 0.397727 0.343434
vt 0.375000 0.338384
vt 0.397727 0.340909
vt 0.397727 0.338384
vt 0.602273 0.358586
vt 0.625000 0.361111
vt 0.602273 0.361111
vt 0.625000 0.386364
vt 0.602273 0.383838
vt 0.625000 0.383838
vt 0.602273 0.381313
vt 0.625000 0.381313
vt 0.602273 0.378788
vt 0.625000 0.378788
vt 0.602273 0.376263
vt 0.625000 0.376263
vt 0.602273 0.373737
vt 0.625000 0.373737
vt 0.602273 0.371212
vt 0.625000 0.371212
vt 0.602273 0.368687
vt 0.625000 0.368687
vt 0.602273 0.366162
vt 0.625000 0.366162
vt 0.602273 0.363636
vt 0.625000 0.363636
vt 0.625000 0.358586
vt 0.602273 0.356061
vt 0.625000 0.356061
vt 0.602273 0.353535
vt 0.625000 0.353535
vt 0.602273 0.351010
vt 0.625000 0.351010
vt 0.602273 0.348485
vt 0.625000 0.348485
vt 0.602273 0.345960
vt 0.625000 0.345960
vt 0.602273 0.343434
vt 0.625000 0.343434
vt 0.602273 0.340909
vt 0.625000 0.340909
vt 0.602273 0.338384
vt 0.625000 0.338384
vt 0.602273 0.335859
vt 0.625000 0.335859
vt 0.766414 0.500000
vt 0.768939 0.500000
vt 0.766414 0.522727
vt 0.771465 0.500000
vt 0.768939 0.522727
vt 0.773990 0.500000
vt 0.771465 0.522727
vt 0.776515 0.500000
vt 0.773990 0.522727
vt 0.779040 0.500000
vt 0.776515 0.522727
vt 0.781566 0.500000
vt 0.779040 0.522727
vt 0.784091 0.500000
vt 0.781566 0.522727
vt 0.786616 0.500000
vt 0.784091 0.522727
vt 0.786616 0.522727
vt 0.763889 0.727273
vt 0.738636 0.500000
vt 0.741162 0.500000
vt 0.738636 0.522727
vt 0.743687 0.500000
vt 0.741162 0.522727
vt 0.746212 0.500000
vt 0.743687 0.522727
vt 0.748737 0.500000
vt 0.746212 0.522727
vt 0.751263 0.500000
vt 0.748737 0.522727
vt 0.753788 0.500000
vt 0.751263 0.522727
vt 0.756313 0.500000
vt 0.753788 0.522727
vt 0.758838 0.500000
vt 0.756313 0.522727
vt 0.758838 0.522727
vt 0.738636 0.727273
vt 0.736111 0.750000
vt 0.736111 0.727273
vt 0.397727 0.861111
vt 0.375000 0.863636
vt 0.375000 0.861111
vt 0.397727 0.863636
vt 0.375000 0.866162
vt 0.397727 0.866162
vt 0.375000 0.868687
vt 0.397727 0.868687
vt 0.375000 0.871212
vt 0.397727 0.871212
vt 0.375000 0.873737
vt 0.397727 0.873737
vt 0.375000 0.876263
vt 0.397727 0.876263
vt 0.375000 0.878788
vt 0.397727 0.878788
vt 0.375000 0.881313
vt 0.397727 0.881313
vt 0.375000 0.883838
vt 0.397727 0.883838
vt 0.375000 0.886364
vt 0.397727 0.886364
vt 0.738636 0.750000
vt 0.741162 0.727273
vt 0.741162 0.750000
vt 0.743687 0.727273
vt 0.743687 0.750000
vt 0.746212 0.727273
vt 0.746212 0.750000
vt 0.748737 0.727273
vt 0.748737 0.750000
vt 0.751263 0.727273
vt 0.751263 0.750000
vt 0.753788 0.727273
vt 0.753788 0.750000
vt 0.756313 0.727273
vt 0.756313 0.750000
vt 0.758838 0.727273
vt 0.758838 0.750000
vt 0.761364 0.727273
vt 0.761364 0.750000
vt 0.602273 0.866161
vt 0.625000 0.866162
vt 0.602273 0.868687
vt 0.625000 0.868687
vt 0.602273 0.871212
vt 0.625000 0.871212
vt 0.602273 0.873737
vt 0.625000 0.873737
vt 0.602273 0.876263
vt 0.625000 0.876263
vt 0.602273 0.878788
vt 0.625000 0.878788
vt 0.602273 0.881313
vt 0.625000 0.881313
vt 0.602273 0.883838
vt 0.625000 0.883838
vt 0.602273 0.886364
vt 0.625000 0.886364
vt 0.710859 0.750000
vt 0.713384 0.727273
vt 0.713384 0.750000
vt 0.715909 0.727273
vt 0.715909 0.750000
vt 0.718434 0.727273
vt 0.718434 0.750000
vt 0.720960 0.727273
vt 0.720960 0.750000
vt 0.723485 0.727273
vt 0.723485 0.750000
vt 0.726010 0.727273
vt 0.726010 0.750000
vt 0.728535 0.727273
vt 0.728535 0.750000
vt 0.731061 0.727273
vt 0.731061 0.750000
vt 0.733586 0.727273
vt 0.733586 0.750000
vt 0.602273 0.858586
vt 0.625000 0.858586
vt 0.602273 0.856061
vt 0.625000 0.856061
vt 0.602273 0.853535
vt 0.625000 0.853535
vt 0.602273 0.851010
vt 0.625000 0.851010
vt 0.602273 0.848485
vt 0.625000 0.848485
vt 0.602273 0.845960
vt 0.625000 0.845960
vt 0.602273 0.843434
vt 0.625000 0.843434
vt 0.602273 0.840909
vt 0.625000 0.840909
vt 0.602273 0.838384
vt 0.625000 0.838384
vt 0.602273 0.835859
vt 0.625000 0.835859
vt 0.602273 0.833333
vt 0.299242 0.500000
vt 0.291667 0.522727
vt 0.291667 0.500000
vt 0.306818 0.500000
vt 0.299242 0.522727
vt 0.314394 0.500000
vt 0.306818 0.522727
vt 0.321970 0.500000
vt 0.314394 0.522727
vt 0.329545 0.500000
vt 0.321970 0.522727
vt 0.337121 0.500000
vt 0.329545 0.522727
vt 0.344697 0.500000
vt 0.337121 0.522727
vt 0.352273 0.500000
vt 0.344697 0.522727
vt 0.359848 0.500000
vt 0.352273 0.522727
vt 0.359848 0.522727
vt 0.299242 0.727273
vt 0.291667 0.750000
vt 0.291667 0.727273
vt 0.375000 0.858586
vt 0.375000 0.856061
vt 0.397727 0.858586
vt 0.375000 0.853535
vt 0.397727 0.856061
vt 0.375000 0.851010
vt 0.397727 0.853535
vt 0.375000 0.848485
vt 0.397727 0.851010
vt 0.375000 0.845960
vt 0.397727 0.848485
vt 0.375000 0.843434
vt 0.397727 0.845960
vt 0.375000 0.840909
vt 0.397727 0.843434
vt 0.375000 0.838384
vt 0.397727 0.840909
vt 0.397727 0.838384
vt 0.299242 0.750000
vt 0.306818 0.727273
vt 0.306818 0.750000
vt 0.314394 0.727273
vt 0.314394 0.750000
vt 0.321970 0.727273
vt 0.321970 0.750000
vt 0.329545 0.727273
vt 0.329545 0.750000
vt 0.337121 0.727273
vt 0.337121 0.750000
vt 0.344697 0.727273
vt 0.344697 0.750000
vt 0.352273 0.727273
vt 0.352273 0.750000
vt 0.359848 0.727273
vt 0.359848 0.750000
vt 0.367424 0.727273
vt 0.367424 0.750000
vt 0.367424 0.545455
vt 0.367424 0.568182
vt 0.367424 0.590909
vt 0.367424 0.613636
vt 0.367424 0.636364
vt 0.367424 0.659091
vt 0.367424 0.681818
vt 0.367424 0.704545
vt 0.375000 0.825758
vt 0.375000 0.818182
vt 0.397727 0.825758
vt 0.375000 0.810606
vt 0.397727 0.818182
vt 0.375000 0.803030
vt 0.397727 0.810606
vt 0.375000 0.795454
vt 0.397727 0.803030
vt 0.375000 0.787879
vt 0.397727 0.795454
vt 0.375000 0.780303
vt 0.397727 0.787879
vt 0.375000 0.772727
vt 0.397727 0.780303
vt 0.375000 0.765151
vt 0.397727 0.772727
vt 0.397727 0.765151
vt 0.750000 0.490000
vt 0.796822 0.485388
vt 0.841844 0.471731
vt 0.883337 0.449553
vt 0.919706 0.419706
vt 0.949553 0.383337
vt 0.971731 0.341844
vt 0.985388 0.296822
vt 0.990000 0.250000
vt 0.985388 0.203178
vt 0.971731 0.158156
vt 0.949553 0.116663
vt 0.919706 0.080294
vt 0.883337 0.050447
vt 0.841844 0.028269
vt 0.796822 0.014612
vt 0.750000 0.010000
vt 0.703178 0.014612
vt 0.658156 0.028269
vt 0.616663 0.050447
vt 0.580294 0.080294
vt 0.550447 0.116663
vt 0.528269 0.158156
vt 0.514612 0.203178
vt 0.510000 0.250000
vt 0.514612 0.296822
vt 0.528269 0.341844
vt 0.550447 0.383337
vt 0.580294 0.419706
vt 0.616663 0.449553
vt 0.658156 0.471731
vt 0.703178 0.485388
vt 1.000000 0.500000
vt 1.000000 1.000000
vt 0.968750 1.000000
vt 0.968750 0.500000
vt 0.031250 0.500000
vt 0.031250 1.000000
vt 0.000000 1.000000
vt 0.000000 0.500000
vt 0.062500 0.500000
vt 0.062500 1.000000
vt 0.296822 0.485388
vt 0.250000 0.490000
vt 0.203178 0.485388
vt 0.158156 0.471731
vt 0.116663 0.449553
vt 0.080294 0.419706
vt 0.050447 0.383337
vt 0.028269 0.341844
vt 0.014612 0.296822
vt 0.010000 0.250000
vt 0.014612 0.203178
vt 0.028269 0.158156
vt 0.050447 0.116663
vt 0.080294 0.080294
vt 0.116663 0.050447
vt 0.158156 0.028269
vt 0.203178 0.014612
vt 0.250000 0.010000
vt 0.296822 0.014612
vt 0.341844 0.028269
vt 0.383337 0.050447
vt 0.419706 0.080294
vt 0.449553 0.116663
vt 0.471731 0.158156
vt 0.485388 0.203178
vt 0.490000 0.250000
vt 0.485388 0.296822
vt 0.471731 0.341844
vt 0.449553 0.383337
vt 0.419706 0.419706
vt 0.383337 0.449553
vt 0.341844 0.471731
vt 0.093750 0.500000
vt 0.093750 1.000000
vt 0.125000 0.500000
vt 0.125000 1.000000
vt 0.156250 0.500000
vt 0.156250 1.000000
vt 0.187500 0.500000
vt 0.187500 1.000000
vt 0.218750 0.500000
vt 0.218750 1.000000
vt 0.250000 0.500000
vt 0.250000 1.000000
vt 0.281250 0.500000
vt 0.281250 1.000000
vt 0.312500 0.500000
vt 0.312500 1.000000
vt 0.343750 0.500000
vt 0.343750 1.000000
vt 0.375000 0.500000
vt 0.375000 1.000000
vt 0.406250 0.500000
vt 0.406250 1.000000
vt 0.437500 0.500000
vt 0.437500 1.000000
vt 0.468750 0.500000
vt 0.468750 1.000000
vt 0.500000 0.500000
vt 0.500000 1.000000
vt 0.531250 0.500000
vt 0.531250 1.000000
vt 0.562500 0.500000
vt 0.562500 1.000000
vt 0.593750 0.500000
vt 0.593750 1.000000
vt 0.625000 0.500000
vt 0.625000 1.000000
vt 0.656250 0.500000
vt 0.656250 1.000000
vt 0.687500 0.500000
vt 0.687500 1.000000
vt 0.718750 0.500000
vt 0.718750 1.000000
vt 0.750000 0.500000
vt 0.750000 1.000000
vt 0.781250 0.500000
vt 0.781250 1.000000
vt 0.812500 0.500000
vt 0.812500 1.000000
vt 0.843750 0.500000
vt 0.843750 1.000000
vt 0.875000 0.500000
vt 0.875000 1.000000
vt 0.906250 0.500000
vt 0.906250 1.000000
vt 0.937500 0.500000
vt 0.937500 1.000000
vt 0.375000 0.000000
vt 0.625000 0.000000
vt 0.625000 0.250000
vt 0.375000 0.250000
vt 0.375000 0.416667
vt 0.625000 0.416667
vt 0.625000 0.500000
vt 0.375000 0.500000
vt 0.625000 0.750000
vt 0.375000 0.750000
vt 0.375000 0.916667
vt 0.625000 0.916667
vt 0.625000 1.000000
vt 0.375000 1.000000
vt 0.291667 0.500000
vt 0.291667 0.750000
vt 0.791667 0.500000
vt 0.875000 0.500000
vt 0.875000 0.750000
vt 0.791667 0.750000
vt 0.708333 0.500000
vt 0.708333 0.750000
vt 0.763889 0.500000
vt 0.763889 0.750000
vt 0.125000 0.500000
vt 0.208333 0.500000
vt 0.208333 0.750000
vt 0.125000 0.750000
vt 0.625000 0.833333
vt 0.375000 0.833333
vt 0.375000 0.888889
vt 0.625000 0.888889
vt 0.625000 0.333333
vt 0.375000 0.333333
vt 0.375000 0.388889
vt 0.625000 0.388889
vt 0.625000 0.361111
vt 0.375000 0.361111
vt 0.625000 0.861111
vt 0.375000 0.861111
vt 0.736111 0.500000
vt 0.736111 0.750000
vt 0.894737 0.000000
vt 0.909774 0.000000
vt 0.902256 0.000000
vt 0.917293 0.000000
vt 0.887218 0.000000
vt 0.924812 0.000000
vt 0.932331 0.000000
vt 0.879699 0.000000
vt 0.939850 0.000000
vt 0.947368 0.000000
vt 0.872180 0.000000
vt 0.954887 0.000000
vt 0.962406 0.000000
vt 0.864662 0.000000
vt 0.969925 0.000000
vt 0.977444 0.000000
vt 0.857143 0.000000
vt 0.984962 0.000000
vt 0.992481 0.000000
vt 0.849624 0.000000
vt 0.052632 0.000000
vt 0.045113 0.000000
vt 0.037594 0.000000
vt 0.030075 0.000000
vt 0.022556 0.000000
vt 0.015038 0.000000
vt 0.007519 0.000000
vt 0.000000 0.000000
vt 1.000000 0.000000
vt 0.842105 0.000000
vt 0.067669 0.000000
vt 0.060150 0.000000
vt 0.834586 0.000000
vt 0.075188 0.000000
vt 0.827068 0.000000
vt 0.090226 0.000000
vt 0.082707 0.000000
vt 0.097744 0.000000
vt 0.105263 0.000000
vt 0.112782 0.000000
vt 0.120301 0.000000
vt 0.127820 0.000000
vt 0.819549 0.000000
vt 0.135338 0.000000
vt 0.142857 0.000000
vt 0.150376 0.000000
vt 0.157895 0.000000
vt 0.812030 0.000000
vt 0.165414 0.000000
vt 0.172932 0.000000
vt 0.180451 0.000000
vt 0.804511 0.000000
vt 0.187970 0.000000
vt 0.195489 0.000000
vt 0.203008 0.000000
vt 0.210526 0.000000
vt 0.218045 0.000000
vt 0.796992 0.000000
vt 0.225564 0.000000
vt 0.233083 0.000000
vt 0.240602 0.000000
vt 0.789474 0.000000
vt 0.248120 0.000000
vt 0.255639 0.000000
vt 0.263158 0.000000
vt 0.781955 0.000000
vt 0.270677 0.000000
vt 0.774436 0.000000
vt 0.278196 0.000000
vt 0.285714 0.000000
vt 0.766917 0.000000
vt 0.293233 0.000000
vt 0.759399 0.000000
vt 0.300752 0.000000
vt 0.308271 0.000000
vt 0.751880 0.000000
vt 0.315789 0.000000
vt 0.744361 0.000000
vt 0.323308 0.000000
vt 0.330827 0.000000
vt 0.736842 0.000000
vt 0.338346 0.000000
vt 0.729323 0.000000
vt 0.345865 0.000000
vt 0.721804 0.000000
vt 0.353383 0.000000
vt 0.533835 0.000000
vt 0.548872 0.000000
vt 0.541353 0.000000
vt 0.360902 0.000000
vt 0.714286 0.000000
vt 0.556391 0.000000
vt 0.706767 0.000000
vt 0.563910 0.000000
vt 0.699248 0.000000
vt 0.368421 0.000000
vt 0.571429 0.000000
vt 0.691729 0.000000
vt 0.578947 0.000000
vt 0.684211 0.000000
vt 0.586466 0.000000
vt 0.676692 0.000000
vt 0.375940 0.000000
vt 0.593985 0.000000
vt 0.669173 0.000000
vt 0.661654 0.000000
vt 0.601504 0.000000
vt 0.654135 0.000000
vt 0.609023 0.000000
vt 0.646617 0.000000
vt 0.616541 0.000000
vt 0.639098 0.000000
vt 0.624060 0.000000
vt 0.631579 0.000000
vt 0.383459 0.000000
vt 0.390977 0.000000
vt 0.398496 0.000000
vt 0.526316 0.000000
vt 0.406015 0.000000
vt 0.518797 0.000000
vt 0.511278 0.000000
vt 0.413534 0.000000
vt 0.503759 0.000000
vt 0.496241 0.000000
vt 0.421053 0.000000
vt 0.488722 0.000000
vt 0.428571 0.000000
vt 0.481203 0.000000
vt 0.473684 0.000000
vt 0.436090 0.000000
vt 0.466165 0.000000
vt 1.000000 0.000000
vt 0.200000 0.000000
vt 0.000000 0.000000
vt 0.400000 0.000000
vt 0.800000 0.000000
vt 0.600000 0.000000
vt 0.467532 0.000000
vt 0.493506 0.000000
vt 0.480519 0.000000
vt 0.506494 0.000000
vt 0.298701 0.000000
vt 0.324675 0.000000
vt 0.311688 0.000000
vt 0.337662 0.000000
vt 0.350649 0.000000
vt 0.363636 0.000000
vt 0.376623 0.000000
vt 0.285714 0.000000
vt 0.389610 0.000000
vt 0.402597 0.000000
vt 0.415584 0.000000
vt 0.272727 0.000000
vt 0.428571 0.000000
vt 0.441558 0.000000
vt 0.454545 0.000000
vt 0.259740 0.000000
vt 0.545455 0.000000
vt 0.532468 0.000000
vt 0.519481 0.000000
vt 1.000000 0.000000
vt 0.246753 0.000000
vt 0.584416 0.000000
vt 0.571429 0.000000
vt 0.558442 0.000000
vt 0.233766 0.000000
vt 0.623377 0.000000
vt 0.610390 0.000000
vt 0.597403 0.000000
vt 0.220779 0.000000
vt 0.662338 0.000000
vt 0.649351 0.000000
vt 0.636364 0.000000
vt 0.675325 0.000000
vt 0.688312 0.000000
vt 0.207792 0.000000
vt 0.701299 0.000000
vt 0.714286 0.000000
vt 0.987013 0.000000
vt 0.727273 0.000000
vt 0.194805 0.000000
vt 0.740260 0.000000
vt 0.753247 0.000000
vt 0.181818 0.000000
vt 0.766234 0.000000
vt 0.779221 0.000000
vt 0.168831 0.000000
vt 0.792208 0.000000
vt 0.155844 0.000000
vt 0.805195 0.000000
vt 0.818182 0.000000
vt 0.142857 0.000000
vt 0.831169 0.000000
vt 0.844156 0.000000
vt 0.129870 0.000000
vt 0.857143 0.000000
vt 0.116883 0.000000
vt 0.870130 0.000000
vt 0.883117 0.000000
vt 0.103896 0.000000
vt 0.896104 0.000000
vt 0.909091 0.000000
vt 0.090909 0.000000
vt 0.922078 0.000000
vt 0.935065 0.000000
vt 0.948052 0.000000
vt 0.077922 0.000000
vt 0.961039 0.000000
vt 0.974026 0.000000
vt 0.064935 0.000000
vt 0.051948 0.000000
vt 0.038961 0.000000
vt 0.025974 0.000000
vt 0.012987 0.000000
vt 0.000000 0.000000
vt 0.000000 0.000000
vt 0.666667 0.000000
vt 0.333333 0.000000
vt 1.000000 0.000000
vt 0.554913 0.000000
vt 0.578035 0.000000
vt 0.549133 0.000000
vt 0.543353 0.000000
vt 0.583815 0.000000
vt 0.537572 0.000000
vt 0.589595 0.000000
vt 0.531792 0.000000
vt 0.526012 0.000000
vt 0.595376 0.000000
vt 0.520231 0.000000
vt 0.601156 0.000000
vt 0.514451 0.000000
vt 0.508671 0.000000
vt 0.606936 0.000000
vt 0.502890 0.000000
vt 0.497110 0.000000
vt 0.491329 0.000000
vt 0.485549 0.000000
vt 0.479769 0.000000
vt 0.473988 0.000000
vt 0.468208 0.000000
vt 0.462428 0.000000
vt 0.456647 0.000000
vt 0.450867 0.000000
vt 0.445087 0.000000
vt 0.439306 0.000000
vt 0.421965 0.000000
vt 0.618497 0.000000
vt 0.416185 0.000000
vt 0.624277 0.000000
vt 0.410405 0.000000
vt 0.404624 0.000000
vt 0.398844 0.000000
vt 0.393064 0.000000
vt 0.387283 0.000000
vt 0.630058 0.000000
vt 0.381503 0.000000
vt 0.375723 0.000000
vt 0.369942 0.000000
vt 0.635838 0.000000
vt 0.364162 0.000000
vt 0.358382 0.000000
vt 0.641618 0.000000
vt 0.352601 0.000000
vt 0.346821 0.000000
vt 0.341040 0.000000
vt 1.000000 0.000000
vt 0.335260 0.000000
vt 0.329480 0.000000
vt 0.323699 0.000000
vt 0.317919 0.000000
vt 0.791907 0.000000
vt 0.994220 0.000000
vt 0.797688 0.000000
vt 0.312139 0.000000
vt 0.803468 0.000000
vt 0.306358 0.000000
vt 0.809249 0.000000
vt 0.300578 0.000000
vt 0.815029 0.000000
vt 0.820809 0.000000
vt 0.294798 0.000000
vt 0.826590 0.000000
vt 0.289017 0.000000
vt 0.832370 0.000000
vt 0.838150 0.000000
vt 0.283237 0.000000
vt 0.843931 0.000000
vt 0.849711 0.000000
vt 0.277457 0.000000
vt 0.855491 0.000000
vt 0.271676 0.000000
vt 0.861272 0.000000
vt 0.867052 0.000000
vt 0.265896 0.000000
vt 0.872832 0.000000
vt 0.878613 0.000000
vt 0.988439 0.000000
vt 0.260116 0.000000
vt 0.982659 0.000000
vt 0.884393 0.000000
vt 0.976879 0.000000
vt 0.774566 0.000000
vt 0.786127 0.000000
vt 0.780347 0.000000
vt 0.647399 0.000000
vt 0.890173 0.000000
vt 0.768786 0.000000
vt 0.971098 0.000000
vt 0.653179 0.000000
vt 0.763006 0.000000
vt 0.254335 0.000000
vt 0.895954 0.000000
vt 0.658960 0.000000
vt 0.965318 0.000000
vt 0.757225 0.000000
vt 0.664740 0.000000
vt 0.959538 0.000000
vt 0.751445 0.000000
vt 0.901734 0.000000
vt 0.670520 0.000000
vt 0.745665 0.000000
vt 0.953757 0.000000
vt 0.676301 0.000000
vt 0.739884 0.000000
vt 0.907514 0.000000
vt 0.682081 0.000000
vt 0.947977 0.000000
vt 0.734104 0.000000
vt 0.687861 0.000000
vt 0.248555 0.000000
vt 0.728324 0.000000
vt 0.913295 0.000000
vt 0.942197 0.000000
vt 0.693642 0.000000
vt 0.722543 0.000000
vt 0.699422 0.000000
vt 0.716763 0.000000
vt 0.936416 0.000000
vt 0.705202 0.000000
vt 0.710983 0.000000
vt 0.919075 0.000000
vt 0.930636 0.000000
vt 0.924855 0.000000
vt 0.132948 0.000000
vt 0.242775 0.000000
vt 0.138728 0.000000
vt 0.127168 0.000000
vt 0.236994 0.000000
vt 0.144509 0.000000
vt 0.121387 0.000000
vt 0.000000 0.000000
vt 0.231214 0.000000
vt 0.150289 0.000000
vt 0.115607 0.000000
vt 0.005780 0.000000
vt 0.156069 0.000000
vt 0.109827 0.000000
vt 0.225434 0.000000
vt 0.011561 0.000000
vt 0.161850 0.000000
vt 0.104046 0.000000
vt 0.017341 0.000000
vt 0.219653 0.000000
vt 0.167630 0.000000
vt 0.098266 0.000000
vt 0.023121 0.000000
vt 0.173410 0.000000
vt 0.092486 0.000000
vt 0.028902 0.000000
vt 0.213873 0.000000
vt 0.179191 0.000000
vt 0.086705 0.000000
vt 0.034682 0.000000
vt 0.184971 0.000000
vt 0.040462 0.000000
vt 0.080925 0.000000
vt 0.046243 0.000000
vt 0.214286 0.000000
vt 0.250000 0.000000
vt 0.160714 0.000000
vt 0.142857 0.000000
vt 0.267857 0.000000
vt 0.125000 0.000000
vt 0.946429 0.000000
vt 0.982143 0.000000
vt 0.964286 0.000000
vt 1.000000 0.000000
vt 0.285714 0.000000
vt 0.107143 0.000000
vt 0.089286 0.000000
vt 0.303571 0.000000
vt 0.071429 0.000000
vt 0.321429 0.000000
vt 0.053571 0.000000
vt 0.035714 0.000000
vt 0.339286 0.000000
vt 0.017857 0.000000
vt 0.000000 0.000000
vt 0.910714 0.000000
vt 0.892857 0.000000
vt 0.875000 0.000000
vt 0.857143 0.000000
vt 0.839286 0.000000
vt 0.821429 0.000000
vt 0.803571 0.000000
vt 0.785714 0.000000
vt 0.767857 0.000000
vt 0.750000 0.000000
vt 0.732143 0.000000
vt 0.714286 0.000000
vt 0.660714 0.000000
vt 0.642857 0.000000
vt 0.625000 0.000000
vt 0.375000 0.000000
vt 0.607143 0.000000
vt 0.589286 0.000000
vt 0.571429 0.000000
vt 0.392857 0.000000
vt 0.553571 0.000000
vt 0.535714 0.000000
vt 0.410714 0.000000
vt 0.517857 0.000000
vt 0.928571 0.000000
vt 0.500000 0.000000
vt 0.428571 0.000000
vt 0.482143 0.000000
vt 0.464286 0.000000
vt 0.446429 0.000000
vt 0.357895 0.000000
vt 0.378947 0.000000
vt 0.368421 0.000000
vt 0.389474 0.000000
vt 0.347368 0.000000
vt 0.400000 0.000000
vt 0.336842 0.000000
vt 0.410526 0.000000
vt 0.326316 0.000000
vt 0.421053 0.000000
vt 0.315789 0.000000
vt 0.431579 0.000000
vt 0.305263 0.000000
vt 0.294737 0.000000
vt 0.884211 0.000000
vt 0.894737 0.000000
vt 0.852632 0.000000
vt 0.905263 0.000000
vt 0.842105 0.000000
vt 0.452632 0.000000
vt 0.284211 0.000000
vt 0.915789 0.000000
vt 0.831579 0.000000
vt 0.926316 0.000000
vt 0.821053 0.000000
vt 0.936842 0.000000
vt 0.810526 0.000000
vt 0.463158 0.000000
vt 0.273684 0.000000
vt 0.947368 0.000000
vt 0.800000 0.000000
vt 0.957895 0.000000
vt 0.789474 0.000000
vt 0.473684 0.000000
vt 0.263158 0.000000
vt 0.968421 0.000000
vt 0.778947 0.000000
vt 0.484211 0.000000
vt 0.252632 0.000000
vt 0.978947 0.000000
vt 0.768421 0.000000
vt 0.989474 0.000000
vt 0.757895 0.000000
vt 0.494737 0.000000
vt 0.242105 0.000000
vt 1.000000 0.000000
vt 0.747368 0.000000
vt 0.231579 0.000000
vt 0.505263 0.000000
vt 0.000000 0.000000
vt 0.736842 0.000000
vt 0.515789 0.000000
vt 0.726316 0.000000
vt 0.221053 0.000000
vt 0.010526 0.000000
vt 0.526316 0.000000
vt 0.715789 0.000000
vt 0.536842 0.000000
vt 0.210526 0.000000
vt 0.705263 0.000000
vt 0.021053 0.000000
vt 0.547368 0.000000
vt 0.694737 0.000000
vt 0.200000 0.000000
vt 0.031579 0.000000
vt 0.557895 0.000000
vt 0.684211 0.000000
vt 0.568421 0.000000
vt 0.673684 0.000000
vt 0.189474 0.000000
vt 0.042105 0.000000
vt 0.578947 0.000000
vt 0.663158 0.000000
vt 0.589474 0.000000
vt 0.652632 0.000000
vt 0.600000 0.000000
vt 0.642105 0.000000
vt 0.178947 0.000000
vt 0.052632 0.000000
vt 0.610526 0.000000
vt 0.631579 0.000000
vt 0.621053 0.000000
vt 0.168421 0.000000
vt 0.063158 0.000000
vt 0.157895 0.000000
vt 0.073684 0.000000
vt 0.147368 0.000000
vt 0.084211 0.000000
vt 0.136842 0.000000
vt 0.094737 0.000000
vt 0.126316 0.000000
vt 0.105263 0.000000
vt 0.115789 0.000000
vt 0.471698 0.000000
vt 0.981132 0.000000
vt 0.490566 0.000000
vt 0.000000 0.000000
vt 0.018868 0.000000
vt 0.037736 0.000000
vt 0.056604 0.000000
vt 0.075472 0.000000
vt 0.094340 0.000000
vt 0.962264 0.000000
vt 0.943396 0.000000
vt 0.113208 0.000000
vt 1.000000 0.000000
vt 0.924528 0.000000
vt 0.905660 0.000000
vt 0.886792 0.000000
vt 0.132075 0.000000
vt 0.867925 0.000000
vt 0.849057 0.000000
vt 0.150943 0.000000
vt 0.830189 0.000000
vt 0.169811 0.000000
vt 0.811321 0.000000
vt 0.792453 0.000000
vt 0.188679 0.000000
vt 0.773585 0.000000
vt 0.207547 0.000000
vt 0.754717 0.000000
vt 0.226415 0.000000
vt 0.735849 0.000000
vt 0.716981 0.000000
vt 0.245283 0.000000
vt 0.698113 0.000000
vt 0.264151 0.000000
vt 0.679245 0.000000
vt 0.660377 0.000000
vt 0.283019 0.000000
vt 0.641509 0.000000
vt 0.301887 0.000000
vt 0.622642 0.000000
vt 0.603774 0.000000
vt 0.320755 0.000000
vt 0.584906 0.000000
vt 0.339623 0.000000
vt 0.566038 0.000000
vt 0.547170 0.000000
vt 0.358491 0.000000
vt 0.528302 0.000000
vt 0.509434 0.000000
vt 0.377358 0.000000
vt 0.396226 0.000000
vt 0.415094 0.000000
vt 0.433962 0.000000
vt 0.452830 0.000000
vt 0.855670 0.000000
vt 0.876289 0.000000
vt 0.865979 0.000000
vt 0.886598 0.000000
vt 0.896907 0.000000
vt 0.845361 0.000000
vt 0.907216 0.000000
vt 0.917526 0.000000
vt 0.927835 0.000000
vt 0.835052 0.000000
vt 0.938144 0.000000
vt 0.948454 0.000000
vt 0.958763 0.000000
vt 0.824742 0.000000
vt 0.969072 0.000000
vt 0.979381 0.000000
vt 0.989691 0.000000
vt 0.814433 0.000000
vt 0.072165 0.000000
vt 0.061856 0.000000
vt 0.051546 0.000000
vt 0.041237 0.000000
vt 0.030928 0.000000
vt 0.020619 0.000000
vt 0.010309 0.000000
vt 0.000000 0.000000
vt 1.000000 0.000000
vt 0.804124 0.000000
vt 0.092784 0.000000
vt 0.082474 0.000000
vt 0.793814 0.000000
vt 0.113402 0.000000
vt 0.103093 0.000000
vt 0.123711 0.000000
vt 0.134021 0.000000
vt 0.144330 0.000000
vt 0.783505 0.000000
vt 0.154639 0.000000
vt 0.164948 0.000000
vt 0.175258 0.000000
vt 0.773196 0.000000
vt 0.185567 0.000000
vt 0.195876 0.000000
vt 0.762887 0.000000
vt 0.206186 0.000000
vt 0.216495 0.000000
vt 0.752577 0.000000
vt 0.226804 0.000000
vt 0.742268 0.000000
vt 0.237113 0.000000
vt 0.247423 0.000000
vt 0.731959 0.000000
vt 0.257732 0.000000
vt 0.721649 0.000000
vt 0.268041 0.000000
vt 0.278351 0.000000
vt 0.711340 0.000000
vt 0.288660 0.000000
vt 0.298969 0.000000
vt 0.701031 0.000000
vt 0.309278 0.000000
vt 0.474227 0.000000
vt 0.494845 0.000000
vt 0.484536 0.000000
vt 0.319588 0.000000
vt 0.463918 0.000000
vt 0.690722 0.000000
vt 0.453608 0.000000
vt 0.329897 0.000000
vt 0.443299 0.000000
vt 0.432990 0.000000
vt 0.422680 0.000000
vt 0.340206 0.000000
vt 0.412371 0.000000
vt 0.402062 0.000000
vt 0.350515 0.000000
vt 0.391753 0.000000
vt 0.381443 0.000000
vt 0.360825 0.000000
vt 0.371134 0.000000
vt 0.680412 0.000000
vt 0.670103 0.000000
vt 0.659794 0.000000
vt 0.649485 0.000000
vt 0.505155 0.000000
vt 0.515464 0.000000
vt 0.525773 0.000000
vt 0.639175 0.000000
vt 0.536082 0.000000
vt 0.546392 0.000000
vt 0.556701 0.000000
vt 0.567010 0.000000
vt 0.577320 0.000000
vt 0.571429 0.000000
vt 0.642857 0.000000
vt 0.785714 0.000000
vt 0.928571 0.000000
vt 0.857143 0.000000
vt 0.142857 0.000000
vt 0.071429 0.000000
vt 1.000000 0.000000
vt 0.500000 0.000000
vt 0.285714 0.000000
vt 0.214286 0.000000
vt 0.000000 0.000000
vt 0.894737 0.000000
vt 0.909774 0.000000
vt 0.902256 0.000000
vt 0.917293 0.000000
vt 0.887218 0.000000
vt 0.924812 0.000000
vt 0.932331 0.000000
vt 0.879699 0.000000
vt 0.939850 0.000000
vt 0.947368 0.000000
vt 0.872180 0.000000
vt 0.954887 0.000000
vt 0.962406 0.000000
vt 0.864662 0.000000
vt 0.969925 0.000000
vt 0.977444 0.000000
vt 0.857143 0.000000
vt 0.984962 0.000000
vt 0.992481 0.000000
vt 0.849624 0.000000
vt 0.052632 0.000000
vt 0.045113 0.000000
vt 0.037594 0.000000
vt 0.030075 0.000000
vt 0.022556 0.000000
vt 0.015038 0.000000
vt 0.007519 0.000000
vt 0.000000 0.000000
vt 1.000000 0.000000
vt 0.842105 0.000000
vt 0.067669 0.000000
vt 0.060150 0.000000
vt 0.834586 0.000000
vt 0.075188 0.000000
vt 0.827068 0.000000
vt 0.090226 0.000000
vt 0.082707 0.000000
vt 0.097744 0.000000
vt 0.105263 0.000000
vt 0.112782 0.000000
vt 0.120301 0.000000
vt 0.127820 0.000000
vt 0.819549 0.000000
vt 0.135338 0.000000
vt 0.142857 0.000000
vt 0.150376 0.000000
vt 0.157895 0.000000
vt 0.812030 0.000000
vt 0.165414 0.000000
vt 0.172932 0.000000
vt 0.180451 0.000000
vt 0.804511 0.000000
vt 0.187970 0.000000
vt 0.195489 0.000000
vt 0.203008 0.000000
vt 0.210526 0.000000
vt 0.218045 0.000000
vt 0.796992 0.000000
vt 0.225564 0.000000
vt 0.233083 0.000000
vt 0.240602 0.000000
vt 0.789474 0.000000
vt 0.248120 0.000000
vt 0.255639 0.000000
vt 0.263158 0.000000
vt 0.781955 0.000000
vt 0.270677 0.000000
vt 0.774436 0.000000
vt 0.278196 0.000000
vt 0.285714 0.000000
vt 0.766917 0.000000
vt 0.293233 0.000000
vt 0.759399 0.000000
vt 0.300752 0.000000
vt 0.308271 0.000000
vt 0.751880 0.000000
vt 0.315789 0.000000
vt 0.744361 0.000000
vt 0.323308 0.000000
vt 0.330827 0.000000
vt 0.736842 0.000000
vt 0.338346 0.000000
vt 0.729323 0.000000
vt 0.345865 0.000000
vt 0.721804 0.000000
vt 0.353383 0.000000
vt 0.533835 0.000000
vt 0.548872 0.000000
vt 0.541353 0.000000
vt 0.360902 0.000000
vt 0.714286 0.000000
vt 0.556391 0.000000
vt 0.706767 0.000000
vt 0.563910 0.000000
vt 0.699248 0.000000
vt 0.368421 0.000000
vt 0.571429 0.000000
vt 0.691729 0.000000
vt 0.578947 0.000000
vt 0.684211 0.000000
vt 0.586466 0.000000
vt 0.676692 0.000000
vt 0.375940 0.000000
vt 0.593985 0.000000
vt 0.669173 0.000000
vt 0.661654 0.000000
vt 0.601504 0.000000
vt 0.654135 0.000000
vt 0.609023 0.000000
vt 0.646617 0.000000
vt 0.616541 0.000000
vt 0.639098 0.000000
vt 0.624060 0.000000
vt 0.631579 0.000000
vt 0.383459 0.000000
vt 0.390977 0.000000
vt 0.398496 0.000000
vt 0.526316 0.000000
vt 0.406015 0.000000
vt 0.518797 0.000000
vt 0.511278 0.000000
vt 0.413534 0.000000
vt 0.503759 0.000000
vt 0.496241 0.000000
vt 0.421053 0.000000
vt 0.488722 0.000000
vt 0.428571 0.000000
vt 0.481203 0.000000
vt 0.473684 0.000000
vt 0.436090 0.000000
vt 0.466165 0.000000
vt 1.000000 0.000000
vt 0.200000 0.000000
vt 0.000000 0.000000
vt 0.400000 0.000000
vt 0.800000 0.000000
vt 0.600000 0.000000
vt 0.467532 0.000000
vt 0.493506 0.000000
vt 0.480519 0.000000
vt 0.506494 0.000000
vt 0.298701 0.000000
vt 0.324675 0.000000
vt 0.311688 0.000000
vt 0.337662 0.000000
vt 0.350649 0.000000
vt 0.363636 0.000000
vt 0.376623 0.000000
vt 0.285714 0.000000
vt 0.389610 0.000000
vt 0.402597 0.000000
vt 0.415584 0.000000
vt 0.272727 0.000000
vt 0.428571 0.000000
vt 0.441558 0.000000
vt 0.454545 0.000000
vt 0.259740 0.000000
vt 0.545455 0.000000
vt 0.532468 0.000000
vt 0.519481 0.000000
vt 1.000000 0.000000
vt 0.246753 0.000000
vt 0.584416 0.000000
vt 0.571429 0.000000
vt 0.558442 0.000000
vt 0.233766 0.000000
vt 0.623377 0.000000
vt 0.610390 0.000000
vt 0.597403 0.000000
vt 0.220779 0.000000
vt 0.662338 0.000000
vt 0.649351 0.000000
vt 0.636364 0.000000
vt 0.675325 0.000000
vt 0.688312 0.000000
vt 0.207792 0.000000
vt 0.701299 0.000000
vt 0.714286 0.000000
vt 0.987013 0.000000
vt 0.727273 0.000000
vt 0.194805 0.000000
vt 0.740260 0.000000
vt 0.753247 0.000000
vt 0.181818 0.000000
vt 0.766234 0.000000
vt 0.779221 0.000000
vt 0.168831 0.000000
vt 0.792208 0.000000
vt 0.155844 0.000000
vt 0.805195 0.000000
vt 0.818182 0.000000
vt 0.142857 0.000000
vt 0.831169 0.000000
vt 0.844156 0.000000
vt 0.129870 0.000000
vt 0.857143 0.000000
vt 0.116883 0.000000
vt 0.870130 0.000000
vt 0.883117 0.000000
vt 0.103896 0.000000
vt 0.896104 0.000000
vt 0.909091 0.000000
vt 0.090909 0.000000
vt 0.922078 0.000000
vt 0.935065 0.000000
vt 0.948052 0.000000
vt 0.077922 0.000000
vt 0.961039 0.000000
vt 0.974026 0.000000
vt 0.064935 0.000000
vt 0.051948 0.000000
vt 0.038961 0.000000
vt 0.025974 0.000000
vt 0.012987 0.000000
vt 0.000000 0.000000
vt 0.000000 0.000000
vt 0.666667 0.000000
vt 0.333333 0.000000
vt 1.000000 0.000000
vt 0.554913 0.000000
vt 0.578035 0.000000
vt 0.549133 0.000000
vt 0.543353 0.000000
vt 0.583815 0.000000
vt 0.537572 0.000000
vt 0.589595 0.000000
vt 0.531792 0.000000
vt 0.526012 0.000000
vt 0.595376 0.000000
vt 0.520231 0.000000
vt 0.601156 0.000000
vt 0.514451 0.000000
vt 0.508671 0.000000
vt 0.606936 0.000000
vt 0.502890 0.000000
vt 0.612717 0.000000
vt 0.497110 0.000000
vt 0.491329 0.000000
vt 0.485549 0.000000
vt 0.479769 0.000000
vt 0.473988 0.000000
vt 0.468208 0.000000
vt 0.462428 0.000000
vt 0.456647 0.000000
vt 0.450867 0.000000
vt 0.445087 0.000000
vt 0.439306 0.000000
vt 0.433526 0.000000
vt 0.427746 0.000000
vt 0.421965 0.000000
vt 0.618497 0.000000
vt 0.404624 0.000000
vt 0.398844 0.000000
vt 0.393064 0.000000
vt 0.387283 0.000000
vt 0.630058 0.000000
vt 0.381503 0.000000
vt 0.375723 0.000000
vt 0.369942 0.000000
vt 0.635838 0.000000
vt 0.364162 0.000000
vt 0.358382 0.000000
vt 0.641618 0.000000
vt 0.352601 0.000000
vt 0.346821 0.000000
vt 0.341040 0.000000
vt 1.000000 0.000000
vt 0.335260 0.000000
vt 0.329480 0.000000
vt 0.323699 0.000000
vt 0.317919 0.000000
vt 0.791907 0.000000
vt 0.994220 0.000000
vt 0.797688 0.000000
vt 0.312139 0.000000
vt 0.803468 0.000000
vt 0.306358 0.000000
vt 0.809249 0.000000
vt 0.300578 0.000000
vt 0.815029 0.000000
vt 0.820809 0.000000
vt 0.294798 0.000000
vt 0.826590 0.000000
vt 0.289017 0.000000
vt 0.832370 0.000000
vt 0.838150 0.000000
vt 0.283237 0.000000
vt 0.843931 0.000000
vt 0.849711 0.000000
vt 0.277457 0.000000
vt 0.855491 0.000000
vt 0.271676 0.000000
vt 0.861272 0.000000
vt 0.867052 0.000000
vt 0.265896 0.000000
vt 0.872832 0.000000
vt 0.878613 0.000000
vt 0.988439 0.000000
vt 0.260116 0.000000
vt 0.982659 0.000000
vt 0.884393 0.000000
vt 0.976879 0.000000
vt 0.774566 0.000000
vt 0.786127 0.000000
vt 0.780347 0.000000
vt 0.647399 0.000000
vt 0.890173 0.000000
vt 0.768786 0.000000
vt 0.971098 0.000000
vt 0.653179 0.000000
vt 0.763006 0.000000
vt 0.254335 0.000000
vt 0.895954 0.000000
vt 0.658960 0.000000
vt 0.965318 0.000000
vt 0.757225 0.000000
vt 0.664740 0.000000
vt 0.959538 0.000000
vt 0.751445 0.000000
vt 0.901734 0.000000
vt 0.670520 0.000000
vt 0.745665 0.000000
vt 0.953757 0.000000
vt 0.676301 0.000000
vt 0.739884 0.000000
vt 0.907514 0.000000
vt 0.682081 0.000000
vt 0.947977 0.000000
vt 0.734104 0.000000
vt 0.687861 0.000000
vt 0.248555 0.000000
vt 0.728324 0.000000
vt 0.913295 0.000000
vt 0.942197 0.000000
vt 0.693642 0.000000
vt 0.722543 0.000000
vt 0.699422 0.000000
vt 0.716763 0.000000
vt 0.919075 0.000000
vt 0.930636 0.000000
vt 0.924855 0.000000
vt 0.132948 0.000000
vt 0.242775 0.000000
vt 0.138728 0.000000
vt 0.127168 0.000000
vt 0.236994 0.000000
vt 0.144509 0.000000
vt 0.121387 0.000000
vt 0.000000 0.000000
vt 0.231214 0.000000
vt 0.150289 0.000000
vt 0.115607 0.000000
vt 0.005780 0.000000
vt 0.156069 0.000000
vt 0.109827 0.000000
vt 0.225434 0.000000
vt 0.011561 0.000000
vt 0.161850 0.000000
vt 0.104046 0.000000
vt 0.017341 0.000000
vt 0.219653 0.000000
vt 0.167630 0.000000
vt 0.098266 0.000000
vt 0.023121 0.000000
vt 0.173410 0.000000
vt 0.092486 0.000000
vt 0.028902 0.000000
vt 0.213873 0.000000
vt 0.179191 0.000000
vt 0.086705 0.000000
vt 0.034682 0.000000
vt 0.184971 0.000000
vt 0.040462 0.000000
vt 0.080925 0.000000
vt 0.208092 0.000000
vt 0.046243 0.000000
vt 0.190751 0.000000
vt 0.075145 0.000000
vt 0.196532 0.000000
vt 0.202312 0.000000
vt 0.063584 0.000000
vt 0.196429 0.000000
vt 0.232143 0.000000
vt 0.214286 0.000000
vt 0.178571 0.000000
vt 0.250000 0.000000
vt 0.160714 0.000000
vt 0.142857 0.000000
vt 0.267857 0.000000
vt 0.125000 0.000000
vt 0.946429 0.000000
vt 0.982143 0.000000
vt 0.964286 0.000000
vt 1.000000 0.000000
vt 0.285714 0.000000
vt 0.107143 0.000000
vt 0.089286 0.000000
vt 0.303571 0.000000
vt 0.071429 0.000000
vt 0.321429 0.000000
vt 0.053571 0.000000
vt 0.035714 0.000000
vt 0.339286 0.000000
vt 0.017857 0.000000
vt 0.000000 0.000000
vt 0.910714 0.000000
vt 0.892857 0.000000
vt 0.875000 0.000000
vt 0.857143 0.000000
vt 0.839286 0.000000
vt 0.821429 0.000000
vt 0.803571 0.000000
vt 0.785714 0.000000
vt 0.767857 0.000000
vt 0.750000 0.000000
vt 0.732143 0.000000
vt 0.714286 0.000000
vt 0.660714 0.000000
vt 0.642857 0.000000
vt 0.625000 0.000000
vt 0.375000 0.000000
vt 0.607143 0.000000
vt 0.589286 0.000000
vt 0.571429 0.000000
vt 0.392857 0.000000
vt 0.553571 0.000000
vt 0.535714 0.000000
vt 0.410714 0.000000
vt 0.517857 0.000000
vt 0.928571 0.000000
vt 0.500000 0.000000
vt 0.428571 0.000000
vt 0.482143 0.000000
vt 0.464286 0.000000
vt 0.446429 0.000000
vt 0.357895 0.000000
vt 0.378947 0.000000
vt 0.368421 0.000000
vt 0.389474 0.000000
vt 0.347368 0.000000
vt 0.400000 0.000000
vt 0.336842 0.000000
vt 0.410526 0.000000
vt 0.326316 0.000000
vt 0.421053 0.000000
vt 0.315789 0.000000
vt 0.431579 0.000000
vt 0.305263 0.000000
vt 0.442105 0.000000
vt 0.294737 0.000000
vt 0.873684 0.000000
vt 0.884211 0.000000
vt 0.863158 0.000000
vt 0.894737 0.000000
vt 0.852632 0.000000
vt 0.905263 0.000000
vt 0.842105 0.000000
vt 0.452632 0.000000
vt 0.284211 0.000000
vt 0.915789 0.000000
vt 0.831579 0.000000
vt 0.926316 0.000000
vt 0.821053 0.000000
vt 0.936842 0.000000
vt 0.810526 0.000000
vt 0.463158 0.000000
vt 0.273684 0.000000
vt 0.947368 0.000000
vt 0.800000 0.000000
vt 0.957895 0.000000
vt 0.789474 0.000000
vt 0.473684 0.000000
vt 0.263158 0.000000
vt 0.968421 0.000000
vt 0.778947 0.000000
vt 0.484211 0.000000
vt 0.252632 0.000000
vt 0.978947 0.000000
vt 0.768421 0.000000
vt 0.989474 0.000000
vt 0.757895 0.000000
vt 0.494737 0.000000
vt 0.242105 0.000000
vt 1.000000 0.000000
vt 0.747368 0.000000
vt 0.231579 0.000000
vt 0.505263 0.000000
vt 0.000000 0.000000
vt 0.736842 0.000000
vt 0.515789 0.000000
vt 0.726316 0.000000
vt 0.221053 0.000000
vt 0.010526 0.000000
vt 0.526316 0.000000
vt 0.715789 0.000000
vt 0.536842 0.000000
vt 0.210526 0.000000
vt 0.705263 0.000000
vt 0.021053 0.000000
vt 0.547368 0.000000
vt 0.694737 0.000000
vt 0.200000 0.000000
vt 0.031579 0.000000
vt 0.557895 0.000000
vt 0.684211 0.000000
vt 0.568421 0.000000
vt 0.673684 0.000000
vt 0.189474 0.000000
vt 0.042105 0.000000
vt 0.578947 0.000000
vt 0.663158 0.000000
vt 0.589474 0.000000
vt 0.652632 0.000000
vt 0.600000 0.000000
vt 0.642105 0.000000
vt 0.178947 0.000000
vt 0.052632 0.000000
vt 0.610526 0.000000
vt 0.631579 0.000000
vt 0.621053 0.000000
vt 0.168421 0.000000
vt 0.063158 0.000000
vt 0.157895 0.000000
vt 0.073684 0.000000
vt 0.147368 0.000000
vt 0.084211 0.000000
vt 0.136842 0.000000
vt 0.094737 0.000000
vt 0.126316 0.000000
vt 0.105263 0.000000
vt 0.115789 0.000000
vt 0.471698 0.000000
vt 0.981132 0.000000
vt 0.490566 0.000000
vt 0.000000 0.000000
vt 0.018868 0.000000
vt 0.037736 0.000000
vt 0.056604 0.000000
vt 0.075472 0.000000
vt 0.094340 0.000000
vt 0.962264 0.000000
vt 0.943396 0.000000
vt 0.113208 0.000000
vt 1.000000 0.000000
vt 0.924528 0.000000
vt 0.905660 0.000000
vt 0.886792 0.000000
vt 0.132075 0.000000
vt 0.867925 0.000000
vt 0.849057 0.000000
vt 0.150943 0.000000
vt 0.830189 0.000000
vt 0.169811 0.000000
vt 0.811321 0.000000
vt 0.792453 0.000000
vt 0.188679 0.000000
vt 0.773585 0.000000
vt 0.207547 0.000000
vt 0.754717 0.000000
vt 0.226415 0.000000
vt 0.735849 0.000000
vt 0.716981 0.000000
vt 0.245283 0.000000
vt 0.698113 0.000000
vt 0.264151 0.000000
vt 0.679245 0.000000
vt 0.660377 0.000000
vt 0.283019 0.000000
vt 0.641509 0.000000
vt 0.301887 0.000000
vt 0.622642 0.000000
vt 0.603774 0.000000
vt 0.320755 0.000000
vt 0.584906 0.000000
vt 0.339623 0.000000
vt 0.566038 0.000000
vt 0.547170 0.000000
vt 0.358491 0.000000
vt 0.528302 0.000000
vt 0.509434 0.000000
vt 0.377358 0.000000
vt 0.396226 0.000000
vt 0.415094 0.000000
vt 0.433962 0.000000
vt 0.452830 0.000000
vt 0.855670 0.000000
vt 0.876289 0.000000
vt 0.865979 0.000000
vt 0.886598 0.000000
vt 0.896907 0.000000
vt 0.845361 0.000000
vt 0.907216 0.000000
vt 0.917526 0.000000
vt 0.927835 0.000000
vt 0.835052 0.000000
vt 0.938144 0.000000
vt 0.948454 0.000000
vt 0.958763 0.000000
vt 0.824742 0.000000
vt 0.969072 0.000000
vt 0.979381 0.000000
vt 0.989691 0.000000
vt 0.814433 0.000000
vt 0.072165 0.000000
vt 0.061856 0.000000
vt 0.051546 0.000000
vt 0.041237 0.000000
vt 0.030928 0.000000
vt 0.020619 0.000000
vt 0.010309 0.000000
vt 0.000000 0.000000
vt 1.000000 0.000000
vt 0.804124 0.000000
vt 0.092784 0.000000
vt 0.082474 0.000000
vt 0.793814 0.000000
vt 0.113402 0.000000
vt 0.103093 0.000000
vt 0.123711 0.000000
vt 0.134021 0.000000
vt 0.144330 0.000000
vt 0.783505 0.000000
vt 0.154639 0.000000
vt 0.164948 0.000000
vt 0.175258 0.000000
vt 0.773196 0.000000
vt 0.185567 0.000000
vt 0.195876 0.000000
vt 0.762887 0.000000
vt 0.206186 0.000000
vt 0.216495 0.000000
vt 0.752577 0.000000
vt 0.226804 0.000000
vt 0.742268 0.000000
vt 0.237113 0.000000
vt 0.247423 0.000000
vt 0.731959 0.000000
vt 0.257732 0.000000
vt 0.721649 0.000000
vt 0.268041 0.000000
vt 0.278351 0.000000
vt 0.711340 0.000000
vt 0.288660 0.000000
vt 0.298969 0.000000
vt 0.701031 0.000000
vt 0.309278 0.000000
vt 0.474227 0.000000
vt 0.494845 0.000000
vt 0.484536 0.000000
vt 0.319588 0.000000
vt 0.463918 0.000000
vt 0.690722 0.000000
vt 0.453608 0.000000
vt 0.329897 0.000000
vt 0.443299 0.000000
vt 0.432990 0.000000
vt 0.422680 0.000000
vt 0.340206 0.000000
vt 0.412371 0.000000
vt 0.402062 0.000000
vt 0.350515 0.000000
vt 0.391753 0.000000
vt 0.381443 0.000000
vt 0.360825 0.000000
vt 0.371134 0.000000
vt 0.680412 0.000000
vt 0.670103 0.000000
vt 0.659794 0.000000
vt 0.649485 0.000000
vt 0.505155 0.000000
vt 0.515464 0.000000
vt 0.525773 0.000000
vt 0.639175 0.000000
vt 0.536082 0.000000
vt 0.546392 0.000000
vt 0.556701 0.000000
vt 0.567010 0.000000
vt 0.628866 0.000000
vt 0.577320 0.000000
vt 0.587629 0.000000
vt 0.571429 0.000000
vt 0.714286 0.000000
vt 0.642857 0.000000
vt 0.428571 0.000000
vt 0.357143 0.000000
vt 0.785714 0.000000
vt 0.928571 0.000000
vt 0.857143 0.000000
vt 0.142857 0.000000
vt 0.071429 0.000000
vt 1.000000 0.000000
vt 0.500000 0.000000
vt 0.285714 0.000000
vt 0.214286 0.000000
vt 0.000000 0.000000
vt 0.000000 1.000000
vt 0.000000 0.000000
vt 0.200000 1.000000
vt 0.200000 0.000000
vt 0.266667 1.000000
vt 0.266667 0.000000
vt 0.333333 1.000000
vt 0.333333 0.000000
vt 0.400000 1.000000
vt 0.400000 0.000000
vt 0.466667 1.000000
vt 0.466667 0.000000
vt 0.533333 1.000000
vt 0.533333 0.000000
vt 0.600000 1.000000
vt 0.600000 0.000000
vt 0.666667 1.000000
vt 0.666667 0.000000
vt 0.733333 1.000000
vt 0.733333 0.000000
vt 0.800000 1.000000
vt 0.800000 0.000000
vt 0.866667 1.000000
vt 0.866667 0.000000
vt 0.933333 1.000000
vt 0.933333 0.000000
vt 1.000000 1.000000
vt 1.000000 0.000000
vt 0.000000 1.000000
vt 0.010204 1.000000
vt 0.010204 0.000000
vt 0.000000 0.000000
vt 0.020408 1.000000
vt 0.020408 0.000000
vt 0.030612 1.000000
vt 0.030612 0.000000
vt 0.040816 1.000000
vt 0.040816 0.000000
vt 0.051020 1.000000
vt 0.051020 0.000000
vt 0.061224 1.000000
vt 0.061224 0.000000
vt 0.071429 1.000000
vt 0.071429 0.000000
vt 0.081633 1.000000
vt 0.081633 0.000000
vt 0.091837 1.000000
vt 0.091837 0.000000
vt 0.102041 1.000000
vt 0.102041 0.000000
vt 0.112245 1.000000
vt 0.112245 0.000000
vt 0.122449 1.000000
vt 0.122449 0.000000
vt 0.132653 1.000000
vt 0.132653 0.000000
vt 0.142857 1.000000
vt 0.142857 0.000000
vt 0.153061 1.000000
vt 0.153061 0.000000
vt 0.163265 1.000000
vt 0.163265 0.000000
vt 0.173469 1.000000
vt 0.173469 0.000000
vt 0.183673 1.000000
vt 0.183673 0.000000
vt 0.193878 1.000000
vt 0.193878 0.000000
vt 0.204082 1.000000
vt 0.204082 0.000000
vt 0.214286 1.000000
vt 0.214286 0.000000
vt 0.224490 1.000000
vt 0.224490 0.000000
vt 0.234694 1.000000
vt 0.234694 0.000000
vt 0.244898 1.000000
vt 0.244898 0.000000
vt 0.255102 1.000000
vt 0.255102 0.000000
vt 0.265306 1.000000
vt 0.265306 0.000000
vt 0.275510 1.000000
vt 0.275510 0.000000
vt 0.285714 1.000000
vt 0.285714 0.000000
vt 0.295918 1.000000
vt 0.295918 0.000000
vt 0.306122 1.000000
vt 0.306122 0.000000
vt 0.316327 1.000000
vt 0.316327 0.000000
vt 0.326531 1.000000
vt 0.326531 0.000000
vt 0.336735 1.000000
vt 0.336735 0.000000
vt 0.346939 1.000000
vt 0.346939 0.000000
vt 0.357143 1.000000
vt 0.357143 0.000000
vt 0.367347 1.000000
vt 0.367347 0.000000
vt 0.377551 1.000000
vt 0.377551 0.000000
vt 0.387755 1.000000
vt 0.387755 0.000000
vt 0.397959 1.000000
vt 0.397959 0.000000
vt 0.408163 1.000000
vt 0.408163 0.000000
vt 0.418367 1.000000
vt 0.418367 0.000000
vt 0.428571 1.000000
vt 0.428571 0.000000
vt 0.438776 1.000000
vt 0.438776 0.000000
vt 0.448980 1.000000
vt 0.448980 0.000000
vt 0.459184 1.000000
vt 0.459184 0.000000
vt 0.469388 1.000000
vt 0.469388 0.000000
vt 0.479592 1.000000
vt 0.479592 0.000000
vt 0.489796 1.000000
vt 0.489796 0.000000
vt 0.500000 1.000000
vt 0.500000 0.000000
vt 0.510204 1.000000
vt 0.510204 0.000000
vt 0.520408 1.000000
vt 0.520408 0.000000
vt 0.530612 1.000000
vt 0.530612 0.000000
vt 0.540816 1.000000
vt 0.540816 0.000000
vt 0.551020 1.000000
vt 0.551020 0.000000
vt 0.561224 1.000000
vt 0.561224 0.000000
vt 0.571429 1.000000
vt 0.571429 0.000000
vt 0.581633 1.000000
vt 0.581633 0.000000
vt 0.591837 1.000000
vt 0.591837 0.000000
vt 0.602041 1.000000
vt 0.602041 0.000000
vt 0.612245 1.000000
vt 0.612245 0.000000
vt 0.622449 1.000000
vt 0.622449 0.000000
vt 0.632653 1.000000
vt 0.632653 0.000000
vt 0.642857 1.000000
vt 0.642857 0.000000
vt 0.653061 1.000000
vt 0.653061 0.000000
vt 0.663265 1.000000
vt 0.663265 0.000000
vt 0.673469 1.000000
vt 0.673469 0.000000
vt 0.683673 1.000000
vt 0.683673 0.000000
vt 0.693878 1.000000
vt 0.693878 0.000000
vt 0.704082 1.000000
vt 0.704082 0.000000
vt 0.714286 1.000000
vt 0.714286 0.000000
vt 0.724490 1.000000
vt 0.724490 0.000000
vt 0.734694 1.000000
vt 0.734694 0.000000
vt 0.744898 1.000000
vt 0.744898 0.000000
vt 0.755102 1.000000
vt 0.755102 0.000000
vt 0.765306 1.000000
vt 0.765306 0.000000
vt 0.775510 1.000000
vt 0.775510 0.000000
vt 0.785714 1.000000
vt 0.785714 0.000000
vt 0.795918 1.000000
vt 0.795918 0.000000
vt 0.806122 1.000000
vt 0.806122 0.000000
vt 0.816327 1.000000
vt 0.816327 0.000000
vt 0.826531 1.000000
vt 0.826531 0.000000
vt 0.836735 1.000000
vt 0.836735 0.000000
vt 0.846939 1.000000
vt 0.846939 0.000000
vt 0.857143 1.000000
vt 0.857143 0.000000
vt 0.867347 1.000000
vt 0.867347 0.000000
vt 0.877551 1.000000
vt 0.877551 0.000000
vt 0.887755 1.000000
vt 0.887755 0.000000
vt 0.897959 1.000000
vt 0.897959 0.000000
vt 0.908163 1.000000
vt 0.908163 0.000000
vt 0.918367 1.000000
vt 0.918367 0.000000
vt 0.928571 1.000000
vt 0.928571 0.000000
vt 0.938776 1.000000
vt 0.938776 0.000000
vt 0.948980 1.000000
vt 0.948980 0.000000
vt 0.959184 1.000000
vt 0.959184 0.000000
vt 0.969388 1.000000
vt 0.969388 0.000000
vt 0.979592 1.000000
vt 0.979592 0.000000
vt 0.989796 1.000000
vt 0.989796 0.000000
vt 1.000000 1.000000
vt 1.000000 0.000000
vt 0.000000 1.000000
vt 0.037037 1.000000
vt 0.037037 0.000000
vt 0.000000 0.000000
vt 0.074074 1.000000
vt 0.074074 0.000000
vt 0.111111 1.000000
vt 0.111111 0.000000
vt 0.148148 1.000000
vt 0.148148 0.000000
vt 0.185185 1.000000
vt 0.185185 0.000000
vt 0.222222 1.000000
vt 0.222222 0.000000
vt 0.259259 1.000000
vt 0.259259 0.000000
vt 0.296296 1.000000
vt 0.296296 0.000000
vt 0.333333 1.000000
vt 0.333333 0.000000
vt 0.370370 1.000000
vt 0.370370 0.000000
vt 0.407407 1.000000
vt 0.407407 0.000000
vt 0.444444 1.000000
vt 0.444444 0.000000
vt 0.481481 1.000000
vt 0.481481 0.000000
vt 0.518519 1.000000
vt 0.518519 0.000000
vt 0.555556 1.000000
vt 0.555556 0.000000
vt 0.592593 1.000000
vt 0.592593 0.000000
vt 0.629630 1.000000
vt 0.629630 0.000000
vt 0.666667 1.000000
vt 0.666667 0.000000
vt 0.703704 1.000000
vt 0.703704 0.000000
vt 0.740741 1.000000
vt 0.740741 0.000000
vt 0.777778 1.000000
vt 0.777778 0.000000
vt 0.814815 1.000000
vt 0.814815 0.000000
vt 0.851852 1.000000
vt 0.851852 0.000000
vt 0.888889 1.000000
vt 0.888889 0.000000
vt 0.925926 1.000000
vt 0.925926 0.000000
vt 0.962963 1.000000
vt 0.962963 0.000000
vt 1.000000 1.000000
vt 1.000000 0.000000
vt 0.000000 1.000000
vt 0.037037 1.000000
vt 0.037037 0.000000
vt 0.000000 0.000000
vt 0.074074 1.000000
vt 0.074074 0.000000
vt 0.111111 1.000000
vt 0.111111 0.000000
vt 0.148148 1.000000
vt 0.148148 0.000000
vt 0.185185 1.000000
vt 0.185185 0.000000
vt 0.222222 1.000000
vt 0.222222 0.000000
vt 0.259259 1.000000
vt 0.259259 0.000000
vt 0.296296 1.000000
vt 0.296296 0.000000
vt 0.333333 1.000000
vt 0.333333 0.000000
vt 0.370370 1.000000
vt 0.370370 0.000000
vt 0.407407 1.000000
vt 0.407407 0.000000
vt 0.444444 1.000000
vt 0.444444 0.000000
vt 0.481481 1.000000
vt 0.481481 0.000000
vt 0.518519 1.000000
vt 0.518519 0.000000
vt 0.555556 1.000000
vt 0.555556 0.000000
vt 0.592593 1.000000
vt 0.592593 0.000000
vt 0.629630 1.000000
vt 0.629630 0.000000
vt 0.666667 1.000000
vt 0.666667 0.000000
vt 0.703704 1.000000
vt 0.703704 0.000000
vt 0.740741 1.000000
vt 0.740741 0.000000
vt 0.777778 1.000000
vt 0.777778 0.000000
vt 0.814815 1.000000
vt 0.814815 0.000000
vt 0.851852 1.000000
vt 0.851852 0.000000
vt 0.888889 1.000000
vt 0.888889 0.000000
vt 0.925926 1.000000
vt 0.925926 0.000000
vt 0.962963 1.000000
vt 0.962963 0.000000
vt 1.000000 1.000000
vt 1.000000 0.000000
vt 0.000000 1.000000
vt 0.020833 1.000000
vt 0.020833 0.000000
vt 0.000000 0.000000
vt 0.041667 1.000000
vt 0.041667 0.000000
vt 0.062500 1.000000
vt 0.062500 0.000000
vt 0.083333 1.000000
vt 0.083333 0.000000
vt 0.104167 1.000000
vt 0.104167 0.000000
vt 0.125000 1.000000
vt 0.125000 0.000000
vt 0.145833 1.000000
vt 0.145833 0.000000
vt 0.166667 1.000000
vt 0.166667 0.000000
vt 0.187500 1.000000
vt 0.187500 0.000000
vt 0.208333 1.000000
vt 0.208333 0.000000
vt 0.229167 1.000000
vt 0.229167 0.000000
vt 0.250000 1.000000
vt 0.250000 0.000000
vt 0.270833 1.000000
vt 0.270833 0.000000
vt 0.291667 1.000000
vt 0.291667 0.000000
vt 0.312500 1.000000
vt 0.312500 0.000000
vt 0.333333 1.000000
vt 0.333333 0.000000
vt 0.354167 1.000000
vt 0.354167 0.000000
vt 0.375000 1.000000
vt 0.375000 0.000000
vt 0.395833 1.000000
vt 0.395833 0.000000
vt 0.416667 1.000000
vt 0.416667 0.000000
vt 0.437500 1.000000
vt 0.437500 0.000000
vt 0.458333 1.000000
vt 0.458333 0.000000
vt 0.479167 1.000000
vt 0.479167 0.000000
vt 0.500000 1.000000
vt 0.500000 0.000000
vt 0.520833 1.000000
vt 0.520833 0.000000
vt 0.541667 1.000000
vt 0.541667 0.000000
vt 0.562500 1.000000
vt 0.562500 0.000000
vt 0.583333 1.000000
vt 0.583333 0.000000
vt 0.604167 1.000000
vt 0.604167 0.000000
vt 0.625000 1.000000
vt 0.625000 0.000000
vt 0.645833 1.000000
vt 0.645833 0.000000
vt 0.666667 1.000000
vt 0.666667 0.000000
vt 0.687500 1.000000
vt 0.687500 0.000000
vt 0.708333 1.000000
vt 0.708333 0.000000
vt 0.729167 1.000000
vt 0.729167 0.000000
vt 0.750000 1.000000
vt 0.750000 0.000000
vt 0.770833 1.000000
vt 0.770833 0.000000
vt 0.791667 1.000000
vt 0.791667 0.000000
vt 0.812500 1.000000
vt 0.812500 0.000000
vt 0.833333 1.000000
vt 0.833333 0.000000
vt 0.854167 1.000000
vt 0.854167 0.000000
vt 0.875000 1.000000
vt 0.875000 0.000000
vt 0.895833 1.000000
vt 0.895833 0.000000
vt 0.916667 1.000000
vt 0.916667 0.000000
vt 0.937500 1.000000
vt 0.937500 0.000000
vt 0.958333 1.000000
vt 0.958333 0.000000
vt 0.979167 1.000000
vt 0.979167 0.000000
vt 1.000000 1.000000
vt 1.000000 0.000000
vt 0.000000 1.000000
vt 0.020833 1.000000
vt 0.020833 0.000000
vt 0.000000 0.000000
vt 0.041667 1.000000
vt 0.041667 0.000000
vt 0.062500 1.000000
vt 0.062500 0.000000
vt 0.083333 1.000000
vt 0.083333 0.000000
vt 0.104167 1.000000
vt 0.104167 0.000000
vt 0.125000 1.000000
vt 0.125000 0.000000
vt 0.145833 1.000000
vt 0.145833 0.000000
vt 0.166667 1.000000
vt 0.166667 0.000000
vt 0.187500 1.000000
vt 0.187500 0.000000
vt 0.208333 1.000000
vt 0.208333 0.000000
vt 0.229167 1.000000
vt 0.229167 0.000000
vt 0.250000 1.000000
vt 0.250000 0.000000
vt 0.270833 1.000000
vt 0.270833 0.000000
vt 0.291667 1.000000
vt 0.291667 0.000000
vt 0.312500 1.000000
vt 0.312500 0.000000
vt 0.333333 1.000000
vt 0.333333 0.000000
vt 0.354167 1.000000
vt 0.354167 0.000000
vt 0.375000 1.000000
vt 0.375000 0.000000
vt 0.395833 1.000000
vt 0.395833 0.000000
vt 0.416667 1.000000
vt 0.416667 0.000000
vt 0.437500 1.000000
vt 0.437500 0.000000
vt 0.458333 1.000000
vt 0.458333 0.000000
vt 0.479167 1.000000
vt 0.479167 0.000000
vt 0.500000 1.000000
vt 0.500000 0.000000
vt 0.520833 1.000000
vt 0.520833 0.000000
vt 0.541667 1.000000
vt 0.541667 0.000000
vt 0.562500 1.000000
vt 0.562500 0.000000
vt 0.583333 1.000000
vt 0.583333 0.000000
vt 0.604167 1.000000
vt 0.604167 0.000000
vt 0.625000 1.000000
vt 0.625000 0.000000
vt 0.645833 1.000000
vt 0.645833 0.000000
vt 0.666667 1.000000
vt 0.666667 0.000000
vt 0.687500 1.000000
vt 0.687500 0.000000
vt 0.708333 1.000000
vt 0.708333 0.000000
vt 0.729167 1.000000
vt 0.729167 0.000000
vt 0.750000 1.000000
vt 0.750000 0.000000
vt 0.770833 1.000000
vt 0.770833 0.000000
vt 0.791667 1.000000
vt 0.791667 0.000000
vt 0.812500 1.000000
vt 0.812500 0.000000
vt 0.833333 1.000000
vt 0.833333 0.000000
vt 0.854167 1.000000
vt 0.854167 0.000000
vt 0.875000 1.000000
vt 0.875000 0.000000
vt 0.895833 1.000000
vt 0.895833 0.000000
vt 0.916667 1.000000
vt 0.916667 0.000000
vt 0.937500 1.000000
vt 0.937500 0.000000
vt 0.958333 1.000000
vt 0.958333 0.000000
vt 0.979167 1.000000
vt 0.979167 0.000000
vt 1.000000 1.000000
vt 1.000000 0.000000
vt 0.000000 1.000000
vt 0.017544 1.000000
vt 0.017544 0.000000
vt 0.000000 0.000000
vt 0.035088 1.000000
vt 0.035088 0.000000
vt 0.052632 1.000000
vt 0.052632 0.000000
vt 0.070175 1.000000
vt 0.070175 0.000000
vt 0.087719 1.000000
vt 0.087719 0.000000
vt 0.105263 1.000000
vt 0.105263 0.000000
vt 0.122807 1.000000
vt 0.122807 0.000000
vt 0.140351 1.000000
vt 0.140351 0.000000
vt 0.157895 1.000000
vt 0.157895 0.000000
vt 0.175439 1.000000
vt 0.175439 0.000000
vt 0.192982 1.000000
vt 0.192982 0.000000
vt 0.210526 1.000000
vt 0.210526 0.000000
vt 0.228070 1.000000
vt 0.228070 0.000000
vt 0.245614 1.000000
vt 0.245614 0.000000
vt 0.263158 1.000000
vt 0.263158 0.000000
vt 0.280702 1.000000
vt 0.280702 0.000000
vt 0.298246 1.000000
vt 0.298246 0.000000
vt 0.315789 1.000000
vt 0.315789 0.000000
vt 0.333333 1.000000
vt 0.333333 0.000000
vt 0.350877 1.000000
vt 0.350877 0.000000
vt 0.368421 1.000000
vt 0.368421 0.000000
vt 0.385965 1.000000
vt 0.385965 0.000000
vt 0.403509 1.000000
vt 0.403509 0.000000
vt 0.421053 1.000000
vt 0.421053 0.000000
vt 0.438596 1.000000
vt 0.438596 0.000000
vt 0.456140 1.000000
vt 0.456140 0.000000
vt 0.473684 1.000000
vt 0.473684 0.000000
vt 0.491228 1.000000
vt 0.491228 0.000000
vt 0.508772 1.000000
vt 0.508772 0.000000
vt 0.526316 1.000000
vt 0.526316 0.000000
vt 0.543860 1.000000
vt 0.543860 0.000000
vt 0.561404 1.000000
vt 0.561404 0.000000
vt 0.578947 1.000000
vt 0.578947 0.000000
vt 0.596491 1.000000
vt 0.596491 0.000000
vt 0.614035 1.000000
vt 0.614035 0.000000
vt 0.631579 1.000000
vt 0.631579 0.000000
vt 0.649123 1.000000
vt 0.649123 0.000000
vt 0.666667 1.000000
vt 0.666667 0.000000
vt 0.684211 1.000000
vt 0.684211 0.000000
vt 0.701754 1.000000
vt 0.701754 0.000000
vt 0.719298 1.000000
vt 0.719298 0.000000
vt 0.736842 1.000000
vt 0.736842 0.000000
vt 0.754386 1.000000
vt 0.754386 0.000000
vt 0.771930 1.000000
vt 0.771930 0.000000
vt 0.789474 1.000000
vt 0.789474 0.000000
vt 0.807018 1.000000
vt 0.807018 0.000000
vt 0.824561 1.000000
vt 0.824561 0.000000
vt 0.842105 1.000000
vt 0.842105 0.000000
vt 0.859649 1.000000
vt 0.859649 0.000000
vt 0.877193 1.000000
vt 0.877193 0.000000
vt 0.894737 1.000000
vt 0.894737 0.000000
vt 0.912281 1.000000
vt 0.912281 0.000000
vt 0.929825 1.000000
vt 0.929825 0.000000
vt 0.947368 1.000000
vt 0.947368 0.000000
vt 0.964912 1.000000
vt 0.964912 0.000000
vt 0.982456 1.000000
vt 0.982456 0.000000
vt 1.000000 1.000000
vt 1.000000 0.000000
vt 0.000000 1.000000
vt 0.007299 1.000000
vt 0.007299 0.000000
vt 0.000000 0.000000
vt 0.014599 1.000000
vt 0.014599 0.000000
vt 0.021898 1.000000
vt 0.021898 0.000000
vt 0.029197 1.000000
vt 0.029197 0.000000
vt 0.036496 1.000000
vt 0.036496 0.000000
vt 0.043796 1.000000
vt 0.043796 0.000000
vt 0.051095 1.000000
vt 0.051095 0.000000
vt 0.058394 1.000000
vt 0.058394 0.000000
vt 0.065693 1.000000
vt 0.065693 0.000000
vt 0.072993 1.000000
vt 0.072993 0.000000
vt 0.080292 1.000000
vt 0.080292 0.000000
vt 0.087591 1.000000
vt 0.087591 0.000000
vt 0.094891 1.000000
vt 0.094891 0.000000
vt 0.102190 1.000000
vt 0.102190 0.000000
vt 0.109489 1.000000
vt 0.109489 0.000000
vt 0.116788 1.000000
vt 0.116788 0.000000
vt 0.124088 1.000000
vt 0.124088 0.000000
vt 0.131387 1.000000
vt 0.131387 0.000000
vt 0.138686 1.000000
vt 0.138686 0.000000
vt 0.145985 1.000000
vt 0.145985 0.000000
vt 0.153285 1.000000
vt 0.153285 0.000000
vt 0.160584 1.000000
vt 0.160584 0.000000
vt 0.167883 1.000000
vt 0.167883 0.000000
vt 0.175182 1.000000
vt 0.175182 0.000000
vt 0.182482 1.000000
vt 0.182482 0.000000
vt 0.189781 1.000000
vt 0.189781 0.000000
vt 0.197080 1.000000
vt 0.197080 0.000000
vt 0.204380 1.000000
vt 0.204380 0.000000
vt 0.211679 1.000000
vt 0.211679 0.000000
vt 0.218978 1.000000
vt 0.218978 0.000000
vt 0.226277 1.000000
vt 0.226277 0.000000
vt 0.233577 1.000000
vt 0.233577 0.000000
vt 0.240876 1.000000
vt 0.240876 0.000000
vt 0.248175 1.000000
vt 0.248175 0.000000
vt 0.255474 1.000000
vt 0.255474 0.000000
vt 0.262774 1.000000
vt 0.262774 0.000000
vt 0.270073 1.000000
vt 0.270073 0.000000
vt 0.277372 1.000000
vt 0.277372 0.000000
vt 0.284672 1.000000
vt 0.284672 0.000000
vt 0.291971 1.000000
vt 0.291971 0.000000
vt 0.299270 1.000000
vt 0.299270 0.000000
vt 0.306569 1.000000
vt 0.306569 0.000000
vt 0.313869 1.000000
vt 0.313869 0.000000
vt 0.321168 1.000000
vt 0.321168 0.000000
vt 0.328467 1.000000
vt 0.328467 0.000000
vt 0.335766 1.000000
vt 0.335766 0.000000
vt 0.343066 1.000000
vt 0.343066 0.000000
vt 0.350365 1.000000
vt 0.350365 0.000000
vt 0.357664 1.000000
vt 0.357664 0.000000
vt 0.364964 1.000000
vt 0.364964 0.000000
vt 0.372263 1.000000
vt 0.372263 0.000000
vt 0.379562 1.000000
vt 0.379562 0.000000
vt 0.386861 1.000000
vt 0.386861 0.000000
vt 0.394161 1.000000
vt 0.394161 0.000000
vt 0.401460 1.000000
vt 0.401460 0.000000
vt 0.408759 1.000000
vt 0.408759 0.000000
vt 0.416058 1.000000
vt 0.416058 0.000000
vt 0.423358 1.000000
vt 0.423358 0.000000
vt 0.430657 1.000000
vt 0.430657 0.000000
vt 0.437956 1.000000
vt 0.437956 0.000000
vt 0.445255 1.000000
vt 0.445255 0.000000
vt 0.452555 1.000000
vt 0.452555 0.000000
vt 0.459854 1.000000
vt 0.459854 0.000000
vt 0.467153 1.000000
vt 0.467153 0.000000
vt 0.474453 1.000000
vt 0.474453 0.000000
vt 0.481752 1.000000
vt 0.481752 0.000000
vt 0.489051 1.000000
vt 0.489051 0.000000
vt 0.496350 1.000000
vt 0.496350 0.000000
vt 0.503650 1.000000
vt 0.503650 0.000000
vt 0.510949 1.000000
vt 0.510949 0.000000
vt 0.518248 1.000000
vt 0.518248 0.000000
vt 0.525547 1.000000
vt 0.525547 0.000000
vt 0.532847 1.000000
vt 0.532847 0.000000
vt 0.540146 1.000000
vt 0.540146 0.000000
vt 0.547445 1.000000
vt 0.547445 0.000000
vt 0.554745 1.000000
vt 0.554745 0.000000
vt 0.562044 1.000000
vt 0.562044 0.000000
vt 0.569343 1.000000
vt 0.569343 0.000000
vt 0.576642 1.000000
vt 0.576642 0.000000
vt 0.583942 1.000000
vt 0.583942 0.000000
vt 0.591241 1.000000
vt 0.591241 0.000000
vt 0.598540 1.000000
vt 0.598540 0.000000
vt 0.605839 1.000000
vt 0.605839 0.000000
vt 0.613139 1.000000
vt 0.613139 0.000000
vt 0.620438 1.000000
vt 0.620438 0.000000
vt 0.627737 1.000000
vt 0.627737 0.000000
vt 0.635036 1.000000
vt 0.635036 0.000000
vt 0.642336 1.000000
vt 0.642336 0.000000
vt 0.649635 1.000000
vt 0.649635 0.000000
vt 0.656934 1.000000
vt 0.656934 0.000000
vt 0.664234 1.000000
vt 0.664234 0.000000
vt 0.671533 1.000000
vt 0.671533 0.000000
vt 0.678832 1.000000
vt 0.678832 0.000000
vt 0.686131 1.000000
vt 0.686131 0.000000
vt 0.693431 1.000000
vt 0.693431 0.000000
vt 0.700730 1.000000
vt 0.700730 0.000000
vt 0.708029 1.000000
vt 0.708029 0.000000
vt 0.715328 1.000000
vt 0.715328 0.000000
vt 0.722628 1.000000
vt 0.722628 0.000000
vt 0.729927 1.000000
vt 0.729927 0.000000
vt 0.737226 1.000000
vt 0.737226 0.000000
vt 0.744526 1.000000
vt 0.744526 0.000000
vt 0.751825 1.000000
vt 0.751825 0.000000
vt 0.759124 1.000000
vt 0.759124 0.000000
vt 0.766423 1.000000
vt 0.766423 0.000000
vt 0.773723 1.000000
vt 0.773723 0.000000
vt 0.781022 1.000000
vt 0.781022 0.000000
vt 0.788321 1.000000
vt 0.788321 0.000000
vt 0.795620 1.000000
vt 0.795620 0.000000
vt 0.802920 1.000000
vt 0.802920 0.000000
vt 0.810219 1.000000
vt 0.810219 0.000000
vt 0.817518 1.000000
vt 0.817518 0.000000
vt 0.824818 1.000000
vt 0.824818 0.000000
vt 0.832117 1.000000
vt 0.832117 0.000000
vt 0.839416 1.000000
vt 0.839416 0.000000
vt 0.846715 1.000000
vt 0.846715 0.000000
vt 0.854015 1.000000
vt 0.854015 0.000000
vt 0.861314 1.000000
vt 0.861314 0.000000
vt 0.868613 1.000000
vt 0.868613 0.000000
vt 0.875912 1.000000
vt 0.875912 0.000000
vt 0.883212 1.000000
vt 0.883212 0.000000
vt 0.890511 1.000000
vt 0.890511 0.000000
vt 0.897810 1.000000
vt 0.897810 0.000000
vt 0.905109 1.000000
vt 0.905109 0.000000
vt 0.912409 1.000000
vt 0.912409 0.000000
vt 0.919708 1.000000
vt 0.919708 0.000000
vt 0.927007 1.000000
vt 0.927007 0.000000
vt 0.934307 1.000000
vt 0.934307 0.000000
vt 0.941606 1.000000
vt 0.941606 0.000000
vt 0.948905 1.000000
vt 0.948905 0.000000
vt 0.956204 1.000000
vt 0.956204 0.000000
vt 0.963504 1.000000
vt 0.963504 0.000000
vt 0.970803 1.000000
vt 0.970803 0.000000
vt 0.978102 1.000000
vt 0.978102 0.000000
vt 0.985401 1.000000
vt 0.985401 0.000000
vt 0.992701 1.000000
vt 0.992701 0.000000
vt 1.000000 1.000000
vt 1.000000 0.000000
vt 0.000000 1.000000
vt 0.027027 1.000000
vt 0.027027 0.000000
vt 0.000000 0.000000
vt 0.054054 1.000000
vt 0.054054 0.000000
vt 0.081081 1.000000
vt 0.081081 0.000000
vt 0.108108 1.000000
vt 0.108108 0.000000
vt 0.135135 1.000000
vt 0.135135 0.000000
vt 0.162162 1.000000
vt 0.162162 0.000000
vt 0.189189 1.000000
vt 0.189189 0.000000
vt 0.216216 1.000000
vt 0.216216 0.000000
vt 0.243243 1.000000
vt 0.243243 0.000000
vt 0.270270 1.000000
vt 0.270270 0.000000
vt 0.297297 1.000000
vt 0.297297 0.000000
vt 0.324324 1.000000
vt 0.324324 0.000000
vt 0.351351 1.000000
vt 0.351351 0.000000
vt 0.378378 1.000000
vt 0.378378 0.000000
vt 0.405405 1.000000
vt 0.405405 0.000000
vt 0.432432 1.000000
vt 0.432432 0.000000
vt 0.459459 1.000000
vt 0.459459 0.000000
vt 0.486486 1.000000
vt 0.486486 0.000000
vt 0.513514 1.000000
vt 0.513514 0.000000
vt 0.540541 1.000000
vt 0.540541 0.000000
vt 0.567568 1.000000
vt 0.567568 0.000000
vt 0.594595 1.000000
vt 0.594595 0.000000
vt 0.621622 1.000000
vt 0.621622 0.000000
vt 0.648649 1.000000
vt 0.648649 0.000000
vt 0.675676 1.000000
vt 0.675676 0.000000
vt 0.702703 1.000000
vt 0.702703 0.000000
vt 0.729730 1.000000
vt 0.729730 0.000000
vt 0.756757 1.000000
vt 0.756757 0.000000
vt 0.783784 1.000000
vt 0.783784 0.000000
vt 0.810811 1.000000
vt 0.810811 0.000000
vt 0.837838 1.000000
vt 0.837838 0.000000
vt 0.864865 1.000000
vt 0.864865 0.000000
vt 0.891892 1.000000
vt 0.891892 0.000000
vt 0.918919 1.000000
vt 0.918919 0.000000
vt 0.945946 1.000000
vt 0.945946 0.000000
vt 0.972973 1.000000
vt 0.972973 0.000000
vt 1.000000 1.000000
vt 1.000000 0.000000
vt 0.000000 1.000000
vt 0.250000 1.000000
vt 0.250000 0.000000
vt 0.000000 0.000000
vt 0.500000 1.000000
vt 0.500000 0.000000
vt 0.750000 1.000000
vt 0.750000 0.000000
vt 1.000000 1.000000
vt 1.000000 0.000000
vt 0.000000 1.000000
vt 0.025000 1.000000
vt 0.025000 0.000000
vt 0.000000 0.000000
vt 0.050000 1.000000
vt 0.050000 0.000000
vt 0.075000 1.000000
vt 0.075000 0.000000
vt 0.100000 1.000000
vt 0.100000 0.000000
vt 0.125000 1.000000
vt 0.125000 0.000000
vt 0.150000 1.000000
vt 0.150000 0.000000
vt 0.175000 1.000000
vt 0.175000 0.000000
vt 0.200000 1.000000
vt 0.200000 0.000000
vt 0.225000 1.000000
vt 0.225000 0.000000
vt 0.250000 1.000000
vt 0.250000 0.000000
vt 0.275000 1.000000
vt 0.275000 0.000000
vt 0.300000 1.000000
vt 0.300000 0.000000
vt 0.325000 1.000000
vt 0.325000 0.000000
vt 0.350000 1.000000
vt 0.350000 0.000000
vt 0.375000 1.000000
vt 0.375000 0.000000
vt 0.400000 1.000000
vt 0.400000 0.000000
vt 0.425000 1.000000
vt 0.425000 0.000000
vt 0.450000 1.000000
vt 0.450000 0.000000
vt 0.475000 1.000000
vt 0.475000 0.000000
vt 0.500000 1.000000
vt 0.500000 0.000000
vt 0.525000 1.000000
vt 0.525000 0.000000
vt 0.550000 1.000000
vt 0.550000 0.000000
vt 0.575000 1.000000
vt 0.575000 0.000000
vt 0.600000 1.000000
vt 0.600000 0.000000
vt 0.625000 1.000000
vt 0.625000 0.000000
vt 0.650000 1.000000
vt 0.650000 0.000000
vt 0.675000 1.000000
vt 0.675000 0.000000
vt 0.700000 1.000000
vt 0.700000 0.000000
vt 0.725000 1.000000
vt 0.725000 0.000000
vt 0.750000 1.000000
vt 0.750000 0.000000
vt 0.775000 1.000000
vt 0.775000 0.000000
vt 0.800000 1.000000
vt 0.800000 0.000000
vt 0.825000 1.000000
vt 0.825000 0.000000
vt 0.850000 1.000000
vt 0.850000 0.000000
vt 0.875000 1.000000
vt 0.875000 0.000000
vt 0.900000 1.000000
vt 0.900000 0.000000
vt 0.925000 1.000000
vt 0.925000 0.000000
vt 0.950000 1.000000
vt 0.950000 0.000000
vt 0.975000 1.000000
vt 0.975000 0.000000
vt 1.000000 1.000000
vt 1.000000 0.000000
vt 0.000000 1.000000
vt 0.026316 1.000000
vt 0.026316 0.000000
vt 0.000000 0.000000
vt 0.052632 1.000000
vt 0.052632 0.000000
vt 0.078947 1.000000
vt 0.078947 0.000000
vt 0.105263 1.000000
vt 0.105263 0.000000
vt 0.131579 1.000000
vt 0.131579 0.000000
vt 0.157895 1.000000
vt 0.157895 0.000000
vt 0.184211 1.000000
vt 0.184211 0.000000
vt 0.210526 1.000000
vt 0.210526 0.000000
vt 0.236842 1.000000
vt 0.236842 0.000000
vt 0.263158 1.000000
vt 0.263158 0.000000
vt 0.289474 1.000000
vt 0.289474 0.000000
vt 0.315789 1.000000
vt 0.315789 0.000000
vt 0.342105 1.000000
vt 0.342105 0.000000
vt 0.368421 1.000000
vt 0.368421 0.000000
vt 0.394737 1.000000
vt 0.394737 0.000000
vt 0.421053 1.000000
vt 0.421053 0.000000
vt 0.447368 1.000000
vt 0.447368 0.000000
vt 0.473684 1.000000
vt 0.473684 0.000000
vt 0.500000 1.000000
vt 0.500000 0.000000
vt 0.526316 1.000000
vt 0.526316 0.000000
vt 0.552632 1.000000
vt 0.552632 0.000000
vt 0.578947 1.000000
vt 0.578947 0.000000
vt 0.605263 1.000000
vt 0.605263 0.000000
vt 0.631579 1.000000
vt 0.631579 0.000000
vt 0.657895 1.000000
vt 0.657895 0.000000
vt 0.684211 1.000000
vt 0.684211 0.000000
vt 0.710526 1.000000
vt 0.710526 0.000000
vt 0.736842 1.000000
vt 0.736842 0.000000
vt 0.763158 1.000000
vt 0.763158 0.000000
vt 0.789474 1.000000
vt 0.789474 0.000000
vt 0.815789 1.000000
vt 0.815789 0.000000
vt 0.842105 1.000000
vt 0.842105 0.000000
vt 0.868421 1.000000
vt 0.868421 0.000000
vt 0.894737 1.000000
vt 0.894737 0.000000
vt 0.921053 1.000000
vt 0.921053 0.000000
vt 0.947368 1.000000
vt 0.947368 0.000000
vt 0.973684 1.000000
vt 0.973684 0.000000
vt 1.000000 1.000000
vt 1.000000 0.000000
vt 0.000000 1.000000
vt 0.166667 1.000000
vt 0.166667 0.000000
vt 0.000000 0.000000
vt 0.333333 1.000000
vt 0.333333 0.000000
vt 0.500000 1.000000
vt 0.500000 0.000000
vt 0.666667 1.000000
vt 0.666667 0.000000
vt 0.833333 1.000000
vt 0.833333 0.000000
vt 1.000000 1.000000
vt 1.000000 0.000000
vt 0.000000 1.000000
vt 0.007463 1.000000
vt 0.007463 0.000000
vt 0.000000 0.000000
vt 0.014925 1.000000
vt 0.014925 0.000000
vt 0.022388 1.000000
vt 0.022388 0.000000
vt 0.029851 1.000000
vt 0.029851 0.000000
vt 0.037313 1.000000
vt 0.037313 0.000000
vt 0.044776 1.000000
vt 0.044776 0.000000
vt 0.052239 1.000000
vt 0.052239 0.000000
vt 0.059701 1.000000
vt 0.059701 0.000000
vt 0.067164 1.000000
vt 0.067164 0.000000
vt 0.074627 1.000000
vt 0.074627 0.000000
vt 0.082090 1.000000
vt 0.082090 0.000000
vt 0.089552 1.000000
vt 0.089552 0.000000
vt 0.097015 1.000000
vt 0.097015 0.000000
vt 0.104478 1.000000
vt 0.104478 0.000000
vt 0.111940 1.000000
vt 0.111940 0.000000
vt 0.119403 1.000000
vt 0.119403 0.000000
vt 0.126866 1.000000
vt 0.126866 0.000000
vt 0.134328 1.000000
vt 0.134328 0.000000
vt 0.141791 1.000000
vt 0.141791 0.000000
vt 0.149254 1.000000
vt 0.149254 0.000000
vt 0.156716 1.000000
vt 0.156716 0.000000
vt 0.164179 1.000000
vt 0.164179 0.000000
vt 0.171642 1.000000
vt 0.171642 0.000000
vt 0.179104 1.000000
vt 0.179104 0.000000
vt 0.186567 1.000000
vt 0.186567 0.000000
vt 0.194030 1.000000
vt 0.194030 0.000000
vt 0.201493 1.000000
vt 0.201493 0.000000
vt 0.208955 1.000000
vt 0.208955 0.000000
vt 0.216418 1.000000
vt 0.216418 0.000000
vt 0.223881 1.000000
vt 0.223881 0.000000
vt 0.231343 1.000000
vt 0.231343 0.000000
vt 0.238806 1.000000
vt 0.238806 0.000000
vt 0.246269 1.000000
vt 0.246269 0.000000
vt 0.253731 1.000000
vt 0.253731 0.000000
vt 0.261194 1.000000
vt 0.261194 0.000000
vt 0.268657 1.000000
vt 0.268657 0.000000
vt 0.276119 1.000000
vt 0.276119 0.000000
vt 0.283582 1.000000
vt 0.283582 0.000000
vt 0.291045 1.000000
vt 0.291045 0.000000
vt 0.298507 1.000000
vt 0.298507 0.000000
vt 0.305970 1.000000
vt 0.305970 0.000000
vt 0.313433 1.000000
vt 0.313433 0.000000
vt 0.320896 1.000000
vt 0.320896 0.000000
vt 0.328358 1.000000
vt 0.328358 0.000000
vt 0.335821 1.000000
vt 0.335821 0.000000
vt 0.343284 1.000000
vt 0.343284 0.000000
vt 0.350746 1.000000
vt 0.350746 0.000000
vt 0.358209 1.000000
vt 0.358209 0.000000
vt 0.365672 1.000000
vt 0.365672 0.000000
vt 0.373134 1.000000
vt 0.373134 0.000000
vt 0.380597 1.000000
vt 0.380597 0.000000
vt 0.388060 1.000000
vt 0.388060 0.000000
vt 0.395522 1.000000
vt 0.395522 0.000000
vt 0.402985 1.000000
vt 0.402985 0.000000
vt 0.410448 1.000000
vt 0.410448 0.000000
vt 0.417910 1.000000
vt 0.417910 0.000000
vt 0.425373 1.000000
vt 0.425373 0.000000
vt 0.432836 1.000000
vt 0.432836 0.000000
vt 0.440298 1.000000
vt 0.440298 0.000000
vt 0.447761 1.000000
vt 0.447761 0.000000
vt 0.455224 1.000000
vt 0.455224 0.000000
vt 0.462687 1.000000
vt 0.462687 0.000000
vt 0.470149 1.000000
vt 0.470149 0.000000
vt 0.477612 1.000000
vt 0.477612 0.000000
vt 0.485075 1.000000
vt 0.485075 0.000000
vt 0.492537 1.000000
vt 0.492537 0.000000
vt 0.500000 1.000000
vt 0.500000 0.000000
vt 0.507463 1.000000
vt 0.507463 0.000000
vt 0.514925 1.000000
vt 0.514925 0.000000
vt 0.522388 1.000000
vt 0.522388 0.000000
vt 0.529851 1.000000
vt 0.529851 0.000000
vt 0.537313 1.000000
vt 0.537313 0.000000
vt 0.544776 1.000000
vt 0.544776 0.000000
vt 0.552239 1.000000
vt 0.552239 0.000000
vt 0.559702 1.000000
vt 0.559702 0.000000
vt 0.567164 1.000000
vt 0.567164 0.000000
vt 0.574627 1.000000
vt 0.574627 0.000000
vt 0.582090 1.000000
vt 0.582090 0.000000
vt 0.589552 1.000000
vt 0.589552 0.000000
vt 0.597015 1.000000
vt 0.597015 0.000000
vt 0.604478 1.000000
vt 0.604478 0.000000
vt 0.611940 1.000000
vt 0.611940 0.000000
vt 0.619403 1.000000
vt 0.619403 0.000000
vt 0.626866 1.000000
vt 0.626866 0.000000
vt 0.634328 1.000000
vt 0.634328 0.000000
vt 0.641791 1.000000
vt 0.641791 0.000000
vt 0.649254 1.000000
vt 0.649254 0.000000
vt 0.656716 1.000000
vt 0.656716 0.000000
vt 0.664179 1.000000
vt 0.664179 0.000000
vt 0.671642 1.000000
vt 0.671642 0.000000
vt 0.679105 1.000000
vt 0.679105 0.000000
vt 0.686567 1.000000
vt 0.686567 0.000000
vt 0.694030 1.000000
vt 0.694030 0.000000
vt 0.701493 1.000000
vt 0.701493 0.000000
vt 0.708955 1.000000
vt 0.708955 0.000000
vt 0.716418 1.000000
vt 0.716418 0.000000
vt 0.723881 1.000000
vt 0.723881 0.000000
vt 0.731343 1.000000
vt 0.731343 0.000000
vt 0.738806 1.000000
vt 0.738806 0.000000
vt 0.746269 1.000000
vt 0.746269 0.000000
vt 0.753731 1.000000
vt 0.753731 0.000000
vt 0.761194 1.000000
vt 0.761194 0.000000
vt 0.768657 1.000000
vt 0.768657 0.000000
vt 0.776119 1.000000
vt 0.776119 0.000000
vt 0.783582 1.000000
vt 0.783582 0.000000
vt 0.791045 1.000000
vt 0.791045 0.000000
vt 0.798507 1.000000
vt 0.798507 0.000000
vt 0.805970 1.000000
vt 0.805970 0.000000
vt 0.813433 1.000000
vt 0.813433 0.000000
vt 0.820895 1.000000
vt 0.820895 0.000000
vt 0.828358 1.000000
vt 0.828358 0.000000
vt 0.835821 1.000000
vt 0.835821 0.000000
vt 0.843284 1.000000
vt 0.843284 0.000000
vt 0.850746 1.000000
vt 0.850746 0.000000
vt 0.858209 1.000000
vt 0.858209 0.000000
vt 0.865672 1.000000
vt 0.865672 0.000000
vt 0.873134 1.000000
vt 0.873134 0.000000
vt 0.880597 1.000000
vt 0.880597 0.000000
vt 0.888060 1.000000
vt 0.888060 0.000000
vt 0.895522 1.000000
vt 0.895522 0.000000
vt 0.902985 1.000000
vt 0.902985 0.000000
vt 0.910448 1.000000
vt 0.910448 0.000000
vt 0.917910 1.000000
vt 0.917910 0.000000
vt 0.925373 1.000000
vt 0.925373 0.000000
vt 0.932836 1.000000
vt 0.932836 0.000000
vt 0.940298 1.000000
vt 0.940298 0.000000
vt 0.947761 1.000000
vt 0.947761 0.000000
vt 0.955224 1.000000
vt 0.955224 0.000000
vt 0.962687 1.000000
vt 0.962687 0.000000
vt 0.970149 1.000000
vt 0.970149 0.000000
vt 0.977612 1.000000
vt 0.977612 0.000000
vt 0.985075 1.000000
vt 0.985075 0.000000
vt 0.992537 1.000000
vt 0.992537 0.000000
vt 1.000000 1.000000
vt 1.000000 0.000000
vt 0.000000 1.000000
vt 0.000000 0.000000
vt 0.200000 1.000000
vt 0.200000 0.000000
vt 0.266667 1.000000
vt 0.266667 0.000000
vt 0.466667 1.000000
vt 0.466667 0.000000
vt 0.533333 1.000000
vt 0.533333 0.000000
vt 0.600000 1.000000
vt 0.600000 0.000000
vt 0.666667 1.000000
vt 0.666667 0.000000
vt 0.733333 1.000000
vt 0.733333 0.000000
vt 0.800000 1.000000
vt 0.800000 0.000000
vt 0.866667 1.000000
vt 0.866667 0.000000
vt 0.933333 1.000000
vt 0.933333 0.000000
vt 1.000000 1.000000
vt 1.000000 0.000000
vt 0.000000 1.000000
vt 0.010204 1.000000
vt 0.010204 0.000000
vt 0.000000 0.000000
vt 0.020408 1.000000
vt 0.020408 0.000000
vt 0.030612 1.000000
vt 0.030612 0.000000
vt 0.040816 1.000000
vt 0.040816 0.000000
vt 0.051020 1.000000
vt 0.051020 0.000000
vt 0.061224 1.000000
vt 0.061224 0.000000
vt 0.071429 1.000000
vt 0.071429 0.000000
vt 0.081633 1.000000
vt 0.081633 0.000000
vt 0.091837 1.000000
vt 0.091837 0.000000
vt 0.102041 1.000000
vt 0.102041 0.000000
vt 0.112245 1.000000
vt 0.112245 0.000000
vt 0.122449 1.000000
vt 0.122449 0.000000
vt 0.132653 1.000000
vt 0.132653 0.000000
vt 0.142857 1.000000
vt 0.142857 0.000000
vt 0.153061 1.000000
vt 0.153061 0.000000
vt 0.163265 1.000000
vt 0.163265 0.000000
vt 0.173469 1.000000
vt 0.173469 0.000000
vt 0.183673 1.000000
vt 0.183673 0.000000
vt 0.193878 1.000000
vt 0.193878 0.000000
vt 0.204082 1.000000
vt 0.204082 0.000000
vt 0.214286 1.000000
vt 0.214286 0.000000
vt 0.224490 1.000000
vt 0.224490 0.000000
vt 0.234694 1.000000
vt 0.234694 0.000000
vt 0.244898 1.000000
vt 0.244898 0.000000
vt 0.255102 1.000000
vt 0.255102 0.000000
vt 0.265306 1.000000
vt 0.265306 0.000000
vt 0.275510 1.000000
vt 0.275510 0.000000
vt 0.285714 1.000000
vt 0.285714 0.000000
vt 0.295918 1.000000
vt 0.295918 0.000000
vt 0.306122 1.000000
vt 0.306122 0.000000
vt 0.316327 1.000000
vt 0.316327 0.000000
vt 0.326531 1.000000
vt 0.326531 0.000000
vt 0.336735 1.000000
vt 0.336735 0.000000
vt 0.346939 1.000000
vt 0.346939 0.000000
vt 0.357143 1.000000
vt 0.357143 0.000000
vt 0.367347 1.000000
vt 0.367347 0.000000
vt 0.377551 1.000000
vt 0.377551 0.000000
vt 0.387755 1.000000
vt 0.387755 0.000000
vt 0.397959 1.000000
vt 0.397959 0.000000
vt 0.408163 1.000000
vt 0.408163 0.000000
vt 0.418367 1.000000
vt 0.418367 0.000000
vt 0.428571 1.000000
vt 0.428571 0.000000
vt 0.438776 1.000000
vt 0.438776 0.000000
vt 0.448980 1.000000
vt 0.448980 0.000000
vt 0.459184 1.000000
vt 0.459184 0.000000
vt 0.469388 1.000000
vt 0.469388 0.000000
vt 0.479592 1.000000
vt 0.479592 0.000000
vt 0.489796 1.000000
vt 0.489796 0.000000
vt 0.500000 1.000000
vt 0.500000 0.000000
vt 0.510204 1.000000
vt 0.510204 0.000000
vt 0.520408 1.000000
vt 0.520408 0.000000
vt 0.530612 1.000000
vt 0.530612 0.000000
vt 0.540816 1.000000
vt 0.540816 0.000000
vt 0.551020 1.000000
vt 0.551020 0.000000
vt 0.561224 1.000000
vt 0.561224 0.000000
vt 0.571429 1.000000
vt 0.571429 0.000000
vt 0.581633 1.000000
vt 0.581633 0.000000
vt 0.591837 1.000000
vt 0.591837 0.000000
vt 0.602041 1.000000
vt 0.602041 0.000000
vt 0.612245 1.000000
vt 0.612245 0.000000
vt 0.622449 1.000000
vt 0.622449 0.000000
vt 0.632653 1.000000
vt 0.632653 0.000000
vt 0.642857 1.000000
vt 0.642857 0.000000
vt 0.653061 1.000000
vt 0.653061 0.000000
vt 0.663265 1.000000
vt 0.663265 0.000000
vt 0.673469 1.000000
vt 0.673469 0.000000
vt 0.683673 1.000000
vt 0.683673 0.000000
vt 0.693878 1.000000
vt 0.693878 0.000000
vt 0.704082 1.000000
vt 0.704082 0.000000
vt 0.714286 1.000000
vt 0.714286 0.000000
vt 0.724490 1.000000
vt 0.724490 0.000000
vt 0.734694 1.000000
vt 0.734694 0.000000
vt 0.744898 1.000000
vt 0.744898 0.000000
vt 0.755102 1.000000
vt 0.755102 0.000000
vt 0.765306 1.000000
vt 0.765306 0.000000
vt 0.775510 1.000000
vt 0.775510 0.000000
vt 0.785714 1.000000
vt 0.785714 0.000000
vt 0.795918 1.000000
vt 0.795918 0.000000
vt 0.806122 1.000000
vt 0.806122 0.000000
vt 0.816327 1.000000
vt 0.816327 0.000000
vt 0.826531 1.000000
vt 0.826531 0.000000
vt 0.836735 1.000000
vt 0.836735 0.000000
vt 0.846939 1.000000
vt 0.846939 0.000000
vt 0.857143 1.000000
vt 0.857143 0.000000
vt 0.867347 1.000000
vt 0.867347 0.000000
vt 0.877551 1.000000
vt 0.877551 0.000000
vt 0.887755 1.000000
vt 0.887755 0.000000
vt 0.897959 1.000000
vt 0.897959 0.000000
vt 0.908163 1.000000
vt 0.908163 0.000000
vt 0.918367 1.000000
vt 0.918367 0.000000
vt 0.928571 1.000000
vt 0.928571 0.000000
vt 0.938776 1.000000
vt 0.938776 0.000000
vt 0.948980 1.000000
vt 0.948980 0.000000
vt 0.959184 1.000000
vt 0.959184 0.000000
vt 0.969388 1.000000
vt 0.969388 0.000000
vt 0.979592 1.000000
vt 0.979592 0.000000
vt 0.989796 1.000000
vt 0.989796 0.000000
vt 1.000000 1.000000
vt 1.000000 0.000000
vt 0.000000 1.000000
vt 0.037037 1.000000
vt 0.037037 0.000000
vt 0.000000 0.000000
vt 0.074074 1.000000
vt 0.074074 0.000000
vt 0.111111 1.000000
vt 0.111111 0.000000
vt 0.148148 1.000000
vt 0.148148 0.000000
vt 0.185185 1.000000
vt 0.185185 0.000000
vt 0.222222 1.000000
vt 0.222222 0.000000
vt 0.259259 1.000000
vt 0.259259 0.000000
vt 0.296296 1.000000
vt 0.296296 0.000000
vt 0.333333 1.000000
vt 0.333333 0.000000
vt 0.370370 1.000000
vt 0.370370 0.000000
vt 0.407407 1.000000
vt 0.407407 0.000000
vt 0.444444 1.000000
vt 0.444444 0.000000
vt 0.481481 1.000000
vt 0.481481 0.000000
vt 0.518519 1.000000
vt 0.518519 0.000000
vt 0.555556 1.000000
vt 0.555556 0.000000
vt 0.592593 1.000000
vt 0.592593 0.000000
vt 0.629630 1.000000
vt 0.629630 0.000000
vt 0.666667 1.000000
vt 0.666667 0.000000
vt 0.703704 1.000000
vt 0.703704 0.000000
vt 0.740741 1.000000
vt 0.740741 0.000000
vt 0.777778 1.000000
vt 0.777778 0.000000
vt 0.814815 1.000000
vt 0.814815 0.000000
vt 0.851852 1.000000
vt 0.851852 0.000000
vt 0.888889 1.000000
vt 0.888889 0.000000
vt 0.925926 1.000000
vt 0.925926 0.000000
vt 0.962963 1.000000
vt 0.962963 0.000000
vt 1.000000 1.000000
vt 1.000000 0.000000
vt 0.000000 1.000000
vt 0.037037 1.000000
vt 0.037037 0.000000
vt 0.000000 0.000000
vt 0.074074 1.000000
vt 0.074074 0.000000
vt 0.111111 1.000000
vt 0.111111 0.000000
vt 0.148148 1.000000
vt 0.148148 0.000000
vt 0.185185 1.000000
vt 0.185185 0.000000
vt 0.222222 1.000000
vt 0.222222 0.000000
vt 0.259259 1.000000
vt 0.259259 0.000000
vt 0.296296 1.000000
vt 0.296296 0.000000
vt 0.333333 1.000000
vt 0.333333 0.000000
vt 0.370370 1.000000
vt 0.370370 0.000000
vt 0.407407 1.000000
vt 0.407407 0.000000
vt 0.444444 1.000000
vt 0.444444 0.000000
vt 0.481481 1.000000
vt 0.481481 0.000000
vt 0.518519 1.000000
vt 0.518519 0.000000
vt 0.555556 1.000000
vt 0.555556 0.000000
vt 0.592593 1.000000
vt 0.592593 0.000000
vt 0.629630 1.000000
vt 0.629630 0.000000
vt 0.666667 1.000000
vt 0.666667 0.000000
vt 0.703704 1.000000
vt 0.703704 0.000000
vt 0.740741 1.000000
vt 0.740741 0.000000
vt 0.777778 1.000000
vt 0.777778 0.000000
vt 0.814815 1.000000
vt 0.814815 0.000000
vt 0.851852 1.000000
vt 0.851852 0.000000
vt 0.888889 1.000000
vt 0.888889 0.000000
vt 0.925926 1.000000
vt 0.925926 0.000000
vt 0.962963 1.000000
vt 0.962963 0.000000
vt 1.000000 1.000000
vt 1.000000 0.000000
vt 0.000000 1.000000
vt 0.020833 1.000000
vt 0.020833 0.000000
vt 0.000000 0.000000
vt 0.041667 1.000000
vt 0.041667 0.000000
vt 0.062500 1.000000
vt 0.062500 0.000000
vt 0.083333 1.000000
vt 0.083333 0.000000
vt 0.104167 1.000000
vt 0.104167 0.000000
vt 0.125000 1.000000
vt 0.125000 0.000000
vt 0.145833 1.000000
vt 0.145833 0.000000
vt 0.166667 1.000000
vt 0.166667 0.000000
vt 0.187500 1.000000
vt 0.187500 0.000000
vt 0.208333 1.000000
vt 0.208333 0.000000
vt 0.229167 1.000000
vt 0.229167 0.000000
vt 0.250000 1.000000
vt 0.250000 0.000000
vt 0.270833 1.000000
vt 0.270833 0.000000
vt 0.291667 1.000000
vt 0.291667 0.000000
vt 0.312500 1.000000
vt 0.312500 0.000000
vt 0.333333 1.000000
vt 0.333333 0.000000
vt 0.354167 1.000000
vt 0.354167 0.000000
vt 0.375000 1.000000
vt 0.375000 0.000000
vt 0.395833 1.000000
vt 0.395833 0.000000
vt 0.416667 1.000000
vt 0.416667 0.000000
vt 0.437500 1.000000
vt 0.437500 0.000000
vt 0.458333 1.000000
vt 0.458333 0.000000
vt 0.479167 1.000000
vt 0.479167 0.000000
vt 0.500000 1.000000
vt 0.500000 0.000000
vt 0.520833 1.000000
vt 0.520833 0.000000
vt 0.541667 1.000000
vt 0.541667 0.000000
vt 0.562500 1.000000
vt 0.562500 0.000000
vt 0.583333 1.000000
vt 0.583333 0.000000
vt 0.604167 1.000000
vt 0.604167 0.000000
vt 0.625000 1.000000
vt 0.625000 0.000000
vt 0.645833 1.000000
vt 0.645833 0.000000
vt 0.666667 1.000000
vt 0.666667 0.000000
vt 0.687500 1.000000
vt 0.687500 0.000000
vt 0.708333 1.000000
vt 0.708333 0.000000
vt 0.729167 1.000000
vt 0.729167 0.000000
vt 0.750000 1.000000
vt 0.750000 0.000000
vt 0.770833 1.000000
vt 0.770833 0.000000
vt 0.791667 1.000000
vt 0.791667 0.000000
vt 0.812500 1.000000
vt 0.812500 0.000000
vt 0.833333 1.000000
vt 0.833333 0.000000
vt 0.854167 1.000000
vt 0.854167 0.000000
vt 0.875000 1.000000
vt 0.875000 0.000000
vt 0.895833 1.000000
vt 0.895833 0.000000
vt 0.916667 1.000000
vt 0.916667 0.000000
vt 0.937500 1.000000
vt 0.937500 0.000000
vt 0.958333 1.000000
vt 0.958333 0.000000
vt 0.979167 1.000000
vt 0.979167 0.000000
vt 1.000000 1.000000
vt 1.000000 0.000000
vt 0.000000 1.000000
vt 0.020833 1.000000
vt 0.020833 0.000000
vt 0.000000 0.000000
vt 0.041667 1.000000
vt 0.041667 0.000000
vt 0.062500 1.000000
vt 0.062500 0.000000
vt 0.083333 1.000000
vt 0.083333 0.000000
vt 0.104167 1.000000
vt 0.104167 0.000000
vt 0.125000 1.000000
vt 0.125000 0.000000
vt 0.145833 1.000000
vt 0.145833 0.000000
vt 0.166667 1.000000
vt 0.166667 0.000000
vt 0.187500 1.000000
vt 0.187500 0.000000
vt 0.208333 1.000000
vt 0.208333 0.000000
vt 0.229167 1.000000
vt 0.229167 0.000000
vt 0.250000 1.000000
vt 0.250000 0.000000
vt 0.270833 1.000000
vt 0.270833 0.000000
vt 0.291667 1.000000
vt 0.291667 0.000000
vt 0.312500 1.000000
vt 0.312500 0.000000
vt 0.333333 1.000000
vt 0.333333 0.000000
vt 0.354167 1.000000
vt 0.354167 0.000000
vt 0.375000 1.000000
vt 0.375000 0.000000
vt 0.395833 1.000000
vt 0.395833 0.000000
vt 0.416667 1.000000
vt 0.416667 0.000000
vt 0.437500 1.000000
vt 0.437500 0.000000
vt 0.458333 1.000000
vt 0.458333 0.000000
vt 0.479167 1.000000
vt 0.479167 0.000000
vt 0.500000 1.000000
vt 0.500000 0.000000
vt 0.520833 1.000000
vt 0.520833 0.000000
vt 0.541667 1.000000
vt 0.541667 0.000000
vt 0.562500 1.000000
vt 0.562500 0.000000
vt 0.583333 1.000000
vt 0.583333 0.000000
vt 0.604167 1.000000
vt 0.604167 0.000000
vt 0.625000 1.000000
vt 0.625000 0.000000
vt 0.645833 1.000000
vt 0.645833 0.000000
vt 0.666667 1.000000
vt 0.666667 0.000000
vt 0.687500 1.000000
vt 0.687500 0.000000
vt 0.708333 1.000000
vt 0.708333 0.000000
vt 0.729167 1.000000
vt 0.729167 0.000000
vt 0.750000 1.000000
vt 0.750000 0.000000
vt 0.770833 1.000000
vt 0.770833 0.000000
vt 0.791667 1.000000
vt 0.791667 0.000000
vt 0.812500 1.000000
vt 0.812500 0.000000
vt 0.833333 1.000000
vt 0.833333 0.000000
vt 0.854167 1.000000
vt 0.854167 0.000000
vt 0.875000 1.000000
vt 0.875000 0.000000
vt 0.895833 1.000000
vt 0.895833 0.000000
vt 0.916667 1.000000
vt 0.916667 0.000000
vt 0.937500 1.000000
vt 0.937500 0.000000
vt 0.958333 1.000000
vt 0.958333 0.000000
vt 0.979167 1.000000
vt 0.979167 0.000000
vt 1.000000 1.000000
vt 1.000000 0.000000
vt 0.000000 1.000000
vt 0.017544 1.000000
vt 0.017544 0.000000
vt 0.000000 0.000000
vt 0.035088 1.000000
vt 0.035088 0.000000
vt 0.052632 1.000000
vt 0.052632 0.000000
vt 0.070175 1.000000
vt 0.070175 0.000000
vt 0.087719 1.000000
vt 0.087719 0.000000
vt 0.105263 1.000000
vt 0.105263 0.000000
vt 0.122807 1.000000
vt 0.122807 0.000000
vt 0.140351 1.000000
vt 0.140351 0.000000
vt 0.157895 1.000000
vt 0.157895 0.000000
vt 0.175439 1.000000
vt 0.175439 0.000000
vt 0.192982 1.000000
vt 0.192982 0.000000
vt 0.210526 1.000000
vt 0.210526 0.000000
vt 0.228070 1.000000
vt 0.228070 0.000000
vt 0.245614 1.000000
vt 0.245614 0.000000
vt 0.263158 1.000000
vt 0.263158 0.000000
vt 0.280702 1.000000
vt 0.280702 0.000000
vt 0.298246 1.000000
vt 0.298246 0.000000
vt 0.315789 1.000000
vt 0.315789 0.000000
vt 0.333333 1.000000
vt 0.333333 0.000000
vt 0.350877 1.000000
vt 0.350877 0.000000
vt 0.368421 1.000000
vt 0.368421 0.000000
vt 0.385965 1.000000
vt 0.385965 0.000000
vt 0.403509 1.000000
vt 0.403509 0.000000
vt 0.421053 1.000000
vt 0.421053 0.000000
vt 0.438596 1.000000
vt 0.438596 0.000000
vt 0.456140 1.000000
vt 0.456140 0.000000
vt 0.473684 1.000000
vt 0.473684 0.000000
vt 0.491228 1.000000
vt 0.491228 0.000000
vt 0.508772 1.000000
vt 0.508772 0.000000
vt 0.526316 1.000000
vt 0.526316 0.000000
vt 0.543860 1.000000
vt 0.543860 0.000000
vt 0.561404 1.000000
vt 0.561404 0.000000
vt 0.578947 1.000000
vt 0.578947 0.000000
vt 0.596491 1.000000
vt 0.596491 0.000000
vt 0.614035 1.000000
vt 0.614035 0.000000
vt 0.631579 1.000000
vt 0.631579 0.000000
vt 0.649123 1.000000
vt 0.649123 0.000000
vt 0.666667 1.000000
vt 0.666667 0.000000
vt 0.684211 1.000000
vt 0.684211 0.000000
vt 0.701754 1.000000
vt 0.701754 0.000000
vt 0.719298 1.000000
vt 0.719298 0.000000
vt 0.736842 1.000000
vt 0.736842 0.000000
vt 0.754386 1.000000
vt 0.754386 0.000000
vt 0.771930 1.000000
vt 0.771930 0.000000
vt 0.789474 1.000000
vt 0.789474 0.000000
vt 0.807018 1.000000
vt 0.807018 0.000000
vt 0.824561 1.000000
vt 0.824561 0.000000
vt 0.842105 1.000000
vt 0.842105 0.000000
vt 0.859649 1.000000
vt 0.859649 0.000000
vt 0.877193 1.000000
vt 0.877193 0.000000
vt 0.894737 1.000000
vt 0.894737 0.000000
vt 0.912281 1.000000
vt 0.912281 0.000000
vt 0.929825 1.000000
vt 0.929825 0.000000
vt 0.947368 1.000000
vt 0.947368 0.000000
vt 0.964912 1.000000
vt 0.964912 0.000000
vt 0.000000 1.000000
vt 0.007299 1.000000
vt 0.007299 0.000000
vt 0.000000 0.000000
vt 0.014599 1.000000
vt 0.014599 0.000000
vt 0.021898 1.000000
vt 0.021898 0.000000
vt 0.029197 1.000000
vt 0.029197 0.000000
vt 0.036496 1.000000
vt 0.036496 0.000000
vt 0.043796 1.000000
vt 0.043796 0.000000
vt 0.051095 1.000000
vt 0.051095 0.000000
vt 0.058394 1.000000
vt 0.058394 0.000000
vt 0.065693 1.000000
vt 0.065693 0.000000
vt 0.072993 1.000000
vt 0.072993 0.000000
vt 0.080292 1.000000
vt 0.080292 0.000000
vt 0.087591 1.000000
vt 0.087591 0.000000
vt 0.094891 1.000000
vt 0.094891 0.000000
vt 0.102190 1.000000
vt 0.102190 0.000000
vt 0.109489 1.000000
vt 0.109489 0.000000
vt 0.116788 1.000000
vt 0.116788 0.000000
vt 0.124088 1.000000
vt 0.124088 0.000000
vt 0.131387 1.000000
vt 0.131387 0.000000
vt 0.138686 1.000000
vt 0.138686 0.000000
vt 0.145985 1.000000
vt 0.145985 0.000000
vt 0.153285 1.000000
vt 0.153285 0.000000
vt 0.160584 1.000000
vt 0.160584 0.000000
vt 0.167883 1.000000
vt 0.167883 0.000000
vt 0.175182 1.000000
vt 0.175182 0.000000
vt 0.182482 1.000000
vt 0.182482 0.000000
vt 0.189781 1.000000
vt 0.189781 0.000000
vt 0.197080 1.000000
vt 0.197080 0.000000
vt 0.204380 1.000000
vt 0.204380 0.000000
vt 0.211679 1.000000
vt 0.211679 0.000000
vt 0.218978 1.000000
vt 0.218978 0.000000
vt 0.226277 1.000000
vt 0.226277 0.000000
vt 0.233577 1.000000
vt 0.233577 0.000000
vt 0.240876 1.000000
vt 0.240876 0.000000
vt 0.248175 1.000000
vt 0.248175 0.000000
vt 0.255474 1.000000
vt 0.255474 0.000000
vt 0.262774 1.000000
vt 0.262774 0.000000
vt 0.270073 1.000000
vt 0.270073 0.000000
vt 0.277372 1.000000
vt 0.277372 0.000000
vt 0.284672 1.000000
vt 0.284672 0.000000
vt 0.291971 1.000000
vt 0.291971 0.000000
vt 0.299270 1.000000
vt 0.299270 0.000000
vt 0.306569 1.000000
vt 0.306569 0.000000
vt 0.313869 1.000000
vt 0.313869 0.000000
vt 0.321168 1.000000
vt 0.321168 0.000000
vt 0.328467 1.000000
vt 0.328467 0.000000
vt 0.335766 1.000000
vt 0.335766 0.000000
vt 0.343066 1.000000
vt 0.343066 0.000000
vt 0.350365 1.000000
vt 0.350365 0.000000
vt 0.357664 1.000000
vt 0.357664 0.000000
vt 0.364964 1.000000
vt 0.364964 0.000000
vt 0.372263 1.000000
vt 0.372263 0.000000
vt 0.379562 1.000000
vt 0.379562 0.000000
vt 0.386861 1.000000
vt 0.386861 0.000000
vt 0.394161 1.000000
vt 0.394161 0.000000
vt 0.401460 1.000000
vt 0.401460 0.000000
vt 0.408759 1.000000
vt 0.408759 0.000000
vt 0.416058 1.000000
vt 0.416058 0.000000
vt 0.423358 1.000000
vt 0.423358 0.000000
vt 0.430657 1.000000
vt 0.430657 0.000000
vt 0.437956 1.000000
vt 0.437956 0.000000
vt 0.445255 1.000000
vt 0.445255 0.000000
vt 0.452555 1.000000
vt 0.452555 0.000000
vt 0.459854 1.000000
vt 0.459854 0.000000
vt 0.467153 1.000000
vt 0.467153 0.000000
vt 0.474453 1.000000
vt 0.474453 0.000000
vt 0.481752 1.000000
vt 0.481752 0.000000
vt 0.489051 1.000000
vt 0.489051 0.000000
vt 0.496350 1.000000
vt 0.496350 0.000000
vt 0.503650 1.000000
vt 0.503650 0.000000
vt 0.510949 1.000000
vt 0.510949 0.000000
vt 0.518248 1.000000
vt 0.518248 0.000000
vt 0.525547 1.000000
vt 0.525547 0.000000
vt 0.532847 1.000000
vt 0.532847 0.000000
vt 0.540146 1.000000
vt 0.540146 0.000000
vt 0.547445 1.000000
vt 0.547445 0.000000
vt 0.554745 1.000000
vt 0.554745 0.000000
vt 0.562044 1.000000
vt 0.562044 0.000000
vt 0.569343 1.000000
vt 0.569343 0.000000
vt 0.576642 1.000000
vt 0.576642 0.000000
vt 0.583942 1.000000
vt 0.583942 0.000000
vt 0.591241 1.000000
vt 0.591241 0.000000
vt 0.598540 1.000000
vt 0.598540 0.000000
vt 0.605839 1.000000
vt 0.605839 0.000000
vt 0.613139 1.000000
vt 0.613139 0.000000
vt 0.620438 1.000000
vt 0.620438 0.000000
vt 0.627737 1.000000
vt 0.627737 0.000000
vt 0.635036 1.000000
vt 0.635036 0.000000
vt 0.642336 1.000000
vt 0.642336 0.000000
vt 0.649635 1.000000
vt 0.649635 0.000000
vt 0.656934 1.000000
vt 0.656934 0.000000
vt 0.664234 1.000000
vt 0.664234 0.000000
vt 0.671533 1.000000
vt 0.671533 0.000000
vt 0.678832 1.000000
vt 0.678832 0.000000
vt 0.686131 1.000000
vt 0.686131 0.000000
vt 0.693431 1.000000
vt 0.693431 0.000000
vt 0.700730 1.000000
vt 0.700730 0.000000
vt 0.708029 1.000000
vt 0.708029 0.000000
vt 0.715328 1.000000
vt 0.715328 0.000000
vt 0.722628 1.000000
vt 0.722628 0.000000
vt 0.729927 1.000000
vt 0.729927 0.000000
vt 0.737226 1.000000
vt 0.737226 0.000000
vt 0.744526 1.000000
vt 0.744526 0.000000
vt 0.751825 1.000000
vt 0.751825 0.000000
vt 0.759124 1.000000
vt 0.759124 0.000000
vt 0.766423 1.000000
vt 0.766423 0.000000
vt 0.773723 1.000000
vt 0.773723 0.000000
vt 0.781022 1.000000
vt 0.781022 0.000000
vt 0.788321 1.000000
vt 0.788321 0.000000
vt 0.795620 1.000000
vt 0.795620 0.000000
vt 0.802920 1.000000
vt 0.802920 0.000000
vt 0.810219 1.000000
vt 0.810219 0.000000
vt 0.817518 1.000000
vt 0.817518 0.000000
vt 0.824818 1.000000
vt 0.824818 0.000000
vt 0.832117 1.000000
vt 0.832117 0.000000
vt 0.839416 1.000000
vt 0.839416 0.000000
vt 0.846715 1.000000
vt 0.846715 0.000000
vt 0.854015 1.000000
vt 0.854015 0.000000
vt 0.861314 1.000000
vt 0.861314 0.000000
vt 0.868613 1.000000
vt 0.868613 0.000000
vt 0.875912 1.000000
vt 0.875912 0.000000
vt 0.883212 1.000000
vt 0.883212 0.000000
vt 0.927007 1.000000
vt 0.927007 0.000000
vt 0.934307 1.000000
vt 0.934307 0.000000
vt 0.941606 1.000000
vt 0.941606 0.000000
vt 0.948905 1.000000
vt 0.948905 0.000000
vt 0.956204 1.000000
vt 0.956204 0.000000
vt 0.963504 1.000000
vt 0.963504 0.000000
vt 0.970803 1.000000
vt 0.970803 0.000000
vt 0.978102 1.000000
vt 0.978102 0.000000
vt 0.985401 1.000000
vt 0.985401 0.000000
vt 0.992701 1.000000
vt 0.992701 0.000000
vt 1.000000 1.000000
vt 1.000000 0.000000
vt 0.000000 1.000000
vt 0.027027 1.000000
vt 0.027027 0.000000
vt 0.000000 0.000000
vt 0.054054 1.000000
vt 0.054054 0.000000
vt 0.081081 1.000000
vt 0.081081 0.000000
vt 0.108108 1.000000
vt 0.108108 0.000000
vt 0.135135 1.000000
vt 0.135135 0.000000
vt 0.162162 1.000000
vt 0.162162 0.000000
vt 0.189189 1.000000
vt 0.189189 0.000000
vt 0.216216 1.000000
vt 0.216216 0.000000
vt 0.243243 1.000000
vt 0.243243 0.000000
vt 0.270270 1.000000
vt 0.270270 0.000000
vt 0.297297 1.000000
vt 0.297297 0.000000
vt 0.324324 1.000000
vt 0.324324 0.000000
vt 0.351351 1.000000
vt 0.351351 0.000000
vt 0.378378 1.000000
vt 0.378378 0.000000
vt 0.405405 1.000000
vt 0.405405 0.000000
vt 0.432432 1.000000
vt 0.432432 0.000000
vt 0.459459 1.000000
vt 0.459459 0.000000
vt 0.486486 1.000000
vt 0.486486 0.000000
vt 0.513514 1.000000
vt 0.513514 0.000000
vt 0.540541 1.000000
vt 0.540541 0.000000
vt 0.567568 1.000000
vt 0.567568 0.000000
vt 0.594595 1.000000
vt 0.594595 0.000000
vt 0.621622 1.000000
vt 0.621622 0.000000
vt 0.648649 1.000000
vt 0.648649 0.000000
vt 0.675676 1.000000
vt 0.675676 0.000000
vt 0.702703 1.000000
vt 0.702703 0.000000
vt 0.729730 1.000000
vt 0.729730 0.000000
vt 0.756757 1.000000
vt 0.756757 0.000000
vt 0.783784 1.000000
vt 0.783784 0.000000
vt 0.810811 1.000000
vt 0.810811 0.000000
vt 0.837838 1.000000
vt 0.837838 0.000000
vt 0.864865 1.000000
vt 0.864865 0.000000
vt 0.891892 1.000000
vt 0.891892 0.000000
vt 0.918919 1.000000
vt 0.918919 0.000000
vt 0.945946 1.000000
vt 0.945946 0.000000
vt 0.972973 1.000000
vt 0.972973 0.000000
vt 1.000000 1.000000
vt 1.000000 0.000000
vt 0.000000 1.000000
vt 0.250000 1.000000
vt 0.250000 0.000000
vt 0.000000 0.000000
vt 0.500000 1.000000
vt 0.500000 0.000000
vt 0.750000 1.000000
vt 0.750000 0.000000
vt 1.000000 1.000000
vt 1.000000 0.000000
vt 0.000000 1.000000
vt 0.025000 1.000000
vt 0.025000 0.000000
vt 0.000000 0.000000
vt 0.050000 1.000000
vt 0.050000 0.000000
vt 0.075000 1.000000
vt 0.075000 0.000000
vt 0.100000 1.000000
vt 0.100000 0.000000
vt 0.125000 1.000000
vt 0.125000 0.000000
vt 0.150000 1.000000
vt 0.150000 0.000000
vt 0.175000 1.000000
vt 0.175000 0.000000
vt 0.200000 1.000000
vt 0.200000 0.000000
vt 0.225000 1.000000
vt 0.225000 0.000000
vt 0.250000 1.000000
vt 0.250000 0.000000
vt 0.275000 1.000000
vt 0.275000 0.000000
vt 0.300000 1.000000
vt 0.300000 0.000000
vt 0.325000 1.000000
vt 0.325000 0.000000
vt 0.350000 1.000000
vt 0.350000 0.000000
vt 0.375000 1.000000
vt 0.375000 0.000000
vt 0.400000 1.000000
vt 0.400000 0.000000
vt 0.425000 1.000000
vt 0.425000 0.000000
vt 0.450000 1.000000
vt 0.450000 0.000000
vt 0.475000 1.000000
vt 0.475000 0.000000
vt 0.500000 1.000000
vt 0.500000 0.000000
vt 0.525000 1.000000
vt 0.525000 0.000000
vt 0.550000 1.000000
vt 0.550000 0.000000
vt 0.575000 1.000000
vt 0.575000 0.000000
vt 0.600000 1.000000
vt 0.600000 0.000000
vt 0.625000 1.000000
vt 0.625000 0.000000
vt 0.650000 1.000000
vt 0.650000 0.000000
vt 0.675000 1.000000
vt 0.675000 0.000000
vt 0.700000 1.000000
vt 0.700000 0.000000
vt 0.725000 1.000000
vt 0.725000 0.000000
vt 0.750000 1.000000
vt 0.750000 0.000000
vt 0.775000 1.000000
vt 0.775000 0.000000
vt 0.800000 1.000000
vt 0.800000 0.000000
vt 0.825000 1.000000
vt 0.825000 0.000000
vt 0.850000 1.000000
vt 0.850000 0.000000
vt 0.875000 1.000000
vt 0.875000 0.000000
vt 0.900000 1.000000
vt 0.900000 0.000000
vt 0.925000 1.000000
vt 0.925000 0.000000
vt 0.950000 1.000000
vt 0.950000 0.000000
vt 0.975000 1.000000
vt 0.975000 0.000000
vt 1.000000 1.000000
vt 1.000000 0.000000
vt 0.000000 1.000000
vt 0.026316 1.000000
vt 0.026316 0.000000
vt 0.000000 0.000000
vt 0.052632 1.000000
vt 0.052632 0.000000
vt 0.078947 1.000000
vt 0.078947 0.000000
vt 0.105263 1.000000
vt 0.105263 0.000000
vt 0.131579 1.000000
vt 0.131579 0.000000
vt 0.157895 1.000000
vt 0.157895 0.000000
vt 0.184211 1.000000
vt 0.184211 0.000000
vt 0.210526 1.000000
vt 0.210526 0.000000
vt 0.236842 1.000000
vt 0.236842 0.000000
vt 0.263158 1.000000
vt 0.263158 0.000000
vt 0.289474 1.000000
vt 0.289474 0.000000
vt 0.315789 1.000000
vt 0.315789 0.000000
vt 0.342105 1.000000
vt 0.342105 0.000000
vt 0.368421 1.000000
vt 0.368421 0.000000
vt 0.394737 1.000000
vt 0.394737 0.000000
vt 0.421053 1.000000
vt 0.421053 0.000000
vt 0.447368 1.000000
vt 0.447368 0.000000
vt 0.473684 1.000000
vt 0.473684 0.000000
vt 0.500000 1.000000
vt 0.500000 0.000000
vt 0.526316 1.000000
vt 0.526316 0.000000
vt 0.552632 1.000000
vt 0.552632 0.000000
vt 0.578947 1.000000
vt 0.578947 0.000000
vt 0.605263 1.000000
vt 0.605263 0.000000
vt 0.631579 1.000000
vt 0.631579 0.000000
vt 0.657895 1.000000
vt 0.657895 0.000000
vt 0.684211 1.000000
vt 0.684211 0.000000
vt 0.710526 1.000000
vt 0.710526 0.000000
vt 0.736842 1.000000
vt 0.736842 0.000000
vt 0.763158 1.000000
vt 0.763158 0.000000
vt 0.789474 1.000000
vt 0.789474 0.000000
vt 0.815789 1.000000
vt 0.815789 0.000000
vt 0.842105 1.000000
vt 0.842105 0.000000
vt 0.868421 1.000000
vt 0.868421 0.000000
vt 0.894737 1.000000
vt 0.894737 0.000000
vt 0.921053 1.000000
vt 0.921053 0.000000
vt 0.947368 1.000000
vt 0.947368 0.000000
vt 0.973684 1.000000
vt 0.973684 0.000000
vt 1.000000 1.000000
vt 1.000000 0.000000
vt 0.000000 1.000000
vt 0.166667 1.000000
vt 0.166667 0.000000
vt 0.000000 0.000000
vt 0.333333 1.000000
vt 0.333333 0.000000
vt 0.500000 1.000000
vt 0.500000 0.000000
vt 0.666667 1.000000
vt 0.666667 0.000000
vt 0.833333 1.000000
vt 0.833333 0.000000
vt 1.000000 1.000000
vt 1.000000 0.000000
vt 0.000000 1.000000
vt 0.007463 1.000000
vt 0.007463 0.000000
vt 0.000000 0.000000
vt 0.014925 1.000000
vt 0.014925 0.000000
vt 0.022388 1.000000
vt 0.022388 0.000000
vt 0.029851 1.000000
vt 0.029851 0.000000
vt 0.037313 1.000000
vt 0.037313 0.000000
vt 0.044776 1.000000
vt 0.044776 0.000000
vt 0.052239 1.000000
vt 0.052239 0.000000
vt 0.059701 1.000000
vt 0.059701 0.000000
vt 0.067164 1.000000
vt 0.067164 0.000000
vt 0.074627 1.000000
vt 0.074627 0.000000
vt 0.082090 1.000000
vt 0.082090 0.000000
vt 0.089552 1.000000
vt 0.089552 0.000000
vt 0.097015 1.000000
vt 0.097015 0.000000
vt 0.104478 1.000000
vt 0.104478 0.000000
vt 0.111940 1.000000
vt 0.111940 0.000000
vt 0.119403 1.000000
vt 0.119403 0.000000
vt 0.126866 1.000000
vt 0.126866 0.000000
vt 0.134328 1.000000
vt 0.134328 0.000000
vt 0.141791 1.000000
vt 0.141791 0.000000
vt 0.149254 1.000000
vt 0.149254 0.000000
vt 0.156716 1.000000
vt 0.156716 0.000000
vt 0.164179 1.000000
vt 0.164179 0.000000
vt 0.171642 1.000000
vt 0.171642 0.000000
vt 0.179104 1.000000
vt 0.179104 0.000000
vt 0.186567 1.000000
vt 0.186567 0.000000
vt 0.194030 1.000000
vt 0.194030 0.000000
vt 0.201493 1.000000
vt 0.201493 0.000000
vt 0.208955 1.000000
vt 0.208955 0.000000
vt 0.216418 1.000000
vt 0.216418 0.000000
vt 0.223881 1.000000
vt 0.223881 0.000000
vt 0.231343 1.000000
vt 0.231343 0.000000
vt 0.238806 1.000000
vt 0.238806 0.000000
vt 0.246269 1.000000
vt 0.246269 0.000000
vt 0.253731 1.000000
vt 0.253731 0.000000
vt 0.261194 1.000000
vt 0.261194 0.000000
vt 0.268657 1.000000
vt 0.268657 0.000000
vt 0.276119 1.000000
vt 0.276119 0.000000
vt 0.283582 1.000000
vt 0.283582 0.000000
vt 0.291045 1.000000
vt 0.291045 0.000000
vt 0.298507 1.000000
vt 0.298507 0.000000
vt 0.305970 1.000000
vt 0.305970 0.000000
vt 0.313433 1.000000
vt 0.313433 0.000000
vt 0.320896 1.000000
vt 0.320896 0.000000
vt 0.328358 1.000000
vt 0.328358 0.000000
vt 0.335821 1.000000
vt 0.335821 0.000000
vt 0.343284 1.000000
vt 0.343284 0.000000
vt 0.350746 1.000000
vt 0.350746 0.000000
vt 0.358209 1.000000
vt 0.358209 0.000000
vt 0.365672 1.000000
vt 0.365672 0.000000
vt 0.373134 1.000000
vt 0.373134 0.000000
vt 0.380597 1.000000
vt 0.380597 0.000000
vt 0.388060 1.000000
vt 0.388060 0.000000
vt 0.395522 1.000000
vt 0.395522 0.000000
vt 0.402985 1.000000
vt 0.402985 0.000000
vt 0.410448 1.000000
vt 0.410448 0.000000
vt 0.417910 1.000000
vt 0.417910 0.000000
vt 0.425373 1.000000
vt 0.425373 0.000000
vt 0.432836 1.000000
vt 0.432836 0.000000
vt 0.440298 1.000000
vt 0.440298 0.000000
vt 0.447761 1.000000
vt 0.447761 0.000000
vt 0.455224 1.000000
vt 0.455224 0.000000
vt 0.462687 1.000000
vt 0.462687 0.000000
vt 0.470149 1.000000
vt 0.470149 0.000000
vt 0.477612 1.000000
vt 0.477612 0.000000
vt 0.485075 1.000000
vt 0.485075 0.000000
vt 0.492537 1.000000
vt 0.492537 0.000000
vt 0.500000 1.000000
vt 0.500000 0.000000
vt 0.507463 1.000000
vt 0.507463 0.000000
vt 0.514925 1.000000
vt 0.514925 0.000000
vt 0.522388 1.000000
vt 0.522388 0.000000
vt 0.529851 1.000000
vt 0.529851 0.000000
vt 0.537313 1.000000
vt 0.537313 0.000000
vt 0.544776 1.000000
vt 0.544776 0.000000
vt 0.552239 1.000000
vt 0.552239 0.000000
vt 0.559702 1.000000
vt 0.559702 0.000000
vt 0.567164 1.000000
vt 0.567164 0.000000
vt 0.574627 1.000000
vt 0.574627 0.000000
vt 0.582090 1.000000
vt 0.582090 0.000000
vt 0.589552 1.000000
vt 0.589552 0.000000
vt 0.597015 1.000000
vt 0.597015 0.000000
vt 0.604478 1.000000
vt 0.604478 0.000000
vt 0.611940 1.000000
vt 0.611940 0.000000
vt 0.619403 1.000000
vt 0.619403 0.000000
vt 0.626866 1.000000
vt 0.626866 0.000000
vt 0.634328 1.000000
vt 0.634328 0.000000
vt 0.641791 1.000000
vt 0.641791 0.000000
vt 0.649254 1.000000
vt 0.649254 0.000000
vt 0.656716 1.000000
vt 0.656716 0.000000
vt 0.664179 1.000000
vt 0.664179 0.000000
vt 0.671642 1.000000
vt 0.671642 0.000000
vt 0.679105 1.000000
vt 0.679105 0.000000
vt 0.686567 1.000000
vt 0.686567 0.000000
vt 0.694030 1.000000
vt 0.694030 0.000000
vt 0.701493 1.000000
vt 0.701493 0.000000
vt 0.708955 1.000000
vt 0.708955 0.000000
vt 0.716418 1.000000
vt 0.716418 0.000000
vt 0.723881 1.000000
vt 0.723881 0.000000
vt 0.731343 1.000000
vt 0.731343 0.000000
vt 0.738806 1.000000
vt 0.738806 0.000000
vt 0.746269 1.000000
vt 0.746269 0.000000
vt 0.753731 1.000000
vt 0.753731 0.000000
vt 0.761194 1.000000
vt 0.761194 0.000000
vt 0.768657 1.000000
vt 0.768657 0.000000
vt 0.776119 1.000000
vt 0.776119 0.000000
vt 0.783582 1.000000
vt 0.783582 0.000000
vt 0.791045 1.000000
vt 0.791045 0.000000
vt 0.798507 1.000000
vt 0.798507 0.000000
vt 0.805970 1.000000
vt 0.805970 0.000000
vt 0.813433 1.000000
vt 0.813433 0.000000
vt 0.820895 1.000000
vt 0.820895 0.000000
vt 0.828358 1.000000
vt 0.828358 0.000000
vt 0.835821 1.000000
vt 0.835821 0.000000
vt 0.843284 1.000000
vt 0.843284 0.000000
vt 0.850746 1.000000
vt 0.850746 0.000000
vt 0.858209 1.000000
vt 0.858209 0.000000
vt 0.865672 1.000000
vt 0.865672 0.000000
vt 0.873134 1.000000
vt 0.873134 0.000000
vt 0.880597 1.000000
vt 0.880597 0.000000
vt 0.888060 1.000000
vt 0.888060 0.000000
vt 0.895522 1.000000
vt 0.895522 0.000000
vt 0.902985 1.000000
vt 0.902985 0.000000
vt 0.910448 1.000000
vt 0.910448 0.000000
vt 0.917910 1.000000
vt 0.917910 0.000000
vt 0.925373 1.000000
vt 0.925373 0.000000
vt 0.932836 1.000000
vt 0.932836 0.000000
vt 0.940298 1.000000
vt 0.940298 0.000000
vt 0.947761 1.000000
vt 0.947761 0.000000
vt 0.955224 1.000000
vt 0.955224 0.000000
vt 0.962687 1.000000
vt 0.962687 0.000000
vt 0.970149 1.000000
vt 0.970149 0.000000
vt 0.977612 1.000000
vt 0.977612 0.000000
vt 0.985075 1.000000
vt 0.985075 0.000000
vt 0.992537 1.000000
vt 0.992537 0.000000
vt 1.000000 1.000000
vt 1.000000 0.000000
vt 0.442748 0.000000
vt 0.458015 0.000000
vt 0.450382 0.000000
vt 0.625954 0.000000
vt 0.641221 0.000000
vt 0.633588 0.000000
vt 0.618321 0.000000
vt 0.465649 0.000000
vt 0.648855 0.000000
vt 0.435115 0.000000
vt 0.610687 0.000000
vt 0.473282 0.000000
vt 0.603053 0.000000
vt 0.480916 0.000000
vt 0.656489 0.000000
vt 0.427481 0.000000
vt 0.595420 0.000000
vt 0.908397 0.000000
vt 0.175573 0.000000
vt 0.488550 0.000000
vt 0.587786 0.000000
vt 0.496183 0.000000
vt 0.183206 0.000000
vt 0.167939 0.000000
vt 0.916031 0.000000
vt 0.900763 0.000000
vt 0.664122 0.000000
vt 0.419847 0.000000
vt 0.160305 0.000000
vt 0.923664 0.000000
vt 0.190840 0.000000
vt 0.893130 0.000000
vt 0.580153 0.000000
vt 0.503817 0.000000
vt 0.152672 0.000000
vt 0.931298 0.000000
vt 0.198473 0.000000
vt 0.885496 0.000000
vt 0.572519 0.000000
vt 0.511450 0.000000
vt 0.671756 0.000000
vt 0.412214 0.000000
vt 0.938931 0.000000
vt 0.145038 0.000000
vt 0.206107 0.000000
vt 0.877863 0.000000
vt 0.564885 0.000000
vt 0.519084 0.000000
vt 0.946565 0.000000
vt 0.137405 0.000000
vt 0.213740 0.000000
vt 0.870229 0.000000
vt 0.557252 0.000000
vt 0.526718 0.000000
vt 0.679389 0.000000
vt 0.404580 0.000000
vt 0.549618 0.000000
vt 0.534351 0.000000
vt 0.954198 0.000000
vt 0.129771 0.000000
vt 0.221374 0.000000
vt 0.862595 0.000000
vt 0.687023 0.000000
vt 0.396947 0.000000
vt 0.541985 0.000000
vt 0.961832 0.000000
vt 0.122137 0.000000
vt 0.229008 0.000000
vt 0.854962 0.000000
vt 0.694656 0.000000
vt 0.389313 0.000000
vt 0.969466 0.000000
vt 0.114504 0.000000
vt 0.236641 0.000000
vt 0.847328 0.000000
vt 0.702290 0.000000
vt 0.381679 0.000000
vt 0.977099 0.000000
vt 0.106870 0.000000
vt 0.244275 0.000000
vt 0.839695 0.000000
vt 0.984733 0.000000
vt 0.099237 0.000000
vt 0.709924 0.000000
vt 0.374046 0.000000
vt 0.832061 0.000000
vt 0.251908 0.000000
vt 0.992366 0.000000
vt 0.091603 0.000000
vt 0.717557 0.000000
vt 0.366412 0.000000
vt 0.824427 0.000000
vt 0.259542 0.000000
vt 1.000000 0.000000
vt 0.083969 0.000000
vt 0.725191 0.000000
vt 0.358779 0.000000
vt 0.816794 0.000000
vt 0.267176 0.000000
vt 0.076336 0.000000
vt 0.068702 0.000000
vt 0.061069 0.000000
vt 0.053435 0.000000
vt 0.045802 0.000000
vt 0.038168 0.000000
vt 0.030534 0.000000
vt 0.022901 0.000000
vt 0.015267 0.000000
vt 0.007634 0.000000
vt 0.000000 0.000000
vt 0.351145 0.000000
vt 0.343511 0.000000
vt 0.335878 0.000000
vt 0.328244 0.000000
vt 0.320611 0.000000
vt 0.312977 0.000000
vt 0.305344 0.000000
vt 0.297710 0.000000
vt 0.290076 0.000000
vt 0.282443 0.000000
vt 0.274809 0.000000
vt 0.809160 0.000000
vt 0.801527 0.000000
vt 0.793893 0.000000
vt 0.786260 0.000000
vt 0.778626 0.000000
vt 0.770992 0.000000
vt 0.763359 0.000000
vt 0.755725 0.000000
vt 0.748092 0.000000
vt 0.740458 0.000000
vt 0.732824 0.000000
vt 0.442748 0.000000
vt 0.450382 0.000000
vt 0.458015 0.000000
vt 0.625954 0.000000
vt 0.633588 0.000000
vt 0.641221 0.000000
vt 0.618321 0.000000
vt 0.465649 0.000000
vt 0.648855 0.000000
vt 0.435115 0.000000
vt 0.610687 0.000000
vt 0.473282 0.000000
vt 0.603053 0.000000
vt 0.480916 0.000000
vt 0.656489 0.000000
vt 0.427481 0.000000
vt 0.595420 0.000000
vt 0.908397 0.000000
vt 0.175573 0.000000
vt 0.488550 0.000000
vt 0.587786 0.000000
vt 0.496183 0.000000
vt 0.183206 0.000000
vt 0.167939 0.000000
vt 0.916031 0.000000
vt 0.900763 0.000000
vt 0.664122 0.000000
vt 0.419847 0.000000
vt 0.160305 0.000000
vt 0.923664 0.000000
vt 0.190840 0.000000
vt 0.893130 0.000000
vt 0.580153 0.000000
vt 0.503817 0.000000
vt 0.152672 0.000000
vt 0.931298 0.000000
vt 0.198473 0.000000
vt 0.885496 0.000000
vt 0.572519 0.000000
vt 0.511450 0.000000
vt 0.671756 0.000000
vt 0.412214 0.000000
vt 0.938931 0.000000
vt 0.145038 0.000000
vt 0.206107 0.000000
vt 0.877863 0.000000
vt 0.564885 0.000000
vt 0.519084 0.000000
vt 0.946565 0.000000
vt 0.137405 0.000000
vt 0.213740 0.000000
vt 0.870229 0.000000
vt 0.557252 0.000000
vt 0.526718 0.000000
vt 0.679389 0.000000
vt 0.404580 0.000000
vt 0.549618 0.000000
vt 0.534351 0.000000
vt 0.954198 0.000000
vt 0.129771 0.000000
vt 0.221374 0.000000
vt 0.862595 0.000000
vt 0.687023 0.000000
vt 0.396947 0.000000
vt 0.541985 0.000000
vt 0.961832 0.000000
vt 0.122137 0.000000
vt 0.229008 0.000000
vt 0.854962 0.000000
vt 0.694656 0.000000
vt 0.389313 0.000000
vt 0.969466 0.000000
vt 0.114504 0.000000
vt 0.236641 0.000000
vt 0.847328 0.000000
vt 0.702290 0.000000
vt 0.381679 0.000000
vt 0.977099 0.000000
vt 0.106870 0.000000
vt 0.244275 0.000000
vt 0.839695 0.000000
vt 0.984733 0.000000
vt 0.099237 0.000000
vt 0.709924 0.000000
vt 0.374046 0.000000
vt 0.832061 0.000000
vt 0.251908 0.000000
vt 0.992366 0.000000
vt 0.091603 0.000000
vt 0.717557 0.000000
vt 0.366412 0.000000
vt 0.824427 0.000000
vt 0.259542 0.000000
vt 1.000000 0.000000
vt 0.083969 0.000000
vt 0.725191 0.000000
vt 0.358779 0.000000
vt 0.816794 0.000000
vt 0.267176 0.000000
vt 0.076336 0.000000
vt 0.068702 0.000000
vt 0.061069 0.000000
vt 0.053435 0.000000
vt 0.045802 0.000000
vt 0.038168 0.000000
vt 0.030534 0.000000
vt 0.022901 0.000000
vt 0.015267 0.000000
vt 0.007634 0.000000
vt 0.000000 0.000000
vt 0.351145 0.000000
vt 0.343511 0.000000
vt 0.335878 0.000000
vt 0.328244 0.000000
vt 0.320611 0.000000
vt 0.312977 0.000000
vt 0.305344 0.000000
vt 0.297710 0.000000
vt 0.290076 0.000000
vt 0.282443 0.000000
vt 0.274809 0.000000
vt 0.809160 0.000000
vt 0.801527 0.000000
vt 0.793893 0.000000
vt 0.786260 0.000000
vt 0.778626 0.000000
vt 0.770992 0.000000
vt 0.763359 0.000000
vt 0.755725 0.000000
vt 0.748092 0.000000
vt 0.740458 0.000000
vt 0.732824 0.000000
vt 0.000000 1.000000
vt 0.007576 1.000000
vt 0.007576 0.000000
vt 0.000000 0.000000
vt 0.015152 1.000000
vt 0.015152 0.000000
vt 0.022727 1.000000
vt 0.022727 0.000000
vt 0.030303 1.000000
vt 0.030303 0.000000
vt 0.037879 1.000000
vt 0.037879 0.000000
vt 0.045455 1.000000
vt 0.045455 0.000000
vt 0.053030 1.000000
vt 0.053030 0.000000
vt 0.060606 1.000000
vt 0.060606 0.000000
vt 0.068182 1.000000
vt 0.068182 0.000000
vt 0.075758 1.000000
vt 0.075758 0.000000
vt 0.083333 1.000000
vt 0.083333 0.000000
vt 0.090909 1.000000
vt 0.090909 0.000000
vt 0.098485 1.000000
vt 0.098485 0.000000
vt 0.106061 1.000000
vt 0.106061 0.000000
vt 0.113636 1.000000
vt 0.113636 0.000000
vt 0.121212 1.000000
vt 0.121212 0.000000
vt 0.128788 1.000000
vt 0.128788 0.000000
vt 0.136364 1.000000
vt 0.136364 0.000000
vt 0.143939 1.000000
vt 0.143939 0.000000
vt 0.151515 1.000000
vt 0.151515 0.000000
vt 0.159091 1.000000
vt 0.159091 0.000000
vt 0.166667 1.000000
vt 0.166667 0.000000
vt 0.174242 1.000000
vt 0.174242 0.000000
vt 0.181818 1.000000
vt 0.181818 0.000000
vt 0.189394 1.000000
vt 0.189394 0.000000
vt 0.196970 1.000000
vt 0.196970 0.000000
vt 0.204545 1.000000
vt 0.204545 0.000000
vt 0.212121 1.000000
vt 0.212121 0.000000
vt 0.219697 1.000000
vt 0.219697 0.000000
vt 0.227273 1.000000
vt 0.227273 0.000000
vt 0.234848 1.000000
vt 0.234848 0.000000
vt 0.242424 1.000000
vt 0.242424 0.000000
vt 0.250000 1.000000
vt 0.250000 0.000000
vt 0.257576 1.000000
vt 0.257576 0.000000
vt 0.265152 1.000000
vt 0.265152 0.000000
vt 0.272727 1.000000
vt 0.272727 0.000000
vt 0.280303 1.000000
vt 0.280303 0.000000
vt 0.287879 1.000000
vt 0.287879 0.000000
vt 0.295455 1.000000
vt 0.295455 0.000000
vt 0.303030 1.000000
vt 0.303030 0.000000
vt 0.310606 1.000000
vt 0.310606 0.000000
vt 0.318182 1.000000
vt 0.318182 0.000000
vt 0.325758 1.000000
vt 0.325758 0.000000
vt 0.333333 1.000000
vt 0.333333 0.000000
vt 0.340909 1.000000
vt 0.340909 0.000000
vt 0.348485 1.000000
vt 0.348485 0.000000
vt 0.356061 1.000000
vt 0.356061 0.000000
vt 0.363636 1.000000
vt 0.363636 0.000000
vt 0.371212 1.000000
vt 0.371212 0.000000
vt 0.378788 1.000000
vt 0.378788 0.000000
vt 0.386364 1.000000
vt 0.386364 0.000000
vt 0.393939 1.000000
vt 0.393939 0.000000
vt 0.401515 1.000000
vt 0.401515 0.000000
vt 0.409091 1.000000
vt 0.409091 0.000000
vt 0.416667 1.000000
vt 0.416667 0.000000
vt 0.424242 1.000000
vt 0.424242 0.000000
vt 0.431818 1.000000
vt 0.431818 0.000000
vt 0.439394 1.000000
vt 0.439394 0.000000
vt 0.446970 1.000000
vt 0.446970 0.000000
vt 0.454545 1.000000
vt 0.454545 0.000000
vt 0.462121 1.000000
vt 0.462121 0.000000
vt 0.469697 1.000000
vt 0.469697 0.000000
vt 0.477273 1.000000
vt 0.477273 0.000000
vt 0.484848 1.000000
vt 0.484848 0.000000
vt 0.492424 1.000000
vt 0.492424 0.000000
vt 0.500000 1.000000
vt 0.500000 0.000000
vt 0.507576 1.000000
vt 0.507576 0.000000
vt 0.515152 1.000000
vt 0.515152 0.000000
vt 0.522727 1.000000
vt 0.522727 0.000000
vt 0.530303 1.000000
vt 0.530303 0.000000
vt 0.537879 1.000000
vt 0.537879 0.000000
vt 0.545455 1.000000
vt 0.545455 0.000000
vt 0.553030 1.000000
vt 0.553030 0.000000
vt 0.560606 1.000000
vt 0.560606 0.000000
vt 0.568182 1.000000
vt 0.568182 0.000000
vt 0.575758 1.000000
vt 0.575758 0.000000
vt 0.583333 1.000000
vt 0.583333 0.000000
vt 0.590909 1.000000
vt 0.590909 0.000000
vt 0.598485 1.000000
vt 0.598485 0.000000
vt 0.606061 1.000000
vt 0.606061 0.000000
vt 0.613636 1.000000
vt 0.613636 0.000000
vt 0.621212 1.000000
vt 0.621212 0.000000
vt 0.628788 1.000000
vt 0.628788 0.000000
vt 0.636364 1.000000
vt 0.636364 0.000000
vt 0.643939 1.000000
vt 0.643939 0.000000
vt 0.651515 1.000000
vt 0.651515 0.000000
vt 0.659091 1.000000
vt 0.659091 0.000000
vt 0.666667 1.000000
vt 0.666667 0.000000
vt 0.674242 1.000000
vt 0.674242 0.000000
vt 0.681818 1.000000
vt 0.681818 0.000000
vt 0.689394 1.000000
vt 0.689394 0.000000
vt 0.696970 1.000000
vt 0.696970 0.000000
vt 0.704545 1.000000
vt 0.704545 0.000000
vt 0.712121 1.000000
vt 0.712121 0.000000
vt 0.719697 1.000000
vt 0.719697 0.000000
vt 0.727273 1.000000
vt 0.727273 0.000000
vt 0.734848 1.000000
vt 0.734848 0.000000
vt 0.742424 1.000000
vt 0.742424 0.000000
vt 0.750000 1.000000
vt 0.750000 0.000000
vt 0.757576 1.000000
vt 0.757576 0.000000
vt 0.765152 1.000000
vt 0.765152 0.000000
vt 0.772727 1.000000
vt 0.772727 0.000000
vt 0.780303 1.000000
vt 0.780303 0.000000
vt 0.787879 1.000000
vt 0.787879 0.000000
vt 0.795455 1.000000
vt 0.795455 0.000000
vt 0.803030 1.000000
vt 0.803030 0.000000
vt 0.810606 1.000000
vt 0.810606 0.000000
vt 0.818182 1.000000
vt 0.818182 0.000000
vt 0.825758 1.000000
vt 0.825758 0.000000
vt 0.833333 1.000000
vt 0.833333 0.000000
vt 0.840909 1.000000
vt 0.840909 0.000000
vt 0.848485 1.000000
vt 0.848485 0.000000
vt 0.856061 1.000000
vt 0.856061 0.000000
vt 0.863636 1.000000
vt 0.863636 0.000000
vt 0.871212 1.000000
vt 0.871212 0.000000
vt 0.878788 1.000000
vt 0.878788 0.000000
vt 0.886364 1.000000
vt 0.886364 0.000000
vt 0.893939 1.000000
vt 0.893939 0.000000
vt 0.901515 1.000000
vt 0.901515 0.000000
vt 0.909091 1.000000
vt 0.909091 0.000000
vt 0.916667 1.000000
vt 0.916667 0.000000
vt 0.924242 1.000000
vt 0.924242 0.000000
vt 0.931818 1.000000
vt 0.931818 0.000000
vt 0.939394 1.000000
vt 0.939394 0.000000
vt 0.946970 1.000000
vt 0.946970 0.000000
vt 0.954545 1.000000
vt 0.954545 0.000000
vt 0.962121 1.000000
vt 0.962121 0.000000
vt 0.969697 1.000000
vt 0.969697 0.000000
vt 0.977273 1.000000
vt 0.977273 0.000000
vt 0.984848 1.000000
vt 0.984848 0.000000
vt 0.992424 1.000000
vt 0.992424 0.000000
vt 1.000000 1.000000
vt 1.000000 0.000000
vn 0.0000 0.0000 1.0000
vn -0.0000 0.0000 -1.0000
vn -0.0001 0.0000 -1.0000
vn 0.0001 0.0000 -1.0000
vn 0.0000 0.0001 -1.0000
vn -0.0001 0.0000 1.0000
vn 0.0002 0.0000 1.0000
vn -0.7071 -0.7071 0.0000
vn 0.4057 -0.9140 0.0000
vn 0.7071 -0.7071 0.0000
vn -0.4057 -0.9140 0.0000
vn -0.7071 0.7071 0.0000
vn 0.3903 0.9207 0.0000
vn -0.0921 0.9957 0.0000
vn 0.0122 0.9999 0.0000
vn 0.1193 0.9928 0.0000
vn 0.2097 0.9778 0.0000
vn 0.2772 0.9608 0.0000
vn 0.0000 -1.0000 0.0000
vn 0.9997 0.0238 0.0000
vn -0.9997 -0.0238 0.0000
vn 0.0000 1.0000 0.0000
vn -0.9666 -0.1217 -0.2255
vn -0.9440 -0.3300 0.0000
vn 0.9622 -0.2723 0.0000
vn 0.9777 -0.0997 0.1847
vn 0.9948 -0.1014 0.0000
vn 0.9777 -0.0997 -0.1847
vn -0.7351 -0.3220 -0.5966
vn 0.9981 -0.0620 0.0000
vn 0.9915 -0.0616 0.1142
vn -0.9872 -0.0758 -0.1404
vn -0.9922 -0.1249 0.0000
vn -0.9971 -0.0766 0.0000
vn -0.9666 -0.1217 0.2255
vn 0.6597 -0.3569 0.6614
vn 0.0000 -0.6857 -0.7279
vn 0.1420 -0.6857 -0.7139
vn 0.2785 -0.6857 -0.6725
vn 0.4044 -0.6857 -0.6052
vn 0.5147 -0.6857 -0.5147
vn 0.6052 -0.6857 -0.4044
vn 0.6725 -0.6857 -0.2785
vn 0.7139 -0.6857 -0.1420
vn 0.7279 -0.6857 0.0000
vn 0.7139 -0.6857 0.1420
vn 0.6725 -0.6857 0.2785
vn 0.6052 -0.6857 0.4044
vn 0.5147 -0.6857 0.5147
vn 0.4044 -0.6857 0.6052
vn 0.2785 -0.6857 0.6725
vn 0.1420 -0.6857 0.7139
vn 0.0000 -0.6857 0.7279
vn -0.1420 -0.6857 0.7139
vn -0.2785 -0.6857 0.6725
vn -0.4044 -0.6857 0.6052
vn -0.5147 -0.6857 0.5147
vn -0.6052 -0.6857 0.4044
vn -0.6725 -0.6857 0.2785
vn -0.7139 -0.6857 0.1420
vn -0.7279 -0.6857 0.0000
vn -0.7139 -0.6857 -0.1420
vn -0.6725 -0.6857 -0.2785
vn -0.6052 -0.6857 -0.4044
vn -0.5147 -0.6857 -0.5147
vn -0.4044 -0.6857 -0.6052
vn -0.2785 -0.6857 -0.6725
vn -0.1420 -0.6857 -0.7139
vn 0.0000 0.6857 -0.7279
vn 0.1420 0.6857 -0.7139
vn -0.1420 0.6857 -0.7139
vn -0.2785 0.6857 -0.6725
vn -0.4044 0.6857 -0.6052
vn -0.5147 0.6857 -0.5147
vn -0.6052 0.6857 -0.4044
vn -0.6725 0.6857 -0.2785
vn -0.7139 0.6857 -0.1420
vn -0.7279 0.6857 0.0000
vn -0.7139 0.6857 0.1420
vn -0.6725 0.6857 0.2785
vn -0.6052 0.6857 0.4044
vn -0.5147 0.6857 0.5147
vn -0.4044 0.6857 0.6052
vn -0.2785 0.6857 0.6725
vn -0.1420 0.6857 0.7139
vn 0.0000 0.6857 0.7279
vn 0.1420 0.6857 0.7139
vn 0.2785 0.6857 0.6725
vn 0.4044 0.6857 0.6052
vn 0.5147 0.6857 0.5147
vn 0.6052 0.6857 0.4044
vn 0.6725 0.6857 0.2785
vn 0.7139 0.6857 0.1420
vn 0.7279 0.6857 0.0000
vn 0.7139 0.6857 -0.1420
vn 0.6725 0.6857 -0.2785
vn 0.6052 0.6857 -0.4044
vn 0.5147 0.6857 -0.5147
vn 0.4044 0.6857 -0.6052
vn 0.2785 0.6857 -0.6725
vn -0.9918 -0.1281 0.0000
vn 0.9946 -0.1040 0.0000
vn 0.0001 0.0000 1.0000
vn -0.0000 -0.0001 -1.0000
vn -0.0001 0.0005 -1.0000
vn 0.4024 0.9154 0.0000
vn 0.0011 1.0000 0.0000
vn -0.4014 0.9159 0.0000
vn 0.7071 0.7071 0.0000
vn -0.4800 -0.8773 0.0000
vn -0.4504 -0.8928 0.0000
vn -0.4163 -0.9092 0.0000
vn -0.3777 -0.9259 0.0000
vn -0.3346 -0.9424 0.0000
vn -0.2877 -0.9577 0.0000
vn -0.2379 -0.9713 0.0000
vn -0.1866 -0.9824 0.0000
vn -0.1356 -0.9908 0.0000
vn -0.0866 -0.9962 0.0000
vn -0.0413 -0.9991 0.0000
vn 0.0180 -0.9998 0.0000
vn 0.1141 -0.9934 0.0000
vn 0.2326 -0.9725 0.0000
vn 0.3536 -0.9354 0.0000
vn 0.4740 -0.8805 0.0000
vn 0.5897 -0.8076 0.0000
vn 0.6966 -0.7174 0.0000
vn 0.7906 -0.6122 0.0000
vn 0.8685 -0.4956 0.0000
vn 0.9283 -0.3718 0.0000
vn 0.9694 -0.2455 0.0000
vn 0.9927 -0.1206 0.0000
vn 1.0000 0.0016 0.0000
vn 0.9917 0.1286 0.0000
vn 0.9645 0.2639 0.0000
vn 0.9157 0.4017 0.0000
vn 0.8448 0.5350 0.0000
vn 0.7541 0.6567 0.0000
vn 0.6486 0.7611 0.0000
vn 0.5345 0.8451 0.0000
vn 0.4180 0.9084 0.0000
vn 0.3039 0.9527 0.0000
vn 0.1954 0.9807 0.0000
vn 0.0942 0.9955 0.0000
vn 0.0131 0.9999 0.0000
vn -0.0388 0.9992 0.0000
vn -0.0776 0.9970 0.0000
vn -0.1157 0.9933 0.0000
vn -0.1527 0.9883 0.0000
vn -0.1879 0.9821 0.0000
vn -0.2210 0.9752 0.0000
vn -0.2516 0.9678 0.0000
vn -0.2795 0.9601 0.0000
vn -0.3047 0.9525 0.0000
vn -0.3270 0.9450 0.0000
vn -0.3467 0.9380 0.0000
vn 0.5675 0.8233 0.0000
vn 0.8226 -0.5686 0.0000
vn 0.3311 -0.9436 0.0000
vn 0.2903 -0.9569 0.0000
vn 0.2561 -0.9666 0.0000
vn 0.2259 -0.9741 0.0000
vn 0.1984 -0.9801 0.0000
vn 0.1724 -0.9850 0.0000
vn 0.1469 -0.9891 0.0000
vn 0.1212 -0.9926 0.0000
vn 0.0944 -0.9955 0.0000
vn 0.0658 -0.9978 0.0000
vn 0.0345 -0.9994 0.0000
vn -0.0167 -0.9998 0.0000
vn -0.1047 -0.9945 0.0000
vn -0.2133 -0.9770 0.0000
vn -0.3249 -0.9457 0.0000
vn -0.4378 -0.8991 0.0000
vn -0.5493 -0.8356 0.0000
vn -0.6562 -0.7545 0.0000
vn -0.7548 -0.6559 0.0000
vn -0.8408 -0.5412 0.0000
vn -0.9104 -0.4136 0.0000
vn -0.9607 -0.2774 0.0000
vn -0.9904 -0.1380 0.0000
vn -1.0000 -0.0060 0.0000
vn -0.9933 0.1157 0.0000
vn -0.9713 0.2380 0.0000
vn -0.9310 0.3649 0.0000
vn -0.8708 0.4916 0.0000
vn -0.7906 0.6124 0.0000
vn -0.6925 0.7214 0.0000
vn -0.5809 0.8139 0.0000
vn -0.4614 0.8872 0.0000
vn -0.3396 0.9405 0.0000
vn -0.2202 0.9754 0.0000
vn -0.1066 0.9943 0.0000
vn -0.0172 0.9998 0.0000
vn 0.0352 0.9994 0.0000
vn 0.0721 0.9974 0.0000
vn 0.1103 0.9939 0.0000
vn 0.1489 0.9888 0.0000
vn 0.1868 0.9824 0.0000
vn 0.2230 0.9748 0.0000
vn 0.2564 0.9666 0.0000
vn 0.2864 0.9581 0.0000
vn 0.3121 0.9500 0.0000
vn 0.3332 0.9428 0.0000
vn 0.3497 0.9369 0.0000
vn 0.8236 0.5671 0.0000
vn 0.5032 -0.8642 0.0000
vn 0.0266 0.9996 0.0000
vn 0.1101 0.9939 0.0000
vn 0.2272 0.9738 0.0000
vn 0.3489 0.9371 0.0000
vn 0.4708 0.8822 0.0000
vn 0.5877 0.8091 0.0000
vn 0.6946 0.7194 0.0000
vn 0.7877 0.6160 0.0000
vn 0.8646 0.5025 0.0000
vn 0.9241 0.3821 0.0000
vn 0.9663 0.2574 0.0000
vn 0.9915 0.1298 0.0000
vn 1.0000 -0.0042 0.0000
vn 0.9892 -0.1463 0.0000
vn 0.9578 -0.2874 0.0000
vn 0.9076 -0.4198 0.0000
vn 0.8407 -0.5414 0.0000
vn 0.7595 -0.6504 0.0000
vn 0.6664 -0.7456 0.0000
vn 0.5637 -0.8259 0.0000
vn 0.4541 -0.8909 0.0000
vn 0.3403 -0.9403 0.0000
vn 0.2250 -0.9743 0.0000
vn 0.1109 -0.9938 0.0000
vn 0.0272 -0.9996 0.0000
vn -0.0285 0.9996 0.0000
vn -0.1197 0.9928 0.0000
vn -0.2500 0.9682 0.0000
vn -0.3866 0.9222 0.0000
vn -0.5214 0.8533 0.0000
vn -0.6455 0.7637 0.0000
vn -0.7519 0.6593 0.0000
vn -0.8370 0.5472 0.0000
vn -0.9009 0.4339 0.0000
vn -0.9463 0.3232 0.0000
vn -0.9764 0.2160 0.0000
vn -0.9939 0.1100 0.0000
vn -1.0000 -0.0022 0.0000
vn -0.9921 -0.1253 0.0000
vn -0.9668 -0.2556 0.0000
vn -0.9215 -0.3883 0.0000
vn -0.8550 -0.5186 0.0000
vn -0.7682 -0.6401 0.0000
vn -0.6646 -0.7472 0.0000
vn -0.5498 -0.8353 0.0000
vn -0.4301 -0.9027 0.0000
vn -0.3117 -0.9501 0.0000
vn -0.1992 -0.9799 0.0000
vn -0.0952 -0.9955 0.0000
vn -0.0227 -0.9997 0.0000
vn 0.9907 -0.1361 0.0000
vn 0.9614 -0.2752 0.0000
vn 0.9110 -0.4123 0.0000
vn 0.8405 -0.5417 0.0000
vn 0.7528 -0.6582 0.0000
vn 0.6522 -0.7580 0.0000
vn 0.5432 -0.8396 0.0000
vn 0.4305 -0.9026 0.0000
vn 0.3177 -0.9482 0.0000
vn 0.2073 -0.9782 0.0000
vn 0.1013 -0.9948 0.0000
vn -0.0020 -1.0000 0.0000
vn -0.1086 -0.9940 0.0000
vn -0.2203 -0.9754 0.0000
vn -0.3338 -0.9426 0.0000
vn -0.4471 -0.8945 0.0000
vn -0.5578 -0.8300 0.0000
vn -0.6630 -0.7486 0.0000
vn -0.7594 -0.6506 0.0000
vn -0.8433 -0.5373 0.0000
vn -0.9114 -0.4115 0.0000
vn -0.9609 -0.2769 0.0000
vn -0.9904 -0.1382 0.0000
vn -1.0000 0.0036 0.0000
vn -0.9885 0.1510 0.0000
vn -0.9545 0.2983 0.0000
vn -0.8999 0.4360 0.0000
vn -0.8283 0.5603 0.0000
vn -0.7433 0.6689 0.0000
vn -0.6486 0.7611 0.0000
vn -0.5471 0.8371 0.0000
vn -0.4409 0.8975 0.0000
vn -0.3318 0.9433 0.0000
vn -0.2212 0.9752 0.0000
vn -0.1102 0.9939 0.0000
vn -0.0022 1.0000 0.0000
vn 0.1021 0.9948 0.0000
vn 0.2074 0.9782 0.0000
vn 0.3152 0.9490 0.0000
vn 0.4244 0.9055 0.0000
vn 0.5330 0.8461 0.0000
vn 0.6387 0.7695 0.0000
vn 0.7379 0.6748 0.0000
vn 0.8268 0.5625 0.0000
vn 0.9007 0.4343 0.0000
vn 0.9557 0.2942 0.0000
vn 0.9890 0.1474 0.0000
vn 1.0000 0.0031 0.0000
vn 0.9925 0.1220 0.0000
vn 0.9687 0.2484 0.0000
vn 0.9265 0.3763 0.0000
vn 0.8652 0.5014 0.0000
vn 0.7856 0.6187 0.0000
vn 0.6900 0.7238 0.0000
vn 0.5821 0.8131 0.0000
vn 0.4662 0.8847 0.0000
vn 0.3467 0.9380 0.0000
vn 0.2274 0.9738 0.0000
vn 0.1113 0.9938 0.0000
vn 0.0033 1.0000 0.0000
vn -0.0989 0.9951 0.0000
vn -0.2052 0.9787 0.0000
vn -0.3187 0.9478 0.0000
vn -0.4369 0.8995 0.0000
vn -0.5557 0.8314 0.0000
vn -0.6695 0.7428 0.0000
vn -0.7722 0.6353 0.0000
vn -0.8583 0.5131 0.0000
vn -0.9239 0.3825 0.0000
vn -0.9682 0.2499 0.0000
vn -0.9926 0.1215 0.0000
vn -1.0000 -0.0056 0.0000
vn -0.9899 -0.1416 0.0000
vn -0.9590 -0.2833 0.0000
vn -0.9075 -0.4200 0.0000
vn -0.8373 -0.5467 0.0000
vn -0.7515 -0.6597 0.0000
vn -0.6540 -0.7565 0.0000
vn -0.5485 -0.8361 0.0000
vn -0.4385 -0.8987 0.0000
vn -0.3267 -0.9451 0.0000
vn -0.2154 -0.9765 0.0000
vn -0.1062 -0.9943 0.0000
vn 0.0015 -1.0000 0.0000
vn 0.1121 -0.9937 0.0000
vn 0.2267 -0.9740 0.0000
vn 0.3422 -0.9396 0.0000
vn 0.4565 -0.8897 0.0000
vn 0.5672 -0.8236 0.0000
vn 0.6714 -0.7411 0.0000
vn 0.7660 -0.6428 0.0000
vn 0.8479 -0.5301 0.0000
vn 0.9140 -0.4057 0.0000
vn 0.9620 -0.2730 0.0000
vn 0.9906 -0.1363 0.0000
vn 1.0000 -0.0039 0.0000
vn -0.3903 0.9207 0.0000
vn -0.6932 0.7207 0.0000
vn -0.6399 0.7684 0.0000
vn -0.5844 0.8114 0.0000
vn -0.5269 0.8499 0.0000
vn -0.4675 0.8840 0.0000
vn -0.4062 0.9138 0.0000
vn -0.3432 0.9393 0.0000
vn -0.2782 0.9605 0.0000
vn -0.2115 0.9774 0.0000
vn -0.1428 0.9897 0.0000
vn -0.0721 0.9974 0.0000
vn 0.0073 1.0000 0.0000
vn 0.1050 0.9944 0.0000
vn 0.2166 0.9763 0.0000
vn 0.3343 0.9424 0.0000
vn 0.4556 0.8901 0.0000
vn 0.5761 0.8174 0.0000
vn 0.6897 0.7241 0.0000
vn 0.7901 0.6129 0.0000
vn 0.8721 0.4893 0.0000
vn 0.9328 0.3602 0.0000
vn 0.9726 0.2326 0.0000
vn 0.9937 0.1118 0.0000
vn 0.9996 0.0268 0.0000
vn -0.9997 -0.0248 0.0000
vn -0.9947 -0.1025 0.0000
vn -0.9774 -0.2115 0.0000
vn -0.9452 -0.3265 0.0000
vn -0.8956 -0.4448 0.0000
vn -0.8268 -0.5625 0.0000
vn -0.7383 -0.6744 0.0000
vn -0.6319 -0.7750 0.0000
vn -0.5114 -0.8593 0.0000
vn -0.3823 -0.9240 0.0000
vn -0.2507 -0.9680 0.0000
vn -0.1223 -0.9925 0.0000
vn -0.0122 -0.9999 0.0000
vn 0.0723 -0.9974 0.0000
vn 0.1494 -0.9888 0.0000
vn 0.2294 -0.9733 0.0000
vn 0.3089 -0.9510 0.0000
vn 0.3847 -0.9230 0.0000
vn 0.4539 -0.8910 0.0000
vn 0.5151 -0.8571 0.0000
vn 0.5676 -0.8233 0.0000
vn 0.6115 -0.7912 0.0000
vn 0.6477 -0.7618 0.0000
vn 0.6772 -0.7358 0.0000
vn 0.9193 -0.3935 0.0000
vn 0.4910 -0.8712 0.0000
vn 0.4763 -0.8793 0.0000
vn 0.4554 -0.8903 0.0000
vn 0.4269 -0.9043 0.0000
vn 0.3898 -0.9209 0.0000
vn 0.3436 -0.9391 0.0000
vn 0.2891 -0.9573 0.0000
vn 0.2284 -0.9735 0.0000
vn 0.1651 -0.9863 0.0000
vn 0.1037 -0.9946 0.0000
vn 0.0482 -0.9988 0.0000
vn -0.0026 -1.0000 0.0000
vn -0.0589 -0.9983 0.0000
vn -0.1274 -0.9918 0.0000
vn -0.2076 -0.9782 0.0000
vn -0.2997 -0.9540 0.0000
vn -0.4021 -0.9156 0.0000
vn -0.5111 -0.8595 0.0000
vn -0.6204 -0.7843 0.0000
vn -0.7220 -0.6918 0.0000
vn -0.8093 -0.5874 0.0000
vn -0.8780 -0.4786 0.0000
vn -0.9279 -0.3728 0.0000
vn -0.3222 -0.9466 0.0000
vn 0.5353 -0.8447 0.0000
vn 0.4954 -0.8686 0.0000
vn 0.4533 -0.8914 0.0000
vn 0.4089 -0.9125 0.0000
vn 0.3626 -0.9319 0.0000
vn 0.3143 -0.9493 0.0000
vn 0.2644 -0.9644 0.0000
vn 0.2130 -0.9770 0.0000
vn 0.1606 -0.9870 0.0000
vn 0.1074 -0.9942 0.0000
vn 0.0537 -0.9985 0.0000
vn -0.0155 -0.9999 0.0000
vn -0.1173 -0.9931 0.0000
vn -0.2364 -0.9716 0.0000
vn -0.3546 -0.9350 0.0000
vn -0.4695 -0.8829 0.0000
vn -0.5784 -0.8157 0.0000
vn -0.6792 -0.7339 0.0000
vn -0.7697 -0.6384 0.0000
vn -0.8480 -0.5300 0.0000
vn -0.9121 -0.4099 0.0000
vn -0.9600 -0.2799 0.0000
vn -0.9898 -0.1421 0.0000
vn -0.9999 0.0084 0.0000
vn -0.9831 0.1828 0.0000
vn -0.9297 0.3683 0.0000
vn -0.8435 0.5371 0.0000
vn -0.7393 0.6733 0.0000
vn -0.6341 0.7732 0.0000
vn -0.5396 0.8419 0.0000
vn -0.4612 0.8873 0.0000
vn -0.3998 0.9166 0.0000
vn -0.3546 0.9350 0.0000
vn -0.3242 0.9460 0.0000
vn -0.3078 0.9514 0.0000
vn -0.3003 0.9538 0.0000
vn -0.8055 0.5926 0.0000
vn -0.9997 -0.0240 0.0000
vn -0.9946 -0.1032 0.0000
vn -0.9748 -0.2231 0.0000
vn -0.9331 -0.3595 0.0000
vn -0.8632 -0.5048 0.0000
vn -0.7634 -0.6459 0.0000
vn -0.6401 -0.7683 0.0000
vn -0.5062 -0.8624 0.0000
vn -0.3755 -0.9268 0.0000
vn -0.2573 -0.9663 0.0000
vn -0.1558 -0.9878 0.0000
vn -0.0712 -0.9974 0.0000
vn 0.0008 -1.0000 0.0000
vn 0.0692 -0.9976 0.0000
vn 0.1386 -0.9903 0.0000
vn 0.2075 -0.9782 0.0000
vn 0.2755 -0.9613 0.0000
vn 0.3418 -0.9398 0.0000
vn 0.4060 -0.9138 0.0000
vn 0.4675 -0.8839 0.0000
vn 0.5259 -0.8506 0.0000
vn 0.5807 -0.8141 0.0000
vn 0.6317 -0.7752 0.0000
vn 0.6787 -0.7344 0.0000
vn -0.3867 -0.9222 0.0000
vn -0.9193 0.3934 0.0000
vn -0.6619 0.7496 0.0000
vn -0.6018 0.7987 0.0000
vn -0.5380 0.8429 0.0000
vn -0.4721 0.8815 0.0000
vn -0.4053 0.9142 0.0000
vn -0.3390 0.9408 0.0000
vn -0.2744 0.9616 0.0000
vn -0.2123 0.9772 0.0000
vn -0.1536 0.9881 0.0000
vn -0.0986 0.9951 0.0000
vn -0.0476 0.9988 0.0000
vn 0.0074 1.0000 0.0000
vn 0.0787 0.9969 0.0000
vn 0.1642 0.9864 0.0000
vn 0.2585 0.9660 0.0000
vn 0.3618 0.9322 0.0000
vn 0.4731 0.8810 0.0000
vn 0.5892 0.8079 0.0000
vn 0.7041 0.7101 0.0000
vn 0.8091 0.5877 0.0000
vn 0.8952 0.4457 0.0000
vn 0.9559 0.2936 0.0000
vn 0.9898 0.1426 0.0000
vn 0.9994 0.0342 0.0000
vn 0.9998 0.0176 0.0000
vn 0.9971 0.0761 0.0000
vn 0.9860 0.1665 0.0000
vn 0.9615 0.2746 0.0000
vn 0.9168 0.3993 0.0000
vn 0.7423 0.6701 0.0000
vn 0.6134 0.7898 0.0000
vn 0.4706 0.8823 0.0000
vn 0.3293 0.9442 0.0000
vn 0.2012 0.9796 0.0000
vn 0.0921 0.9957 0.0000
vn -0.0122 0.9999 0.0000
vn -0.1193 0.9929 0.0000
vn -0.2097 0.9778 0.0000
vn -0.2772 0.9608 0.0000
vn -0.3296 0.9441 0.0000
vn -0.3719 0.9283 0.0000
vn -0.4071 0.9133 0.0000
vn -0.4375 0.8992 0.0000
vn -0.4642 0.8857 0.0000
vn -0.4882 0.8727 0.0000
vn -0.5103 0.8600 0.0000
vn -0.5310 0.8474 0.0000
vn 0.4790 0.8778 0.0000
vn 0.8651 -0.5015 0.0000
vn 0.2986 -0.9543 0.0000
vn 0.3155 -0.9489 0.0000
vn 0.3410 -0.9401 0.0000
vn 0.3767 -0.9263 0.0000
vn 0.4247 -0.9053 0.0000
vn 0.4876 -0.8731 0.0000
vn 0.5679 -0.8231 0.0000
vn 0.6667 -0.7453 0.0000
vn 0.7792 -0.6268 0.0000
vn 0.8897 -0.4566 0.0000
vn 0.9710 -0.2389 0.0000
vn 0.9997 -0.0250 0.0000
vn 0.9900 0.1409 0.0000
vn 0.9593 0.2825 0.0000
vn 0.9077 0.4196 0.0000
vn 0.8371 0.5470 0.0000
vn 0.7508 0.6605 0.0000
vn 0.6527 0.7576 0.0000
vn 0.5467 0.8373 0.0000
vn 0.4366 0.8997 0.0000
vn 0.3249 0.9457 0.0000
vn 0.2140 0.9768 0.0000
vn 0.1054 0.9944 0.0000
vn 0.0077 1.0000 0.0000
vn -0.0726 0.9973 0.0000
vn -0.1438 0.9896 0.0000
vn -0.2125 0.9771 0.0000
vn -0.2777 0.9607 0.0000
vn -0.3388 0.9409 0.0000
vn -0.3956 0.9184 0.0000
vn -0.4478 0.8941 0.0000
vn -0.4953 0.8687 0.0000
vn -0.5385 0.8426 0.0000
vn -0.5775 0.8163 0.0000
vn -0.6126 0.7904 0.0000
vn -0.9025 0.4306 0.0000
vn -0.5949 -0.8038 0.0000
vn -0.0254 -0.9997 0.0000
vn -0.1050 -0.9944 0.0000
vn -0.2171 -0.9761 0.0000
vn -0.3355 -0.9420 0.0000
vn -0.4568 -0.8896 0.0000
vn -0.5765 -0.8171 0.0000
vn -0.6887 -0.7250 0.0000
vn -0.7878 -0.6159 0.0000
vn -0.8691 -0.4946 0.0000
vn -0.9301 -0.3672 0.0000
vn -0.9709 -0.2394 0.0000
vn -0.9932 -0.1163 0.0000
vn -1.0000 0.0060 0.0000
vn -0.9904 0.1382 0.0000
vn -0.9608 0.2773 0.0000
vn -0.9109 0.4127 0.0000
vn -0.8420 0.5394 0.0000
vn -0.7571 0.6532 0.0000
vn -0.6597 0.7515 0.0000
vn -0.5536 0.8327 0.0000
vn -0.4425 0.8967 0.0000
vn -0.3295 0.9442 0.0000
vn -0.2169 0.9762 0.0000
vn -0.1068 0.9943 0.0000
vn -0.0200 0.9998 0.0000
vn 0.0255 0.9997 0.0000
vn 0.0521 0.9986 0.0000
vn 0.0796 0.9968 0.0000
vn 0.1077 0.9942 0.0000
vn 0.1358 0.9907 0.0000
vn 0.1635 0.9865 0.0000
vn 0.1903 0.9817 0.0000
vn 0.2160 0.9764 0.0000
vn 0.2402 0.9707 0.0000
vn 0.2628 0.9648 0.0000
vn 0.2835 0.9590 0.0000
vn -0.5943 0.8042 0.0000
vn -0.3128 -0.9498 0.0000
vn -0.2911 -0.9567 0.0000
vn -0.2667 -0.9638 0.0000
vn -0.2396 -0.9709 0.0000
vn -0.2103 -0.9776 0.0000
vn -0.1794 -0.9838 0.0000
vn -0.1476 -0.9890 0.0000
vn -0.1156 -0.9933 0.0000
vn -0.0842 -0.9964 0.0000
vn -0.0542 -0.9985 0.0000
vn -0.0261 -0.9996 0.0000
vn 0.0205 -0.9998 0.0000
vn 0.1099 -0.9939 0.0000
vn 0.2250 -0.9744 0.0000
vn 0.3438 -0.9390 0.0000
vn 0.4635 -0.8861 0.0000
vn 0.5799 -0.8146 0.0000
vn 0.6887 -0.7251 0.0000
vn 0.7850 -0.6195 0.0000
vn 0.9266 -0.3759 0.0000
vn 0.9688 -0.2477 0.0000
vn 0.9926 -0.1214 0.0000
vn 0.9999 -0.0095 0.0000
vn 0.9963 0.0857 0.0000
vn 0.9829 0.1839 0.0000
vn 0.9550 0.2967 0.0000
vn 0.9067 0.4218 0.0000
vn 0.8332 0.5529 0.0000
vn 0.7331 0.6801 0.0000
vn 0.6107 0.7918 0.0000
vn 0.4757 0.8796 0.0000
vn 0.3398 0.9405 0.0000
vn 0.2125 0.9771 0.0000
vn 0.0993 0.9951 0.0000
vn 0.0233 0.9997 0.0000
vn -0.8133 -0.5819 0.0000
vn 0.9955 -0.0941 0.0000
vn 0.6374 -0.7705 0.0000
vn -0.6374 -0.7705 0.0000
vn -0.9955 -0.0941 0.0000
vn -0.4694 -0.8830 0.0000
vn -0.4358 -0.9000 0.0000
vn -0.4013 -0.9160 0.0000
vn -0.3656 -0.9308 0.0000
vn -0.3286 -0.9445 0.0000
vn -0.2900 -0.9570 0.0000
vn -0.2495 -0.9684 0.0000
vn -0.2068 -0.9784 0.0000
vn -0.1611 -0.9869 0.0000
vn -0.1120 -0.9937 0.0000
vn -0.0584 -0.9983 0.0000
vn 0.0024 -1.0000 0.0000
vn 0.0725 -0.9973 0.0000
vn 0.1501 -0.9886 0.0000
vn 0.2343 -0.9721 0.0000
vn 0.3256 -0.9455 0.0000
vn 0.4243 -0.9055 0.0000
vn 0.5299 -0.8480 0.0000
vn 0.6399 -0.7685 0.0000
vn 0.7494 -0.6621 0.0000
vn 0.8500 -0.5267 0.0000
vn 0.9311 -0.3647 0.0000
vn 0.9828 -0.1849 0.0000
vn 0.9997 0.0245 0.0000
vn 0.9643 0.2647 0.0000
vn 0.8802 0.4745 0.0000
vn 0.7861 0.6181 0.0000
vn 0.7034 0.7107 0.0000
vn 0.6375 0.7704 0.0000
vn 0.5867 0.8097 0.0000
vn 0.5481 0.8364 0.0000
vn 0.5187 0.8549 0.0000
vn 0.4963 0.8681 0.0000
vn 0.4792 0.8777 0.0000
vn 0.4661 0.8847 0.0000
vn 0.4866 0.8736 0.0000
vn 0.5236 0.8519 0.0000
vn 0.5495 0.8354 0.0000
vn 0.5829 0.8125 0.0000
vn 0.6247 0.7808 0.0000
vn 0.6756 0.7373 0.0000
vn 0.7350 0.6781 0.0000
vn 0.8003 0.5996 0.0000
vn 0.8660 0.5000 0.0000
vn 0.9243 0.3815 0.0000
vn 0.9678 0.2516 0.0000
vn 0.9926 0.1217 0.0000
vn 0.9999 -0.0090 0.0000
vn 0.9880 -0.1543 0.0000
vn 0.9513 -0.3084 0.0000
vn 0.8906 -0.4547 0.0000
vn 0.8100 -0.5864 0.0000
vn 0.7150 -0.6991 0.0000
vn 0.6117 -0.7911 0.0000
vn 0.5047 -0.8632 0.0000
vn 0.3977 -0.9175 0.0000
vn 0.2929 -0.9561 0.0000
vn 0.1915 -0.9815 0.0000
vn 0.0939 -0.9956 0.0000
vn 0.0154 -0.9999 0.0000
vn -0.0317 -0.9995 0.0000
vn -0.0663 -0.9978 0.0000
vn -0.1039 -0.9946 0.0000
vn -0.1433 -0.9897 0.0000
vn -0.1837 -0.9830 0.0000
vn -0.2239 -0.9746 0.0000
vn -0.2628 -0.9648 0.0000
vn -0.2994 -0.9541 0.0000
vn -0.3332 -0.9428 0.0000
vn -0.3636 -0.9315 0.0000
vn -0.3904 -0.9206 0.0000
vn -0.8375 -0.5464 0.0000
vn -0.4976 0.8674 0.0000
vn 0.4903 0.8715 0.0000
vn 0.4607 0.8875 0.0000
vn 0.4296 0.9030 0.0000
vn 0.3967 0.9179 0.0000
vn 0.3242 0.9460 0.0000
vn 0.2388 0.9710 0.0000
vn 0.1893 0.9819 0.0000
vn 0.1339 0.9910 0.0000
vn 0.0709 0.9975 0.0000
vn -0.0215 0.9998 0.0000
vn -0.1136 0.9935 0.0000
vn -0.1826 0.9832 0.0000
vn -0.2576 0.9662 0.0000
vn -0.3401 0.9404 0.0000
vn -0.4311 0.9022 0.0000
vn -0.5309 0.8474 0.0000
vn -0.6377 0.7702 0.0000
vn -0.7467 0.6651 0.0000
vn -0.8486 0.5289 0.0000
vn -0.9311 0.3646 0.0000
vn -0.9830 0.1834 0.0000
vn -0.9943 -0.1068 0.0000
vn -0.8662 -0.4997 0.0000
vn -0.6595 -0.7517 0.0000
vn -0.5322 -0.8466 0.0000
vn -0.4711 -0.8821 0.0000
vn -0.4530 -0.8915 0.0000
vn -0.4672 -0.8841 0.0000
vn -0.5107 -0.8597 0.0000
vn -0.5853 -0.8108 0.0000
vn -0.6931 -0.7208 0.0000
vn -0.8266 -0.5628 0.0000
vn -0.9494 -0.3140 0.0000
vn -0.9990 -0.0448 0.0000
vn -0.9884 0.1515 0.0000
vn -0.9515 0.3076 0.0000
vn -0.8878 0.4602 0.0000
vn -0.8005 0.5993 0.0000
vn -0.6966 0.7175 0.0000
vn -0.5842 0.8115 0.0000
vn -0.4709 0.8821 0.0000
vn -0.3618 0.9322 0.0000
vn -0.2596 0.9657 0.0000
vn -0.1654 0.9862 0.0000
vn -0.0793 0.9968 0.0000
vn -0.0086 0.9999 0.0000
vn 0.0417 0.9991 0.0000
vn 0.0832 0.9965 0.0000
vn 0.1238 0.9923 0.0000
vn 0.2020 0.9794 0.0000
vn 0.2390 0.9710 0.0000
vn 0.2743 0.9616 0.0000
vn 0.3079 0.9514 0.0000
vn 0.3396 0.9405 0.0000
vn 0.3695 0.9292 0.0000
vn 0.3974 0.9176 0.0000
vn 0.8399 0.5427 0.0000
vn 0.5070 -0.8619 0.0000
vn -0.4024 0.9154 0.0000
vn -0.0011 1.0000 0.0000
vn 0.4014 0.9159 0.0000
vn 0.4800 -0.8773 0.0000
vn 0.4504 -0.8928 0.0000
vn 0.4163 -0.9092 0.0000
vn 0.3777 -0.9259 0.0000
vn 0.3346 -0.9424 0.0000
vn 0.2877 -0.9577 0.0000
vn 0.2379 -0.9713 0.0000
vn 0.1866 -0.9824 0.0000
vn 0.1356 -0.9908 0.0000
vn 0.0866 -0.9962 0.0000
vn 0.0413 -0.9991 0.0000
vn -0.0180 -0.9998 0.0000
vn -0.1141 -0.9934 0.0000
vn -0.2326 -0.9725 0.0000
vn -0.3536 -0.9354 0.0000
vn -0.4740 -0.8805 0.0000
vn -0.5897 -0.8076 0.0000
vn -0.6966 -0.7174 0.0000
vn -0.7906 -0.6123 0.0000
vn -0.8685 -0.4956 0.0000
vn -0.9283 -0.3718 0.0000
vn -0.9694 -0.2455 0.0000
vn -0.9927 -0.1206 0.0000
vn -1.0000 0.0016 0.0000
vn -0.9917 0.1286 0.0000
vn -0.9645 0.2639 0.0000
vn -0.9157 0.4017 0.0000
vn -0.8448 0.5350 0.0000
vn -0.7541 0.6567 0.0000
vn -0.5345 0.8451 0.0000
vn -0.4180 0.9084 0.0000
vn -0.3039 0.9527 0.0000
vn -0.1954 0.9807 0.0000
vn -0.0942 0.9955 0.0000
vn -0.0131 0.9999 0.0000
vn 0.0388 0.9992 0.0000
vn 0.0776 0.9970 0.0000
vn 0.1157 0.9933 0.0000
vn 0.1527 0.9883 0.0000
vn 0.1880 0.9821 0.0000
vn 0.2210 0.9752 0.0000
vn 0.2516 0.9678 0.0000
vn 0.2795 0.9601 0.0000
vn 0.3047 0.9525 0.0000
vn 0.3270 0.9450 0.0000
vn -0.5675 0.8234 0.0000
vn -0.8226 -0.5686 0.0000
vn -0.3311 -0.9436 0.0000
vn -0.2903 -0.9569 0.0000
vn -0.2561 -0.9666 0.0000
vn -0.2259 -0.9741 0.0000
vn -0.1984 -0.9801 0.0000
vn -0.1724 -0.9850 0.0000
vn -0.1469 -0.9891 0.0000
vn -0.1212 -0.9926 0.0000
vn -0.0944 -0.9955 0.0000
vn -0.0658 -0.9978 0.0000
vn -0.0345 -0.9994 0.0000
vn 0.0167 -0.9998 0.0000
vn 0.1047 -0.9945 0.0000
vn 0.2133 -0.9770 0.0000
vn 0.3249 -0.9457 0.0000
vn 0.4378 -0.8991 0.0000
vn 0.5493 -0.8356 0.0000
vn 0.6562 -0.7545 0.0000
vn 0.7548 -0.6559 0.0000
vn 0.8408 -0.5412 0.0000
vn 0.9104 -0.4136 0.0000
vn 0.9607 -0.2774 0.0000
vn 0.9904 -0.1380 0.0000
vn 1.0000 -0.0060 0.0000
vn 0.9933 0.1157 0.0000
vn 0.9713 0.2380 0.0000
vn 0.9310 0.3649 0.0000
vn 0.8708 0.4916 0.0000
vn 0.7906 0.6124 0.0000
vn 0.6925 0.7214 0.0000
vn 0.5809 0.8139 0.0000
vn 0.4614 0.8872 0.0000
vn 0.2202 0.9754 0.0000
vn 0.1066 0.9943 0.0000
vn 0.0172 0.9998 0.0000
vn -0.0352 0.9994 0.0000
vn -0.1103 0.9939 0.0000
vn -0.1489 0.9888 0.0000
vn -0.1868 0.9824 0.0000
vn -0.2230 0.9748 0.0000
vn -0.2564 0.9666 0.0000
vn -0.2864 0.9581 0.0000
vn -0.3121 0.9500 0.0000
vn -0.3332 0.9428 0.0000
vn -0.3497 0.9369 0.0000
vn -0.8236 0.5671 0.0000
vn -0.5032 -0.8642 0.0000
vn -0.0266 0.9996 0.0000
vn -0.1101 0.9939 0.0000
vn -0.2272 0.9738 0.0000
vn -0.3489 0.9371 0.0000
vn -0.4708 0.8822 0.0000
vn -0.5877 0.8091 0.0000
vn -0.6946 0.7194 0.0000
vn -0.7877 0.6160 0.0000
vn -0.8646 0.5025 0.0000
vn -0.9241 0.3821 0.0000
vn -0.9663 0.2574 0.0000
vn -0.9915 0.1298 0.0000
vn -1.0000 -0.0042 0.0000
vn -0.9892 -0.1463 0.0000
vn -0.9578 -0.2874 0.0000
vn -0.9076 -0.4198 0.0000
vn -0.8407 -0.5414 0.0000
vn -0.7595 -0.6504 0.0000
vn -0.6664 -0.7456 0.0000
vn -0.5637 -0.8259 0.0000
vn -0.4541 -0.8909 0.0000
vn -0.3403 -0.9403 0.0000
vn -0.2250 -0.9743 0.0000
vn -0.1109 -0.9938 0.0000
vn -0.0272 -0.9996 0.0000
vn 0.0285 0.9996 0.0000
vn 0.1197 0.9928 0.0000
vn 0.2500 0.9682 0.0000
vn 0.3866 0.9222 0.0000
vn 0.5214 0.8533 0.0000
vn 0.6455 0.7637 0.0000
vn 0.7519 0.6593 0.0000
vn 0.8370 0.5472 0.0000
vn 0.9009 0.4339 0.0000
vn 0.9463 0.3232 0.0000
vn 0.9764 0.2160 0.0000
vn 0.9939 0.1100 0.0000
vn 1.0000 -0.0022 0.0000
vn 0.9921 -0.1253 0.0000
vn 0.9668 -0.2556 0.0000
vn 0.9215 -0.3883 0.0000
vn 0.8550 -0.5186 0.0000
vn 0.7682 -0.6402 0.0000
vn 0.7682 -0.6401 0.0000
vn 0.6646 -0.7472 0.0000
vn 0.5498 -0.8353 0.0000
vn 0.4301 -0.9027 0.0000
vn 0.3117 -0.9501 0.0000
vn 0.1992 -0.9799 0.0000
vn 0.0952 -0.9955 0.0000
vn 0.0227 -0.9997 0.0000
vn -0.9907 -0.1361 0.0000
vn -0.9614 -0.2752 0.0000
vn -0.9110 -0.4123 0.0000
vn -0.8405 -0.5417 0.0000
vn -0.7528 -0.6582 0.0000
vn -0.6522 -0.7580 0.0000
vn -0.5432 -0.8396 0.0000
vn -0.4305 -0.9026 0.0000
vn -0.3177 -0.9482 0.0000
vn -0.2073 -0.9782 0.0000
vn -0.1013 -0.9948 0.0000
vn 0.0020 -1.0000 0.0000
vn 0.1086 -0.9940 0.0000
vn 0.2203 -0.9754 0.0000
vn 0.3338 -0.9426 0.0000
vn 0.4471 -0.8945 0.0000
vn 0.5578 -0.8300 0.0000
vn 0.6630 -0.7486 0.0000
vn 0.7594 -0.6506 0.0000
vn 0.8433 -0.5374 0.0000
vn 0.9114 -0.4115 0.0000
vn 0.9609 -0.2769 0.0000
vn 0.9904 -0.1382 0.0000
vn 1.0000 0.0036 0.0000
vn 0.9885 0.1510 0.0000
vn 0.9545 0.2983 0.0000
vn 0.8999 0.4360 0.0000
vn 0.8283 0.5603 0.0000
vn 0.7433 0.6689 0.0000
vn 0.5471 0.8371 0.0000
vn 0.4409 0.8975 0.0000
vn 0.3318 0.9433 0.0000
vn 0.2212 0.9752 0.0000
vn 0.1102 0.9939 0.0000
vn 0.0022 1.0000 0.0000
vn -0.1021 0.9948 0.0000
vn -0.2074 0.9782 0.0000
vn -0.3152 0.9490 0.0000
vn -0.4244 0.9055 0.0000
vn -0.5330 0.8461 0.0000
vn -0.6387 0.7695 0.0000
vn -0.7379 0.6748 0.0000
vn -0.8268 0.5625 0.0000
vn -0.9007 0.4343 0.0000
vn -0.9557 0.2942 0.0000
vn -0.9890 0.1474 0.0000
vn -1.0000 0.0031 0.0000
vn -0.9925 0.1220 0.0000
vn -0.9687 0.2484 0.0000
vn -0.9265 0.3763 0.0000
vn -0.8652 0.5014 0.0000
vn -0.7856 0.6187 0.0000
vn -0.6900 0.7238 0.0000
vn -0.5821 0.8131 0.0000
vn -0.4662 0.8847 0.0000
vn -0.2274 0.9738 0.0000
vn -0.1113 0.9938 0.0000
vn -0.0033 1.0000 0.0000
vn 0.0989 0.9951 0.0000
vn 0.2052 0.9787 0.0000
vn 0.3187 0.9478 0.0000
vn 0.4369 0.8995 0.0000
vn 0.5557 0.8314 0.0000
vn 0.6695 0.7428 0.0000
vn 0.7722 0.6353 0.0000
vn 0.8583 0.5131 0.0000
vn 0.9239 0.3825 0.0000
vn 0.9682 0.2499 0.0000
vn 0.9926 0.1215 0.0000
vn 1.0000 -0.0056 0.0000
vn 0.9899 -0.1416 0.0000
vn 0.9590 -0.2833 0.0000
vn 0.9075 -0.4200 0.0000
vn 0.8373 -0.5467 0.0000
vn 0.7515 -0.6597 0.0000
vn 0.6540 -0.7565 0.0000
vn 0.5485 -0.8361 0.0000
vn 0.4385 -0.8987 0.0000
vn 0.3267 -0.9451 0.0000
vn 0.2154 -0.9765 0.0000
vn 0.1062 -0.9943 0.0000
vn -0.0015 -1.0000 0.0000
vn -0.1121 -0.9937 0.0000
vn -0.2267 -0.9740 0.0000
vn -0.3422 -0.9396 0.0000
vn -0.4565 -0.8897 0.0000
vn -0.5672 -0.8236 0.0000
vn -0.6714 -0.7411 0.0000
vn -0.7660 -0.6428 0.0000
vn -0.8479 -0.5301 0.0000
vn -0.9140 -0.4057 0.0000
vn -0.9620 -0.2730 0.0000
vn -0.9906 -0.1364 0.0000
vn -1.0000 -0.0039 0.0000
vn 0.6932 0.7207 0.0000
vn 0.6399 0.7684 0.0000
vn 0.5844 0.8114 0.0000
vn 0.5269 0.8499 0.0000
vn 0.4675 0.8840 0.0000
vn 0.4062 0.9138 0.0000
vn 0.3432 0.9393 0.0000
vn 0.2782 0.9605 0.0000
vn 0.2115 0.9774 0.0000
vn 0.1428 0.9897 0.0000
vn -0.0073 1.0000 0.0000
vn -0.1050 0.9944 0.0000
vn -0.2166 0.9763 0.0000
vn -0.3343 0.9424 0.0000
vn -0.4556 0.8901 0.0000
vn -0.5761 0.8174 0.0000
vn -0.6897 0.7241 0.0000
vn -0.7901 0.6130 0.0000
vn -0.8721 0.4893 0.0000
vn -0.9328 0.3602 0.0000
vn -0.9726 0.2326 0.0000
vn -0.9937 0.1118 0.0000
vn -0.9996 0.0268 0.0000
vn 0.9997 -0.0248 0.0000
vn 0.9947 -0.1025 0.0000
vn 0.9774 -0.2115 0.0000
vn 0.9452 -0.3265 0.0000
vn 0.8956 -0.4448 0.0000
vn 0.8268 -0.5625 0.0000
vn 0.7383 -0.6744 0.0000
vn 0.6319 -0.7750 0.0000
vn 0.5113 -0.8594 0.0000
vn 0.3823 -0.9240 0.0000
vn 0.2507 -0.9680 0.0000
vn 0.1223 -0.9925 0.0000
vn 0.0122 -0.9999 0.0000
vn -0.0723 -0.9974 0.0000
vn -0.1494 -0.9888 0.0000
vn -0.2294 -0.9733 0.0000
vn -0.3089 -0.9510 0.0000
vn -0.3847 -0.9230 0.0000
vn -0.4539 -0.8910 0.0000
vn -0.5151 -0.8571 0.0000
vn -0.5676 -0.8233 0.0000
vn -0.6115 -0.7912 0.0000
vn -0.6477 -0.7618 0.0000
vn -0.6772 -0.7358 0.0000
vn -0.9193 -0.3935 0.0000
vn -0.4910 -0.8712 0.0000
vn -0.4763 -0.8793 0.0000
vn -0.4554 -0.8903 0.0000
vn -0.4269 -0.9043 0.0000
vn -0.3898 -0.9209 0.0000
vn -0.3436 -0.9391 0.0000
vn -0.2891 -0.9573 0.0000
vn -0.2284 -0.9735 0.0000
vn -0.1651 -0.9863 0.0000
vn -0.1037 -0.9946 0.0000
vn -0.0482 -0.9988 0.0000
vn 0.0026 -1.0000 0.0000
vn 0.0589 -0.9983 0.0000
vn 0.1274 -0.9918 0.0000
vn 0.2076 -0.9782 0.0000
vn 0.2997 -0.9540 0.0000
vn 0.4021 -0.9156 0.0000
vn 0.5111 -0.8595 0.0000
vn 0.6203 -0.7843 0.0000
vn 0.7220 -0.6918 0.0000
vn 0.8093 -0.5874 0.0000
vn 0.8780 -0.4786 0.0000
vn 0.9279 -0.3728 0.0000
vn 0.3223 -0.9466 0.0000
vn -0.5353 -0.8447 0.0000
vn -0.4954 -0.8686 0.0000
vn -0.4533 -0.8914 0.0000
vn -0.4089 -0.9125 0.0000
vn -0.3626 -0.9319 0.0000
vn -0.3143 -0.9493 0.0000
vn -0.2644 -0.9644 0.0000
vn -0.2130 -0.9770 0.0000
vn -0.1606 -0.9870 0.0000
vn -0.1074 -0.9942 0.0000
vn -0.0537 -0.9985 0.0000
vn 0.0155 -0.9999 0.0000
vn 0.1173 -0.9931 0.0000
vn 0.2364 -0.9716 0.0000
vn 0.3546 -0.9350 0.0000
vn 0.4695 -0.8829 0.0000
vn 0.5784 -0.8157 0.0000
vn 0.6792 -0.7339 0.0000
vn 0.7697 -0.6384 0.0000
vn 0.8480 -0.5300 0.0000
vn 0.9121 -0.4099 0.0000
vn 0.9600 -0.2799 0.0000
vn 0.9898 -0.1421 0.0000
vn 0.9999 0.0084 0.0000
vn 0.9831 0.1828 0.0000
vn 0.9297 0.3683 0.0000
vn 0.8435 0.5371 0.0000
vn 0.7393 0.6733 0.0000
vn 0.6341 0.7732 0.0000
vn 0.5396 0.8419 0.0000
vn 0.4612 0.8873 0.0000
vn 0.3998 0.9166 0.0000
vn 0.3546 0.9350 0.0000
vn 0.3078 0.9514 0.0000
vn 0.3003 0.9538 0.0000
vn 0.8055 0.5926 0.0000
vn 0.9997 -0.0240 0.0000
vn 0.9946 -0.1032 0.0000
vn 0.9748 -0.2231 0.0000
vn 0.9331 -0.3595 0.0000
vn 0.8632 -0.5048 0.0000
vn 0.7634 -0.6459 0.0000
vn 0.6401 -0.7683 0.0000
vn 0.5062 -0.8624 0.0000
vn 0.3755 -0.9268 0.0000
vn 0.2573 -0.9663 0.0000
vn 0.1558 -0.9878 0.0000
vn 0.0712 -0.9974 0.0000
vn -0.0008 -1.0000 0.0000
vn -0.0692 -0.9976 0.0000
vn -0.1386 -0.9903 0.0000
vn -0.2075 -0.9782 0.0000
vn -0.2755 -0.9613 0.0000
vn -0.3418 -0.9398 0.0000
vn -0.4060 -0.9138 0.0000
vn -0.4675 -0.8839 0.0000
vn -0.5259 -0.8506 0.0000
vn -0.5807 -0.8141 0.0000
vn -0.6317 -0.7752 0.0000
vn -0.6787 -0.7344 0.0000
vn 0.3867 -0.9222 0.0000
vn 0.9193 0.3934 0.0000
vn 0.6619 0.7495 0.0000
vn 0.6018 0.7987 0.0000
vn 0.5380 0.8429 0.0000
vn 0.4721 0.8815 0.0000
vn 0.4053 0.9142 0.0000
vn 0.3390 0.9408 0.0000
vn 0.2744 0.9616 0.0000
vn 0.2123 0.9772 0.0000
vn 0.1536 0.9881 0.0000
vn 0.0986 0.9951 0.0000
vn 0.0476 0.9988 0.0000
vn -0.0074 1.0000 0.0000
vn -0.0787 0.9969 0.0000
vn -0.1642 0.9864 0.0000
vn -0.2585 0.9660 0.0000
vn -0.4731 0.8810 0.0000
vn -0.5892 0.8079 0.0000
vn -0.7041 0.7101 0.0000
vn -0.8091 0.5877 0.0000
vn -0.8952 0.4457 0.0000
vn -0.9559 0.2936 0.0000
vn -0.9898 0.1426 0.0000
vn -0.9994 0.0342 0.0000
vn -0.9998 0.0176 0.0000
vn -0.9971 0.0761 0.0000
vn -0.9860 0.1665 0.0000
vn -0.9615 0.2746 0.0000
vn -0.9168 0.3993 0.0000
vn -0.8448 0.5351 0.0000
vn -0.7422 0.6701 0.0000
vn -0.6134 0.7897 0.0000
vn -0.4706 0.8823 0.0000
vn -0.3293 0.9442 0.0000
vn -0.2013 0.9795 0.0000
vn 0.3296 0.9441 0.0000
vn 0.3719 0.9283 0.0000
vn 0.4071 0.9133 0.0000
vn 0.4375 0.8992 0.0000
vn 0.4642 0.8857 0.0000
vn 0.4882 0.8727 0.0000
vn 0.5104 0.8600 0.0000
vn 0.5310 0.8474 0.0000
vn -0.4791 0.8777 0.0000
vn -0.8651 -0.5015 0.0000
vn -0.2986 -0.9543 0.0000
vn -0.3155 -0.9489 0.0000
vn -0.3410 -0.9401 0.0000
vn -0.3767 -0.9263 0.0000
vn -0.4246 -0.9053 0.0000
vn -0.4876 -0.8731 0.0000
vn -0.5679 -0.8231 0.0000
vn -0.6667 -0.7453 0.0000
vn -0.7792 -0.6268 0.0000
vn -0.8896 -0.4566 0.0000
vn -0.9710 -0.2389 0.0000
vn -0.9997 -0.0250 0.0000
vn -0.9900 0.1409 0.0000
vn -0.9593 0.2825 0.0000
vn -0.9077 0.4196 0.0000
vn -0.8371 0.5470 0.0000
vn -0.7508 0.6605 0.0000
vn -0.6527 0.7576 0.0000
vn -0.5467 0.8373 0.0000
vn -0.4366 0.8997 0.0000
vn -0.3249 0.9457 0.0000
vn -0.2140 0.9768 0.0000
vn -0.1054 0.9944 0.0000
vn -0.0077 1.0000 0.0000
vn 0.0726 0.9973 0.0000
vn 0.1438 0.9896 0.0000
vn 0.2777 0.9607 0.0000
vn 0.3388 0.9409 0.0000
vn 0.3956 0.9184 0.0000
vn 0.4478 0.8941 0.0000
vn 0.4953 0.8687 0.0000
vn 0.5385 0.8426 0.0000
vn 0.5775 0.8163 0.0000
vn 0.6126 0.7903 0.0000
vn 0.9025 0.4306 0.0000
vn 0.5949 -0.8038 0.0000
vn 0.0254 -0.9997 0.0000
vn 0.1050 -0.9944 0.0000
vn 0.2171 -0.9761 0.0000
vn 0.3355 -0.9420 0.0000
vn 0.4568 -0.8896 0.0000
vn 0.5765 -0.8171 0.0000
vn 0.6887 -0.7250 0.0000
vn 0.7878 -0.6159 0.0000
vn 0.8691 -0.4946 0.0000
vn 0.9301 -0.3672 0.0000
vn 0.9709 -0.2394 0.0000
vn 0.9932 -0.1163 0.0000
vn 1.0000 0.0060 0.0000
vn 0.9904 0.1382 0.0000
vn 0.9608 0.2773 0.0000
vn 0.9109 0.4127 0.0000
vn 0.8420 0.5394 0.0000
vn 0.7571 0.6532 0.0000
vn 0.6597 0.7515 0.0000
vn 0.5536 0.8327 0.0000
vn 0.4425 0.8967 0.0000
vn 0.3295 0.9442 0.0000
vn 0.2169 0.9762 0.0000
vn 0.1068 0.9943 0.0000
vn 0.0200 0.9998 0.0000
vn -0.0255 0.9997 0.0000
vn -0.0521 0.9986 0.0000
vn -0.0796 0.9968 0.0000
vn -0.1077 0.9942 0.0000
vn -0.1358 0.9907 0.0000
vn -0.1635 0.9865 0.0000
vn -0.1903 0.9817 0.0000
vn -0.2160 0.9764 0.0000
vn -0.2402 0.9707 0.0000
vn -0.2628 0.9648 0.0000
vn -0.2835 0.9590 0.0000
vn 0.5943 0.8042 0.0000
vn 0.3128 -0.9498 0.0000
vn 0.2912 -0.9567 0.0000
vn 0.2667 -0.9638 0.0000
vn 0.2396 -0.9709 0.0000
vn 0.2104 -0.9776 0.0000
vn 0.1794 -0.9838 0.0000
vn 0.1476 -0.9890 0.0000
vn 0.1156 -0.9933 0.0000
vn 0.0842 -0.9964 0.0000
vn 0.0542 -0.9985 0.0000
vn 0.0261 -0.9996 0.0000
vn -0.0205 -0.9998 0.0000
vn -0.1099 -0.9939 0.0000
vn -0.2250 -0.9744 0.0000
vn -0.3438 -0.9390 0.0000
vn -0.4635 -0.8861 0.0000
vn -0.5799 -0.8146 0.0000
vn -0.6887 -0.7251 0.0000
vn -0.7850 -0.6195 0.0000
vn -0.9266 -0.3759 0.0000
vn -0.9688 -0.2477 0.0000
vn -0.9926 -0.1214 0.0000
vn -0.9999 -0.0095 0.0000
vn -0.9963 0.0857 0.0000
vn -0.9829 0.1839 0.0000
vn -0.9550 0.2967 0.0000
vn -0.9067 0.4218 0.0000
vn -0.8332 0.5529 0.0000
vn -0.7331 0.6801 0.0000
vn -0.6107 0.7918 0.0000
vn -0.4757 0.8796 0.0000
vn -0.3398 0.9405 0.0000
vn -0.0993 0.9951 0.0000
vn -0.0233 0.9997 0.0000
vn 0.8133 -0.5819 0.0000
vn 0.4694 -0.8830 0.0000
vn 0.4358 -0.9000 0.0000
vn 0.4013 -0.9160 0.0000
vn 0.3656 -0.9308 0.0000
vn 0.3286 -0.9445 0.0000
vn 0.2900 -0.9570 0.0000
vn 0.2495 -0.9684 0.0000
vn 0.2068 -0.9784 0.0000
vn 0.1611 -0.9869 0.0000
vn 0.1120 -0.9937 0.0000
vn 0.0584 -0.9983 0.0000
vn -0.0024 -1.0000 0.0000
vn -0.0725 -0.9973 0.0000
vn -0.1501 -0.9886 0.0000
vn -0.2343 -0.9721 0.0000
vn -0.3256 -0.9455 0.0000
vn -0.4243 -0.9055 0.0000
vn -0.5299 -0.8480 0.0000
vn -0.6399 -0.7685 0.0000
vn -0.7494 -0.6621 0.0000
vn -0.8500 -0.5267 0.0000
vn -0.9311 -0.3647 0.0000
vn -0.9828 -0.1849 0.0000
vn -0.9997 0.0245 0.0000
vn -0.9643 0.2647 0.0000
vn -0.8802 0.4745 0.0000
vn -0.7861 0.6181 0.0000
vn -0.7034 0.7107 0.0000
vn -0.6375 0.7704 0.0000
vn -0.5867 0.8097 0.0000
vn -0.5481 0.8364 0.0000
vn -0.5187 0.8549 0.0000
vn -0.4963 0.8681 0.0000
vn -0.4792 0.8777 0.0000
vn -0.4661 0.8847 0.0000
vn -0.4866 0.8736 0.0000
vn -0.5237 0.8519 0.0000
vn -0.5495 0.8354 0.0000
vn -0.5829 0.8126 0.0000
vn -0.6247 0.7809 0.0000
vn -0.6756 0.7373 0.0000
vn -0.7350 0.6780 0.0000
vn -0.8003 0.5996 0.0000
vn -0.8660 0.5000 0.0000
vn -0.9243 0.3815 0.0000
vn -0.9678 0.2516 0.0000
vn -0.9926 0.1217 0.0000
vn -0.9999 -0.0090 0.0000
vn -0.9880 -0.1543 0.0000
vn -0.9512 -0.3084 0.0000
vn -0.8906 -0.4548 0.0000
vn -0.8100 -0.5864 0.0000
vn -0.7150 -0.6990 0.0000
vn -0.6117 -0.7911 0.0000
vn -0.5047 -0.8633 0.0000
vn -0.3977 -0.9175 0.0000
vn -0.2929 -0.9561 0.0000
vn -0.1915 -0.9815 0.0000
vn -0.0939 -0.9956 0.0000
vn -0.0154 -0.9999 0.0000
vn 0.0317 -0.9995 0.0000
vn 0.0663 -0.9978 0.0000
vn 0.1039 -0.9946 0.0000
vn 0.1433 -0.9897 0.0000
vn 0.1837 -0.9830 0.0000
vn 0.2239 -0.9746 0.0000
vn 0.2628 -0.9648 0.0000
vn 0.2994 -0.9541 0.0000
vn 0.3332 -0.9428 0.0000
vn 0.3636 -0.9315 0.0000
vn 0.3904 -0.9206 0.0000
vn 0.8375 -0.5464 0.0000
vn 0.4976 0.8674 0.0000
vn -0.4903 0.8715 0.0000
vn -0.4607 0.8875 0.0000
vn -0.4296 0.9030 0.0000
vn -0.3967 0.9179 0.0000
vn -0.2388 0.9710 0.0000
vn -0.1893 0.9819 0.0000
vn -0.1339 0.9910 0.0000
vn -0.0709 0.9975 0.0000
vn 0.0215 0.9998 0.0000
vn 0.1136 0.9935 0.0000
vn 0.1826 0.9832 0.0000
vn 0.2576 0.9662 0.0000
vn 0.3401 0.9404 0.0000
vn 0.4311 0.9022 0.0000
vn 0.5309 0.8474 0.0000
vn 0.6377 0.7702 0.0000
vn 0.7467 0.6651 0.0000
vn 0.8487 0.5289 0.0000
vn 0.9311 0.3646 0.0000
vn 0.9830 0.1834 0.0000
vn 0.9943 -0.1068 0.0000
vn 0.8662 -0.4997 0.0000
vn 0.6595 -0.7516 0.0000
vn 0.5322 -0.8466 0.0000
vn 0.4711 -0.8821 0.0000
vn 0.4530 -0.8915 0.0000
vn 0.4672 -0.8841 0.0000
vn 0.5107 -0.8597 0.0000
vn 0.5853 -0.8108 0.0000
vn 0.6931 -0.7208 0.0000
vn 0.8266 -0.5628 0.0000
vn 0.9494 -0.3141 0.0000
vn 0.9990 -0.0448 0.0000
vn 0.9884 0.1515 0.0000
vn 0.9515 0.3076 0.0000
vn 0.8878 0.4602 0.0000
vn 0.8005 0.5993 0.0000
vn 0.6966 0.7175 0.0000
vn 0.5842 0.8115 0.0000
vn 0.4709 0.8821 0.0000
vn 0.2596 0.9657 0.0000
vn 0.1654 0.9862 0.0000
vn 0.0793 0.9968 0.0000
vn 0.0086 0.9999 0.0000
vn -0.0417 0.9991 0.0000
vn -0.0832 0.9965 0.0000
vn -0.1238 0.9923 0.0000
vn -0.2020 0.9794 0.0000
vn -0.2390 0.9710 0.0000
vn -0.2743 0.9616 0.0000
vn -0.3079 0.9514 0.0000
vn -0.3695 0.9292 0.0000
vn -0.3974 0.9176 0.0000
vn -0.8399 0.5427 0.0000
vn -0.5070 -0.8619 0.0000
vn -0.7021 -0.7120 0.0000
vn -0.9996 -0.0283 0.0000
vn -0.9984 -0.0574 0.0000
vn -0.9961 -0.0881 0.0000
vn -0.9926 -0.1217 0.0000
vn -0.9871 -0.1599 0.0000
vn -0.9786 -0.2055 0.0000
vn -0.9648 -0.2628 0.0000
vn -0.9405 -0.3396 0.0000
vn -0.8929 -0.4502 0.0000
vn -0.7851 -0.6193 0.0000
vn -0.5175 -0.8557 0.0000
vn 0.0121 -0.9999 0.0000
vn 0.5448 -0.8386 0.0000
vn 0.8078 -0.5894 0.0000
vn 0.9065 -0.4222 0.0000
vn 0.9487 -0.3162 0.0000
vn 0.9698 -0.2438 0.0000
vn 0.9817 -0.1903 0.0000
vn 0.9890 -0.1479 0.0000
vn 0.9937 -0.1125 0.0000
vn 0.9967 -0.0814 0.0000
vn 0.9986 -0.0529 0.0000
vn 0.9996 -0.0261 0.0000
vn 0.7025 -0.7117 0.0000
vn -0.7147 -0.6994 0.0000
vn -0.9990 0.0436 0.0000
vn -0.9961 0.0883 0.0000
vn -0.9908 0.1352 0.0000
vn -0.9826 0.1858 0.0000
vn -0.9702 0.2424 0.0000
vn -0.9514 0.3079 0.0000
vn -0.9221 0.3869 0.0000
vn -0.8742 0.4856 0.0000
vn -0.7910 0.6118 0.0000
vn -0.6404 0.7680 0.0000
vn -0.3767 0.9263 0.0000
vn -0.0480 0.9988 0.0000
vn 0.2145 0.9767 0.0000
vn 0.4042 0.9147 0.0000
vn 0.5560 0.8312 0.0000
vn 0.6701 0.7422 0.0000
vn 0.7536 0.6573 0.0000
vn 0.8143 0.5804 0.0000
vn 0.8588 0.5122 0.0000
vn 0.8919 0.4521 0.0000
vn 0.9169 0.3990 0.0000
vn 0.9361 0.3516 0.0000
vn 0.9511 0.3089 0.0000
vn -0.9510 0.3089 0.0000
vn -0.9361 0.3516 0.0000
vn -0.9170 0.3990 0.0000
vn -0.8919 0.4521 0.0000
vn -0.8589 0.5122 0.0000
vn -0.8144 0.5803 0.0000
vn -0.7536 0.6573 0.0000
vn -0.6701 0.7422 0.0000
vn -0.5560 0.8312 0.0000
vn -0.4042 0.9147 0.0000
vn -0.2145 0.9767 0.0000
vn 0.0480 0.9988 0.0000
vn 0.3767 0.9263 0.0000
vn 0.6405 0.7680 0.0000
vn 0.7910 0.6117 0.0000
vn 0.8742 0.4856 0.0000
vn 0.9221 0.3869 0.0000
vn 0.9514 0.3079 0.0000
vn 0.9702 0.2424 0.0000
vn 0.9826 0.1858 0.0000
vn 0.9908 0.1352 0.0000
vn 0.9961 0.0883 0.0000
vn 0.9990 0.0436 0.0000
vn 0.7147 -0.6994 0.0000
vn -0.7025 -0.7117 0.0000
vn -0.9996 -0.0261 0.0000
vn -0.9986 -0.0529 0.0000
vn -0.9967 -0.0814 0.0000
vn -0.9937 -0.1125 0.0000
vn -0.9890 -0.1479 0.0000
vn -0.9817 -0.1903 0.0000
vn -0.9698 -0.2438 0.0000
vn -0.9487 -0.3162 0.0000
vn -0.9065 -0.4222 0.0000
vn -0.8078 -0.5895 0.0000
vn -0.5447 -0.8386 0.0000
vn -0.0121 -0.9999 0.0000
vn 0.5174 -0.8557 0.0000
vn 0.7851 -0.6193 0.0000
vn 0.8929 -0.4502 0.0000
vn 0.9406 -0.3395 0.0000
vn 0.9648 -0.2627 0.0000
vn 0.9786 -0.2055 0.0000
vn 0.9871 -0.1599 0.0000
vn 0.9926 -0.1217 0.0000
vn 0.9961 -0.0881 0.0000
vn 0.9984 -0.0574 0.0000
vn 0.9996 -0.0283 0.0000
vn 0.7021 -0.7120 0.0000
usemtl Material
s off
f 61/1/1 60/2/1 62/3/1
f 320/4/1 322/5/1 321/6/1
f 298/7/1 297/8/1 329/9/1
f 259/10/1 257/11/1 256/12/1
f 235/13/1 232/14/1 236/15/1
f 258/16/1 257/11/1 259/10/1
f 235/13/1 233/17/1 232/14/1
f 234/18/1 233/17/1 235/13/1
f 407/19/1 410/20/1 408/21/1
f 435/22/1 417/23/1 436/24/1
f 536/25/1 496/26/1 537/27/1
f 665/28/1 662/29/1 661/30/1
f 664/31/1 663/32/1 662/29/1
f 708/33/1 707/34/1 712/35/1
f 836/36/2 837/37/2 838/38/2
f 836/36/2 838/38/2 839/39/2
f 835/40/2 836/36/2 839/39/2
f 835/40/2 839/39/2 840/41/2
f 835/40/2 840/41/2 841/42/2
f 834/43/2 835/40/2 841/42/2
f 834/43/2 841/42/2 842/44/2
f 834/43/2 842/44/2 843/45/2
f 833/46/2 834/43/2 843/45/2
f 833/46/2 843/45/2 844/47/2
f 833/46/2 844/47/2 845/48/2
f 832/49/2 833/46/2 845/48/2
f 832/49/2 845/48/2 846/50/2
f 832/49/2 846/50/2 847/51/2
f 831/52/2 832/49/2 847/51/2
f 831/52/2 847/51/2 848/53/2
f 831/52/2 848/53/2 849/54/2
f 830/55/2 831/52/2 849/54/2
f 830/55/2 849/54/2 724/56/2
f 724/56/2 849/54/2 723/57/2
f 723/57/2 849/54/2 722/58/2
f 722/58/2 849/54/2 721/59/2
f 721/59/2 849/54/2 720/60/2
f 720/60/2 849/54/2 719/61/2
f 719/61/2 849/54/2 718/62/2
f 718/62/2 849/54/2 717/63/2
f 717/63/2 849/54/2 850/64/2
f 829/65/2 830/55/2 726/66/2
f 726/66/2 830/55/2 725/67/2
f 725/67/2 830/55/2 724/56/2
f 828/68/2 829/65/2 727/69/2
f 727/69/2 829/65/2 726/66/2
f 827/70/2 828/68/2 729/71/2
f 729/71/2 828/68/2 728/72/2
f 728/72/2 828/68/2 727/69/2
f 827/70/2 729/71/2 730/73/2
f 827/70/2 730/73/2 731/74/2
f 827/70/2 731/74/2 732/75/2
f 827/70/2 732/75/2 733/76/2
f 827/70/2 733/76/2 734/77/2
f 826/78/2 827/70/2 734/77/2
f 826/78/2 734/77/2 735/79/2
f 826/78/2 735/79/2 736/80/2
f 826/78/2 736/80/2 737/81/2
f 826/78/2 737/81/2 738/82/2
f 825/83/2 826/78/2 738/82/2
f 825/83/2 738/82/2 739/84/2
f 825/83/2 739/84/2 740/85/2
f 825/83/2 740/85/2 741/86/2
f 824/87/2 825/83/2 741/86/2
f 824/87/2 741/86/2 742/88/2
f 824/87/2 742/88/2 743/89/2
f 824/87/2 743/89/2 744/90/2
f 824/87/2 744/90/2 745/91/2
f 824/87/2 745/91/2 746/92/2
f 823/93/2 824/87/2 746/92/2
f 823/93/2 746/92/2 747/94/2
f 823/93/2 747/94/2 748/95/2
f 823/93/2 748/95/2 749/96/2
f 822/97/2 823/93/2 749/96/2
f 822/97/2 749/96/2 750/98/2
f 822/97/2 750/98/2 751/99/2
f 822/97/2 751/99/2 752/100/2
f 821/101/2 822/97/2 752/100/2
f 821/101/2 752/100/2 753/102/2
f 820/103/2 821/101/2 753/102/2
f 820/103/2 753/102/2 754/104/2
f 820/103/2 754/104/2 755/105/2
f 819/106/2 820/103/2 755/105/2
f 819/106/2 755/105/2 756/107/2
f 818/108/2 819/106/2 756/107/2
f 818/108/2 756/107/2 757/109/2
f 818/108/2 757/109/2 758/110/2
f 817/111/2 818/108/2 758/110/2
f 817/111/2 758/110/2 759/112/2
f 816/113/2 817/111/2 759/112/2
f 816/113/2 759/112/2 760/114/2
f 816/113/2 760/114/2 761/115/2
f 815/116/2 816/113/2 761/115/2
f 815/116/2 761/115/2 762/117/2
f 814/118/2 815/116/2 762/117/2
f 814/118/2 762/117/2 763/119/2
f 813/120/2 814/118/2 763/119/2
f 813/120/2 763/119/2 764/121/2
f 788/122/2 789/123/2 790/124/2
f 813/120/2 764/121/2 765/125/2
f 812/126/2 813/120/2 765/125/2
f 788/122/2 790/124/2 791/127/2
f 811/128/2 812/126/2 765/125/2
f 788/122/2 791/127/2 792/129/2
f 810/130/2 811/128/2 765/125/2
f 810/130/2 765/125/2 766/131/2
f 788/122/2 792/129/2 793/132/2
f 809/133/2 810/130/2 766/131/2
f 788/122/2 793/132/2 794/134/2
f 808/135/2 809/133/2 766/131/2
f 788/122/2 794/134/2 795/136/2
f 807/137/2 808/135/2 766/131/2
f 807/137/2 766/131/2 767/138/2
f 788/122/2 795/136/2 796/139/2
f 806/140/2 807/137/2 767/138/2
f 805/141/2 806/140/2 767/138/2
f 788/122/2 796/139/2 797/142/2
f 804/143/2 805/141/2 767/138/2
f 788/122/2 797/142/2 798/144/2
f 803/145/2 804/143/2 767/138/2
f 788/122/2 798/144/2 799/146/2
f 802/147/2 803/145/2 767/138/2
f 788/122/2 799/146/2 800/148/2
f 801/149/2 802/147/2 767/138/2
f 788/122/2 800/148/2 801/149/2
f 801/149/2 767/138/2 768/150/2
f 788/122/2 801/149/2 768/150/2
f 788/122/2 768/150/2 769/151/2
f 788/122/2 769/151/2 770/152/2
f 787/153/2 788/122/2 770/152/2
f 787/153/2 770/152/2 771/154/2
f 786/155/2 787/153/2 771/154/2
f 785/156/2 786/155/2 771/154/2
f 785/156/2 771/154/2 772/157/2
f 784/158/2 785/156/2 772/157/2
f 783/159/2 784/158/2 772/157/2
f 783/159/2 772/157/2 773/160/2
f 782/161/2 783/159/2 773/160/2
f 782/161/2 773/160/2 774/162/2
f 781/163/2 782/161/2 774/162/2
f 780/164/2 781/163/2 774/162/2
f 780/164/2 774/162/2 775/165/2
f 779/166/2 780/164/2 775/165/2
f 778/167/2 779/166/2 775/165/2
f 778/167/2 775/165/2 776/168/2
f 777/169/2 778/167/2 776/168/2
f 856/170/2 851/171/2 852/172/2
f 856/170/2 852/172/2 853/173/2
f 855/174/2 856/170/2 853/173/2
f 855/174/2 853/173/2 854/175/2
f 893/176/2 894/177/2 895/178/2
f 893/176/2 895/178/2 896/179/2
f 880/180/2 881/181/2 882/182/2
f 880/180/2 882/182/2 883/183/2
f 880/180/2 883/183/2 884/184/2
f 880/180/2 884/184/2 885/185/2
f 880/180/2 885/185/2 886/186/2
f 879/187/2 880/180/2 886/186/2
f 879/187/2 886/186/2 887/188/2
f 879/187/2 887/188/2 888/189/2
f 879/187/2 888/189/2 889/190/2
f 878/191/2 879/187/2 889/190/2
f 878/191/2 889/190/2 890/192/2
f 878/191/2 890/192/2 891/193/2
f 878/191/2 891/193/2 892/194/2
f 878/191/2 892/194/2 893/176/2
f 877/195/2 878/191/2 893/176/2
f 877/195/2 893/176/2 899/196/2
f 899/196/2 893/176/2 898/197/2
f 898/197/2 893/176/2 897/198/2
f 897/198/2 893/176/2 934/199/2
f 934/199/2 893/176/2 896/179/2
f 876/200/2 877/195/2 902/201/2
f 902/201/3 877/195/3 901/202/3
f 901/202/2 877/195/2 900/203/2
f 900/203/2 877/195/2 899/196/2
f 875/204/2 876/200/2 905/205/2
f 905/205/2 876/200/2 904/206/2
f 904/206/2 876/200/2 903/207/2
f 903/207/2 876/200/2 902/201/2
f 874/208/2 875/204/2 908/209/2
f 908/209/2 875/204/2 907/210/2
f 907/210/2 875/204/2 906/211/2
f 906/211/4 875/204/4 905/205/4
f 874/208/2 908/209/2 909/212/2
f 874/208/2 909/212/2 910/213/2
f 873/214/2 874/208/2 910/213/2
f 873/214/2 910/213/2 911/215/2
f 873/214/2 911/215/2 912/216/2
f 933/217/2 934/199/2 896/179/2
f 873/214/2 912/216/2 913/218/2
f 872/219/2 873/214/2 913/218/2
f 872/219/2 913/218/2 914/220/2
f 872/219/2 914/220/2 915/221/2
f 871/222/2 872/219/2 915/221/2
f 871/222/2 915/221/2 916/223/2
f 871/222/2 916/223/2 917/224/2
f 870/225/2 871/222/2 917/224/2
f 870/225/2 917/224/2 918/226/2
f 869/227/2 870/225/2 918/226/2
f 869/227/2 918/226/2 919/228/2
f 869/227/2 919/228/2 920/229/2
f 868/230/2 869/227/2 920/229/2
f 868/230/2 920/229/2 921/231/2
f 868/230/2 921/231/2 922/232/2
f 867/233/2 868/230/2 922/232/2
f 867/233/2 922/232/2 923/234/2
f 866/235/2 867/233/2 923/234/2
f 866/235/2 923/234/2 924/236/2
f 866/235/2 924/236/2 925/237/2
f 865/238/2 866/235/2 925/237/2
f 865/238/2 925/237/2 926/239/2
f 865/238/2 926/239/2 927/240/2
f 864/241/2 865/238/2 927/240/2
f 864/241/2 927/240/2 928/242/2
f 864/241/2 928/242/2 929/243/2
f 864/241/2 929/243/2 930/244/2
f 863/245/2 864/241/2 930/244/2
f 863/245/2 930/244/2 931/246/2
f 863/245/2 931/246/2 932/247/2
f 863/245/2 932/247/2 933/217/2
f 863/245/2 933/217/2 896/179/2
f 862/248/2 863/245/2 896/179/2
f 861/249/2 862/248/2 896/179/2
f 860/250/2 861/249/2 896/179/2
f 859/251/2 860/250/2 896/179/2
f 858/252/2 859/251/2 896/179/2
f 857/253/2 858/252/2 896/179/2
f 935/254/2 936/255/2 937/256/2
f 935/254/2 937/256/2 938/257/2
f 1036/258/2 1037/259/2 1038/260/2
f 1035/261/2 1036/258/2 1038/260/2
f 1035/261/2 1038/260/2 1039/262/2
f 1034/263/2 1035/261/2 1039/262/2
f 1033/264/2 1034/263/2 1039/262/2
f 1033/264/2 1039/262/2 1040/265/2
f 1032/266/2 1033/264/2 1040/265/2
f 1032/266/2 1040/265/2 1041/267/2
f 1031/268/2 1032/266/2 1041/267/2
f 1030/269/2 1031/268/2 1041/267/2
f 1030/269/2 1041/267/2 1042/270/2
f 1029/271/2 1030/269/2 1042/270/2
f 1029/271/2 1042/270/2 1043/272/2
f 1028/273/2 1029/271/2 1043/272/2
f 1027/274/2 1028/273/2 1043/272/2
f 1027/274/2 1043/272/2 1044/275/2
f 1026/276/2 1027/274/2 1044/275/2
f 1026/276/2 1044/275/2 1045/277/2
f 1025/278/2 1026/276/2 1045/277/2
f 1024/279/2 1025/278/2 1023/280/2
f 1023/280/2 1025/278/2 1022/281/2
f 1022/281/2 1025/278/2 1021/282/2
f 1021/282/2 1025/278/2 1020/283/2
f 1020/283/2 1025/278/2 1019/284/2
f 1019/284/2 1025/278/2 1018/285/2
f 1018/285/2 1025/278/2 1017/286/2
f 1017/286/2 1025/278/2 1016/287/2
f 1016/287/2 1025/278/2 1015/288/2
f 1015/288/2 1025/278/2 1014/289/2
f 1014/289/2 1025/278/2 1045/277/2
f 1014/289/2 1045/277/2 1013/290/2
f 1013/290/2 1045/277/2 1012/291/2
f 1012/291/2 1045/277/2 1046/292/2
f 1012/291/2 1046/292/2 1011/293/2
f 1011/293/2 1046/292/2 1047/294/2
f 1010/295/2 1011/293/2 1047/294/2
f 1009/296/2 1010/295/2 1047/294/2
f 1008/297/2 1009/296/2 1047/294/2
f 1007/298/2 1008/297/2 1047/294/2
f 1006/299/2 1007/298/2 1047/294/2
f 1006/299/2 1047/294/2 1048/300/2
f 1005/301/2 1006/299/2 1048/300/2
f 1004/302/2 1005/301/2 1048/300/2
f 1003/303/2 1004/302/2 1048/300/2
f 1003/303/2 1048/300/2 1049/304/2
f 1002/305/2 1003/303/2 1049/304/2
f 1001/306/2 1002/305/2 1049/304/2
f 1001/306/2 1049/304/2 1050/307/2
f 1000/308/2 1001/306/2 1050/307/2
f 999/309/2 1000/308/2 1050/307/2
f 998/310/2 999/309/2 1112/311/2
f 1112/311/2 999/309/2 1050/307/2
f 997/312/2 998/310/2 1112/311/2
f 996/313/2 997/312/2 1112/311/2
f 995/314/2 996/313/2 1112/311/2
f 994/315/2 995/314/2 1112/311/2
f 994/315/2 1112/311/2 1076/316/2
f 1111/317/2 1112/311/2 1050/307/2
f 994/315/2 1076/316/2 1077/318/2
f 993/319/2 994/315/2 1077/318/2
f 993/319/2 1077/318/2 1078/320/2
f 992/321/2 993/319/2 1078/320/2
f 992/321/2 1078/320/2 1079/322/2
f 991/323/2 992/321/2 1079/322/2
f 991/323/2 1079/322/2 1080/324/2
f 991/323/2 1080/324/2 1081/325/2
f 990/326/2 991/323/2 1081/325/2
f 990/326/2 1081/325/2 1082/327/2
f 989/328/2 990/326/2 1082/327/2
f 989/328/2 1082/327/2 1083/329/2
f 989/328/2 1083/329/2 1084/330/2
f 988/331/2 989/328/2 1084/330/2
f 988/331/2 1084/330/2 1085/332/2
f 988/331/2 1085/332/2 1086/333/2
f 987/334/2 988/331/2 1086/333/2
f 987/334/2 1086/333/2 1087/335/2
f 986/336/2 987/334/2 1087/335/2
f 986/336/2 1087/335/2 1088/337/2
f 986/336/2 1088/337/2 1089/338/2
f 985/339/2 986/336/2 1089/338/2
f 985/339/2 1089/338/2 1090/340/2
f 985/339/2 1090/340/2 1091/341/2
f 1110/342/2 1111/317/2 1050/307/2
f 984/343/2 985/339/2 1091/341/2
f 1109/344/2 1110/342/2 1050/307/2
f 984/343/2 1091/341/2 1092/345/2
f 1108/346/2 1109/344/2 1050/307/2
f 1073/347/2 1074/348/2 1075/349/2
f 1108/346/2 1050/307/2 1051/350/2
f 984/343/2 1092/345/2 1093/351/2
f 1072/352/2 1073/347/2 1075/349/2
f 1107/353/2 1108/346/2 1051/350/2
f 1107/353/2 1051/350/2 1052/354/2
f 1071/355/2 1072/352/2 1075/349/2
f 983/356/2 984/343/2 1093/351/2
f 983/356/2 1093/351/2 1094/357/2
f 1107/353/2 1052/354/2 1053/358/2
f 1106/359/2 1107/353/2 1053/358/2
f 1070/360/2 1071/355/2 1075/349/2
f 1106/359/2 1053/358/2 1054/361/2
f 1105/362/2 1106/359/2 1054/361/2
f 1069/363/2 1070/360/2 1075/349/2
f 983/356/2 1094/357/2 1095/364/2
f 1105/362/2 1054/361/2 1055/365/2
f 1068/366/2 1069/363/2 1075/349/2
f 1104/367/2 1105/362/2 1055/365/2
f 1104/367/2 1055/365/2 1056/368/2
f 1067/369/2 1068/366/2 1075/349/2
f 983/356/2 1095/364/2 1096/370/2
f 1104/367/2 1056/368/2 1057/371/2
f 1103/372/2 1104/367/2 1057/371/2
f 1066/373/2 1067/369/2 1075/349/2
f 1103/372/2 1057/371/2 1058/374/2
f 982/375/2 983/356/2 1096/370/2
f 1065/376/2 1066/373/2 1075/349/2
f 982/375/2 1096/370/2 1097/377/2
f 1102/378/2 1103/372/2 1058/374/2
f 1102/378/2 1058/374/2 1059/379/2
f 1064/380/2 1065/376/2 1075/349/2
f 1102/378/2 1059/379/2 1060/381/2
f 1063/382/2 1064/380/2 1075/349/2
f 1101/383/2 1102/378/2 1060/381/2
f 1101/383/2 1060/381/2 1061/384/2
f 1062/385/2 1063/382/2 1075/349/2
f 1101/383/2 1061/384/2 1062/385/2
f 982/375/2 1097/377/2 1098/386/2
f 1101/383/2 1062/385/2 1075/349/2
f 1100/387/2 1101/383/2 1075/349/2
f 982/375/2 1098/386/2 1099/388/2
f 1099/388/2 1100/387/2 1075/349/2
f 982/375/2 1099/388/2 962/389/2
f 962/389/2 1099/388/2 1075/349/2
f 981/390/2 982/375/2 962/389/2
f 981/390/2 962/389/2 963/391/2
f 961/392/2 962/389/2 1075/349/2
f 980/393/2 981/390/2 963/391/2
f 980/393/2 963/391/2 964/394/2
f 960/395/2 961/392/2 1075/349/2
f 960/395/2 1075/349/2 939/396/2
f 979/397/2 980/393/2 964/394/2
f 979/397/2 964/394/2 965/398/2
f 959/399/2 960/395/2 939/396/2
f 959/399/2 939/396/2 940/400/2
f 979/397/2 965/398/2 966/401/2
f 958/402/2 959/399/2 940/400/2
f 978/403/2 979/397/2 966/401/2
f 958/402/2 940/400/2 941/404/2
f 978/403/2 966/401/2 967/405/2
f 957/406/2 958/402/2 941/404/2
f 957/406/2 941/404/2 942/407/2
f 977/408/2 978/403/2 967/405/2
f 977/408/2 967/405/2 968/409/2
f 956/410/2 957/406/2 942/407/2
f 956/410/2 942/407/2 943/411/2
f 977/408/2 968/409/2 969/412/2
f 955/413/2 956/410/2 943/411/2
f 955/413/2 943/411/2 944/414/2
f 976/415/2 977/408/2 969/412/2
f 976/415/2 969/412/2 970/416/2
f 954/417/2 955/413/2 944/414/2
f 954/417/2 944/414/2 945/418/2
f 976/415/2 970/416/2 971/419/2
f 954/417/2 945/418/2 946/420/2
f 953/421/2 954/417/2 946/420/2
f 975/422/2 976/415/2 971/419/2
f 953/421/2 946/420/2 947/423/2
f 975/422/2 971/419/2 972/424/2
f 952/425/2 953/421/2 947/423/2
f 952/425/2 947/423/2 948/426/2
f 975/422/2 972/424/2 973/427/2
f 951/428/2 952/425/2 948/426/2
f 974/429/2 975/422/2 973/427/2
f 951/428/2 948/426/2 949/430/2
f 950/431/2 951/428/2 949/430/2
f 1124/432/2 1125/433/2 1126/434/2
f 1123/435/2 1124/432/2 1126/434/2
f 1123/435/2 1126/434/2 1127/436/2
f 1122/437/2 1123/435/2 1127/436/2
f 1121/438/2 1122/437/2 1127/436/2
f 1121/438/2 1127/436/2 1128/439/2
f 1120/440/2 1121/438/2 1128/439/2
f 1166/441/2 1167/442/2 1168/443/2
f 1166/441/2 1168/443/2 1169/444/2
f 1120/440/2 1128/439/2 1129/445/2
f 1119/446/2 1120/440/2 1129/445/2
f 1118/447/2 1119/446/2 1129/445/2
f 1118/447/2 1129/445/2 1130/448/2
f 1117/449/2 1118/447/2 1130/448/2
f 1117/449/2 1130/448/2 1131/450/2
f 1116/451/2 1117/449/2 1131/450/2
f 1115/452/2 1116/451/2 1131/450/2
f 1115/452/2 1131/450/2 1132/453/2
f 1114/454/2 1115/452/2 1132/453/2
f 1113/455/2 1114/454/2 1132/453/2
f 1113/455/2 1132/453/2 1152/456/2
f 1152/456/2 1132/453/2 1133/457/2
f 1166/441/2 1169/444/2 1113/455/2
f 1166/441/2 1113/455/2 1164/458/2
f 1164/458/2 1113/455/2 1163/459/2
f 1163/459/2 1113/455/2 1162/460/2
f 1162/460/2 1113/455/2 1161/461/2
f 1161/461/2 1113/455/2 1160/462/2
f 1160/462/2 1113/455/2 1159/463/2
f 1159/463/2 1113/455/2 1158/464/2
f 1158/464/2 1113/455/2 1157/465/2
f 1157/465/2 1113/455/2 1156/466/2
f 1156/466/2 1113/455/2 1155/467/2
f 1155/467/2 1113/455/2 1154/468/2
f 1154/468/2 1113/455/2 1153/469/2
f 1153/469/2 1113/455/2 1152/456/2
f 1151/470/2 1152/456/2 1133/457/2
f 1150/471/2 1151/470/2 1133/457/2
f 1149/472/2 1150/471/2 1133/457/2
f 1148/473/2 1149/472/2 1133/457/2
f 1148/473/2 1133/457/2 1134/474/2
f 1147/475/2 1148/473/2 1134/474/2
f 1146/476/2 1147/475/2 1134/474/2
f 1145/477/2 1146/476/2 1134/474/2
f 1145/477/2 1134/474/2 1135/478/2
f 1144/479/2 1145/477/2 1135/478/2
f 1143/480/2 1144/479/2 1135/478/2
f 1143/480/2 1135/478/2 1136/481/2
f 1142/482/2 1143/480/2 1136/481/2
f 1166/441/2 1164/458/2 1165/483/2
f 1141/484/2 1142/482/2 1136/481/2
f 1141/484/2 1136/481/2 1137/485/2
f 1140/486/2 1141/484/2 1137/485/2
f 1139/487/2 1140/486/2 1137/485/2
f 1139/487/2 1137/485/2 1138/488/2
f 1204/489/2 1205/490/2 1206/491/2
f 1204/489/2 1206/491/2 1207/492/2
f 1203/493/2 1204/489/2 1207/492/2
f 1203/493/2 1207/492/2 1208/494/2
f 1202/495/2 1203/493/2 1208/494/2
f 1202/495/2 1208/494/2 1209/496/2
f 1201/497/2 1202/495/2 1209/496/2
f 1201/497/2 1209/496/2 1210/498/2
f 1200/499/2 1201/497/2 1210/498/2
f 1200/499/2 1210/498/2 1211/500/2
f 1199/501/2 1200/499/2 1211/500/2
f 1199/501/2 1211/500/2 1212/502/2
f 1198/503/2 1199/501/2 1253/504/2
f 1253/504/2 1199/501/2 1212/502/2
f 1198/503/2 1253/504/2 1254/505/2
f 1252/506/2 1253/504/2 1212/502/2
f 1198/503/2 1254/505/2 1255/507/2
f 1251/508/2 1252/506/2 1212/502/2
f 1198/503/2 1255/507/2 1256/509/2
f 1250/510/2 1251/508/2 1212/502/2
f 1250/510/2 1212/502/2 1213/511/2
f 1197/512/2 1198/503/2 1256/509/2
f 1197/512/2 1256/509/2 1257/513/2
f 1249/514/2 1250/510/2 1213/511/2
f 1197/512/2 1257/513/2 1258/515/2
f 1248/516/2 1249/514/2 1213/511/2
f 1197/512/2 1258/515/2 1259/517/2
f 1247/518/2 1248/516/2 1213/511/2
f 1247/518/2 1213/511/2 1214/519/2
f 1196/520/2 1197/512/2 1259/517/2
f 1196/520/2 1259/517/2 1260/521/2
f 1246/522/2 1247/518/2 1214/519/2
f 1196/520/2 1260/521/2 1261/523/2
f 1245/524/2 1246/522/2 1214/519/2
f 1245/524/2 1214/519/2 1215/525/2
f 1195/526/2 1196/520/2 1261/523/2
f 1195/526/2 1261/523/2 1262/527/2
f 1244/528/2 1245/524/2 1215/525/2
f 1244/528/2 1215/525/2 1216/529/2
f 1194/530/2 1195/526/2 1262/527/2
f 1194/530/2 1262/527/2 1263/531/2
f 1243/532/2 1244/528/2 1216/529/2
f 1194/530/2 1263/531/2 1264/533/2
f 1242/534/2 1243/532/2 1216/529/2
f 1242/534/2 1216/529/2 1217/535/2
f 1193/536/2 1194/530/2 1264/533/2
f 1193/536/2 1264/533/2 1265/537/2
f 1241/538/2 1242/534/2 1217/535/2
f 1192/539/2 1193/536/2 1265/537/2
f 1192/539/2 1265/537/2 1218/540/2
f 1241/538/2 1217/535/2 1170/541/2
f 1240/542/2 1241/538/2 1170/541/2
f 1192/539/2 1218/540/2 1219/543/2
f 1239/544/2 1240/542/2 1170/541/2
f 1191/545/2 1192/539/2 1219/543/2
f 1239/544/2 1170/541/2 1171/546/2
f 1191/545/2 1219/543/2 1220/547/2
f 1238/548/2 1239/544/2 1171/546/2
f 1191/545/2 1220/547/2 1221/549/2
f 1190/550/2 1191/545/2 1221/549/2
f 1237/551/2 1238/548/2 1171/546/2
f 1237/551/2 1171/546/2 1172/552/2
f 1190/550/2 1221/549/2 1222/553/2
f 1236/554/2 1237/551/2 1172/552/2
f 1189/555/2 1190/550/2 1222/553/2
f 1236/554/2 1172/552/2 1173/556/2
f 1189/555/2 1222/553/2 1223/557/2
f 1235/558/2 1236/554/2 1173/556/2
f 1189/555/2 1223/557/2 1224/559/2
f 1234/560/2 1235/558/2 1173/556/2
f 1188/561/2 1189/555/2 1224/559/2
f 1234/560/2 1173/556/2 1174/562/2
f 1188/561/2 1224/559/2 1225/563/2
f 1233/564/2 1234/560/2 1174/562/2
f 1188/561/2 1225/563/2 1226/565/2
f 1232/566/2 1233/564/2 1174/562/2
f 1188/561/2 1226/565/2 1227/567/2
f 1231/568/2 1232/566/2 1174/562/2
f 1187/569/2 1188/561/2 1227/567/2
f 1231/568/2 1174/562/2 1175/570/2
f 1187/569/2 1227/567/2 1228/571/2
f 1230/572/2 1231/568/2 1175/570/2
f 1187/569/2 1228/571/2 1229/573/2
f 1229/573/2 1230/572/2 1175/570/2
f 1187/569/2 1229/573/2 1175/570/2
f 1186/574/2 1187/569/2 1175/570/2
f 1186/574/2 1175/570/2 1176/575/2
f 1185/576/2 1186/574/2 1176/575/2
f 1185/576/2 1176/575/2 1177/577/2
f 1184/578/2 1185/576/2 1177/577/2
f 1184/578/2 1177/577/2 1178/579/2
f 1183/580/2 1184/578/2 1178/579/2
f 1183/580/2 1178/579/2 1179/581/2
f 1182/582/2 1183/580/2 1179/581/2
f 1182/582/2 1179/581/2 1180/583/2
f 1181/584/2 1182/582/2 1180/583/2
f 1291/585/2 1292/586/2 1318/587/2
f 1318/587/2 1292/586/2 1266/588/2
f 1318/587/2 1266/588/2 1267/589/2
f 1318/587/2 1267/589/2 1268/590/2
f 1318/587/2 1268/590/2 1269/591/2
f 1318/587/2 1269/591/2 1270/592/2
f 1318/587/2 1270/592/2 1271/593/2
f 1318/587/2 1271/593/2 1317/594/2
f 1317/594/2 1271/593/2 1316/595/2
f 1316/595/2 1271/593/2 1272/596/2
f 1291/585/2 1318/587/2 1319/597/2
f 1315/598/2 1316/595/2 1272/596/2
f 1314/599/2 1315/598/2 1272/596/2
f 1313/600/2 1314/599/2 1272/596/2
f 1313/600/2 1272/596/2 1273/601/2
f 1312/602/2 1313/600/2 1273/601/2
f 1311/603/2 1312/602/2 1273/601/2
f 1311/603/2 1273/601/2 1274/604/2
f 1310/605/2 1311/603/2 1274/604/2
f 1310/605/2 1274/604/2 1275/606/2
f 1309/607/2 1310/605/2 1275/606/2
f 1308/608/2 1309/607/2 1275/606/2
f 1308/608/2 1275/606/2 1276/609/2
f 1307/610/2 1308/608/2 1276/609/2
f 1307/610/2 1276/609/2 1277/611/2
f 1306/612/2 1307/610/2 1277/611/2
f 1306/612/2 1277/611/2 1278/613/2
f 1305/614/2 1306/612/2 1278/613/2
f 1304/615/2 1305/614/2 1278/613/2
f 1304/615/2 1278/613/2 1279/616/2
f 1303/617/2 1304/615/2 1279/616/2
f 1303/617/2 1279/616/2 1280/618/2
f 1302/619/2 1303/617/2 1280/618/2
f 1301/620/2 1302/619/2 1280/618/2
f 1301/620/2 1280/618/2 1281/621/2
f 1300/622/2 1301/620/2 1281/621/2
f 1300/622/2 1281/621/2 1282/623/2
f 1299/624/2 1300/622/2 1282/623/2
f 1298/625/2 1299/624/2 1282/623/2
f 1298/625/2 1282/623/2 1283/626/2
f 1297/627/2 1298/625/2 1283/626/2
f 1297/627/2 1283/626/2 1284/628/2
f 1296/629/2 1297/627/2 1284/628/2
f 1295/630/2 1296/629/2 1284/628/2
f 1295/630/2 1284/628/2 1285/631/2
f 1294/632/2 1295/630/2 1285/631/2
f 1293/633/2 1294/632/2 1285/631/2
f 1291/585/2 1319/597/2 1293/633/2
f 1291/585/2 1293/633/2 1285/631/2
f 1291/585/2 1285/631/2 1286/634/2
f 1291/585/2 1286/634/2 1287/635/2
f 1291/585/2 1287/635/2 1288/636/2
f 1291/585/2 1288/636/2 1289/637/2
f 1291/585/2 1289/637/2 1290/638/2
f 1403/639/2 1404/640/2 1405/641/2
f 1403/639/2 1405/641/2 1406/642/2
f 1403/639/2 1406/642/2 1407/643/2
f 1402/644/2 1403/639/2 1407/643/2
f 1402/644/2 1407/643/2 1408/645/2
f 1402/644/2 1408/645/2 1409/646/2
f 1402/644/2 1409/646/2 1410/647/2
f 1401/648/2 1402/644/2 1410/647/2
f 1401/648/2 1410/647/2 1411/649/2
f 1401/648/2 1411/649/2 1412/650/2
f 1401/648/2 1412/650/2 1413/651/2
f 1400/652/2 1401/648/2 1413/651/2
f 1400/652/2 1413/651/2 1414/653/2
f 1400/652/2 1414/653/2 1415/654/2
f 1400/652/2 1415/654/2 1416/655/2
f 1399/656/2 1400/652/2 1416/655/2
f 1399/656/2 1416/655/2 1327/657/2
f 1327/657/2 1416/655/2 1326/658/2
f 1326/658/2 1416/655/2 1325/659/2
f 1325/659/2 1416/655/2 1324/660/2
f 1324/660/2 1416/655/2 1323/661/2
f 1323/661/2 1416/655/2 1322/662/2
f 1322/662/2 1416/655/2 1321/663/2
f 1321/663/2 1416/655/2 1320/664/2
f 1320/664/2 1416/655/2 1417/665/2
f 1398/666/2 1399/656/2 1329/667/2
f 1329/667/2 1399/656/2 1328/668/2
f 1328/668/2 1399/656/2 1327/657/2
f 1397/669/2 1398/666/2 1331/670/2
f 1331/670/2 1398/666/2 1330/671/2
f 1330/671/2 1398/666/2 1329/667/2
f 1397/669/2 1331/670/2 1332/672/2
f 1397/669/2 1332/672/2 1333/673/2
f 1397/669/2 1333/673/2 1334/674/2
f 1396/675/2 1397/669/2 1334/674/2
f 1396/675/2 1334/674/2 1335/676/2
f 1396/675/2 1335/676/2 1336/677/2
f 1396/675/2 1336/677/2 1337/678/2
f 1395/679/2 1396/675/2 1337/678/2
f 1395/679/2 1337/678/2 1338/680/2
f 1395/679/2 1338/680/2 1339/681/2
f 1394/682/2 1395/679/2 1339/681/2
f 1394/682/2 1339/681/2 1340/683/2
f 1394/682/2 1340/683/2 1341/684/2
f 1393/685/2 1394/682/2 1341/684/2
f 1393/685/2 1341/684/2 1342/686/2
f 1392/687/2 1393/685/2 1342/686/2
f 1392/687/2 1342/686/2 1343/688/2
f 1392/687/2 1343/688/2 1344/689/2
f 1391/690/2 1392/687/2 1344/689/2
f 1391/690/2 1344/689/2 1345/691/2
f 1390/692/2 1391/690/2 1345/691/2
f 1390/692/2 1345/691/2 1346/693/2
f 1390/692/2 1346/693/2 1347/694/2
f 1389/695/2 1390/692/2 1347/694/2
f 1389/695/2 1347/694/2 1348/696/2
f 1389/695/2 1348/696/2 1349/697/2
f 1388/698/2 1389/695/2 1349/697/2
f 1388/698/2 1349/697/2 1350/699/2
f 1366/700/2 1367/701/2 1368/702/2
f 1388/698/2 1350/699/2 1351/703/2
f 1365/704/2 1366/700/2 1368/702/2
f 1387/705/2 1388/698/2 1351/703/2
f 1364/706/2 1365/704/2 1368/702/2
f 1387/705/2 1351/703/2 1352/707/2
f 1363/708/2 1364/706/2 1368/702/2
f 1362/709/2 1363/708/2 1368/702/2
f 1361/710/2 1362/709/2 1368/702/2
f 1387/705/2 1352/707/2 1353/711/2
f 1360/712/2 1361/710/2 1368/702/2
f 1359/713/2 1360/712/2 1368/702/2
f 1387/705/2 1353/711/2 1354/714/2
f 1358/715/2 1359/713/2 1368/702/2
f 1357/716/2 1358/715/2 1368/702/2
f 1387/705/2 1354/714/2 1355/717/2
f 1356/718/2 1357/716/2 1368/702/2
f 1386/719/2 1387/705/2 1355/717/2
f 1355/717/2 1356/718/2 1368/702/2
f 1386/719/2 1355/717/2 1368/702/2
f 1385/720/2 1386/719/2 1368/702/2
f 1384/721/2 1385/720/2 1368/702/2
f 1383/722/2 1384/721/2 1368/702/2
f 1383/722/2 1368/702/2 1369/723/2
f 1383/722/2 1369/723/2 1370/724/2
f 1383/722/2 1370/724/2 1371/725/2
f 1382/726/2 1383/722/2 1371/725/2
f 1382/726/2 1371/725/2 1372/727/2
f 1382/726/2 1372/727/2 1373/728/2
f 1382/726/2 1373/728/2 1374/729/2
f 1382/726/2 1374/729/2 1375/730/2
f 1381/731/2 1382/726/2 1375/730/2
f 1381/731/2 1375/730/2 1376/732/2
f 1381/731/2 1376/732/2 1377/733/2
f 1381/731/2 1377/733/2 1378/734/2
f 1380/735/2 1381/731/2 1378/734/2
f 1380/735/2 1378/734/2 1379/736/2
f 1426/737/2 1427/738/2 1428/739/2
f 1426/737/2 1428/739/2 1424/740/2
f 1424/740/2 1428/739/2 1423/741/2
f 1423/741/2 1428/739/2 1429/742/2
f 1429/742/2 1430/743/2 1431/744/2
f 1429/742/2 1431/744/2 1420/745/2
f 1420/745/2 1431/744/2 1419/746/2
f 1419/746/2 1431/744/2 1432/747/2
f 1426/737/2 1424/740/2 1425/748/2
f 1422/749/2 1423/741/2 1429/742/2
f 1429/742/2 1420/745/2 1421/750/2
f 1418/751/2 1419/746/2 1432/747/2
f 1422/749/2 1429/742/2 1421/750/2
f 3834/752/2 3833/753/2 3835/754/2
f 4093/755/2 4095/756/2 4094/757/2
f 4067/758/2 4104/759/2 4068/760/2
f 4158/761/2 4119/762/2 4118/763/2
f 4008/764/2 4006/765/2 4005/766/2
f 4208/767/5 4190/768/5 4209/769/5
f 4437/770/2 4436/771/2 4435/772/2
f 4609/773/1 4610/774/1 4611/775/1
f 4609/773/1 4611/775/1 4612/776/1
f 4608/777/1 4609/773/1 4612/776/1
f 4608/777/1 4612/776/1 4613/778/1
f 4608/777/1 4613/778/1 4614/779/1
f 4607/780/1 4608/777/1 4614/779/1
f 4607/780/1 4614/779/1 4615/781/1
f 4607/780/1 4615/781/1 4616/782/1
f 4606/783/1 4607/780/1 4616/782/1
f 4606/783/1 4616/782/1 4617/784/1
f 4606/783/1 4617/784/1 4618/785/1
f 4605/786/1 4606/783/1 4618/785/1
f 4605/786/1 4618/785/1 4619/787/1
f 4605/786/1 4619/787/1 4620/788/1
f 4604/789/1 4605/786/1 4620/788/1
f 4604/789/1 4620/788/1 4621/790/1
f 4604/789/1 4621/790/1 4622/791/1
f 4603/792/1 4604/789/1 4622/791/1
f 4603/792/1 4622/791/1 4497/793/1
f 4497/793/1 4622/791/1 4496/794/1
f 4496/794/1 4622/791/1 4495/795/1
f 4495/795/1 4622/791/1 4494/796/1
f 4494/796/1 4622/791/1 4493/797/1
f 4493/797/1 4622/791/1 4492/798/1
f 4492/798/1 4622/791/1 4491/799/1
f 4491/799/1 4622/791/1 4490/800/1
f 4490/800/1 4622/791/1 4623/801/1
f 4602/802/1 4603/792/1 4499/803/1
f 4499/803/1 4603/792/1 4498/804/1
f 4498/804/1 4603/792/1 4497/793/1
f 4601/805/1 4602/802/1 4500/806/1
f 4500/806/1 4602/802/1 4499/803/1
f 4600/807/1 4601/805/1 4502/808/1
f 4502/808/1 4601/805/1 4501/809/1
f 4501/809/1 4601/805/1 4500/806/1
f 4600/807/1 4502/808/1 4503/810/1
f 4600/807/1 4503/810/1 4504/811/1
f 4600/807/1 4504/811/1 4505/812/1
f 4600/807/1 4505/812/1 4506/813/1
f 4600/807/1 4506/813/1 4507/814/1
f 4599/815/1 4600/807/1 4507/814/1
f 4599/815/1 4507/814/1 4508/816/1
f 4599/815/1 4508/816/1 4509/817/1
f 4599/815/1 4509/817/1 4510/818/1
f 4599/815/1 4510/818/1 4511/819/1
f 4598/820/1 4599/815/1 4511/819/1
f 4598/820/1 4511/819/1 4512/821/1
f 4598/820/1 4512/821/1 4513/822/1
f 4598/820/1 4513/822/1 4514/823/1
f 4597/824/1 4598/820/1 4514/823/1
f 4597/824/1 4514/823/1 4515/825/1
f 4597/824/1 4515/825/1 4516/826/1
f 4597/824/1 4516/826/1 4517/827/1
f 4597/824/1 4517/827/1 4518/828/1
f 4597/824/1 4518/828/1 4519/829/1
f 4596/830/1 4597/824/1 4519/829/1
f 4596/830/1 4519/829/1 4520/831/1
f 4596/830/1 4520/831/1 4521/832/1
f 4596/830/1 4521/832/1 4522/833/1
f 4595/834/1 4596/830/1 4522/833/1
f 4595/834/1 4522/833/1 4523/835/1
f 4595/834/1 4523/835/1 4524/836/1
f 4595/834/1 4524/836/1 4525/837/1
f 4594/838/1 4595/834/1 4525/837/1
f 4594/838/1 4525/837/1 4526/839/1
f 4593/840/1 4594/838/1 4526/839/1
f 4593/840/1 4526/839/1 4527/841/1
f 4593/840/1 4527/841/1 4528/842/1
f 4592/843/1 4593/840/1 4528/842/1
f 4592/843/1 4528/842/1 4529/844/1
f 4591/845/1 4592/843/1 4529/844/1
f 4591/845/1 4529/844/1 4530/846/1
f 4591/845/1 4530/846/1 4531/847/1
f 4590/848/1 4591/845/1 4531/847/1
f 4590/848/1 4531/847/1 4532/849/1
f 4589/850/1 4590/848/1 4532/849/1
f 4589/850/1 4532/849/1 4533/851/1
f 4589/850/1 4533/851/1 4534/852/1
f 4588/853/1 4589/850/1 4534/852/1
f 4588/853/1 4534/852/1 4535/854/1
f 4587/855/1 4588/853/1 4535/854/1
f 4587/855/1 4535/854/1 4536/856/1
f 4586/857/1 4587/855/1 4536/856/1
f 4586/857/1 4536/856/1 4537/858/1
f 4561/859/1 4562/860/1 4563/861/1
f 4586/857/1 4537/858/1 4538/862/1
f 4585/863/1 4586/857/1 4538/862/1
f 4561/859/1 4563/861/1 4564/864/1
f 4584/865/1 4585/863/1 4538/862/1
f 4561/859/1 4564/864/1 4565/866/1
f 4583/867/1 4584/865/1 4538/862/1
f 4583/867/1 4538/862/1 4539/868/1
f 4561/859/1 4565/866/1 4566/869/1
f 4582/870/1 4583/867/1 4539/868/1
f 4561/859/1 4566/869/1 4567/871/1
f 4581/872/1 4582/870/1 4539/868/1
f 4561/859/1 4567/871/1 4568/873/1
f 4580/874/1 4581/872/1 4539/868/1
f 4580/874/1 4539/868/1 4540/875/1
f 4561/859/1 4568/873/1 4569/876/1
f 4579/877/1 4580/874/1 4540/875/1
f 4578/878/1 4579/877/1 4540/875/1
f 4561/859/1 4569/876/1 4570/879/1
f 4577/880/1 4578/878/1 4540/875/1
f 4561/859/1 4570/879/1 4571/881/1
f 4576/882/1 4577/880/1 4540/875/1
f 4561/859/1 4571/881/1 4572/883/1
f 4575/884/1 4576/882/1 4540/875/1
f 4561/859/1 4572/883/1 4573/885/1
f 4574/886/1 4575/884/1 4540/875/1
f 4561/859/1 4573/885/1 4574/886/1
f 4574/886/1 4540/875/1 4541/887/1
f 4561/859/1 4574/886/1 4541/887/1
f 4561/859/1 4541/887/1 4542/888/1
f 4561/859/1 4542/888/1 4543/889/1
f 4560/890/1 4561/859/1 4543/889/1
f 4560/890/1 4543/889/1 4544/891/1
f 4559/892/1 4560/890/1 4544/891/1
f 4558/893/1 4559/892/1 4544/891/1
f 4558/893/1 4544/891/1 4545/894/1
f 4557/895/1 4558/893/1 4545/894/1
f 4556/896/1 4557/895/1 4545/894/1
f 4556/896/1 4545/894/1 4546/897/1
f 4555/898/1 4556/896/1 4546/897/1
f 4555/898/1 4546/897/1 4547/899/1
f 4554/900/1 4555/898/1 4547/899/1
f 4553/901/1 4554/900/1 4547/899/1
f 4553/901/1 4547/899/1 4548/902/1
f 4552/903/1 4553/901/1 4548/902/1
f 4551/904/1 4552/903/1 4548/902/1
f 4551/904/1 4548/902/1 4549/905/1
f 4550/906/1 4551/904/1 4549/905/1
f 4629/907/1 4624/908/1 4625/909/1
f 4629/907/1 4625/909/1 4626/910/1
f 4628/911/1 4629/907/1 4626/910/1
f 4628/911/1 4626/910/1 4627/912/1
f 4666/913/1 4667/914/1 4668/915/1
f 4666/913/1 4668/915/1 4669/916/1
f 4653/917/1 4654/918/1 4655/919/1
f 4653/917/1 4655/919/1 4656/920/1
f 4653/917/1 4656/920/1 4657/921/1
f 4653/917/1 4657/921/1 4658/922/1
f 4653/917/1 4658/922/1 4659/923/1
f 4652/924/1 4653/917/1 4659/923/1
f 4652/924/1 4659/923/1 4660/925/1
f 4652/924/1 4660/925/1 4661/926/1
f 4652/924/1 4661/926/1 4662/927/1
f 4651/928/1 4652/924/1 4662/927/1
f 4651/928/1 4662/927/1 4663/929/1
f 4651/928/1 4663/929/1 4664/930/1
f 4651/928/1 4664/930/1 4665/931/1
f 4651/928/1 4665/931/1 4666/913/1
f 4650/932/1 4651/928/1 4666/913/1
f 4650/932/1 4666/913/1 4672/933/1
f 4672/933/1 4666/913/1 4671/934/1
f 4671/934/1 4666/913/1 4670/935/1
f 4670/935/1 4666/913/1 4707/936/1
f 4707/936/1 4666/913/1 4669/916/1
f 4649/937/1 4650/932/1 4675/938/1
f 4675/938/1 4650/932/1 4674/939/1
f 4674/939/6 4650/932/6 4673/940/6
f 4673/940/7 4650/932/7 4672/933/7
f 4648/941/1 4649/937/1 4678/942/1
f 4678/942/1 4649/937/1 4677/943/1
f 4677/943/1 4649/937/1 4676/944/1
f 4676/944/6 4649/937/6 4675/938/6
f 4647/945/1 4648/941/1 4681/946/1
f 4681/946/1 4648/941/1 4680/947/1
f 4680/947/1 4648/941/1 4679/948/1
f 4679/948/1 4648/941/1 4678/942/1
f 4647/945/1 4681/946/1 4682/949/1
f 4647/945/1 4682/949/1 4683/950/1
f 4646/951/1 4647/945/1 4683/950/1
f 4646/951/1 4683/950/1 4684/952/1
f 4646/951/1 4684/952/1 4685/953/1
f 4706/954/1 4707/936/1 4669/916/1
f 4646/951/1 4685/953/1 4686/955/1
f 4645/956/1 4646/951/1 4686/955/1
f 4645/956/1 4686/955/1 4687/957/1
f 4645/956/1 4687/957/1 4688/958/1
f 4644/959/1 4645/956/1 4688/958/1
f 4644/959/1 4688/958/1 4689/960/1
f 4644/959/1 4689/960/1 4690/961/1
f 4643/962/1 4644/959/1 4690/961/1
f 4643/962/1 4690/961/1 4691/963/1
f 4642/964/1 4643/962/1 4691/963/1
f 4642/964/1 4691/963/1 4692/965/1
f 4642/964/1 4692/965/1 4693/966/1
f 4641/967/1 4642/964/1 4693/966/1
f 4641/967/1 4693/966/1 4694/968/1
f 4641/967/1 4694/968/1 4695/969/1
f 4640/970/1 4641/967/1 4695/969/1
f 4640/970/1 4695/969/1 4696/971/1
f 4639/972/1 4640/970/1 4696/971/1
f 4639/972/1 4696/971/1 4697/973/1
f 4639/972/1 4697/973/1 4698/974/1
f 4638/975/1 4639/972/1 4698/974/1
f 4638/975/1 4698/974/1 4699/976/1
f 4638/975/1 4699/976/1 4700/977/1
f 4637/978/1 4638/975/1 4700/977/1
f 4637/978/1 4700/977/1 4701/979/1
f 4637/978/1 4701/979/1 4702/980/1
f 4637/978/1 4702/980/1 4703/981/1
f 4636/982/1 4637/978/1 4703/981/1
f 4636/982/1 4703/981/1 4704/983/1
f 4636/982/1 4704/983/1 4705/984/1
f 4636/982/1 4705/984/1 4706/954/1
f 4636/982/1 4706/954/1 4669/916/1
f 4635/985/1 4636/982/1 4669/916/1
f 4634/986/1 4635/985/1 4669/916/1
f 4633/987/1 4634/986/1 4669/916/1
f 4632/988/1 4633/987/1 4669/916/1
f 4631/989/1 4632/988/1 4669/916/1
f 4630/990/1 4631/989/1 4669/916/1
f 4708/991/1 4709/992/1 4710/993/1
f 4708/991/1 4710/993/1 4711/994/1
f 4809/995/1 4810/996/1 4811/997/1
f 4808/998/1 4809/995/1 4811/997/1
f 4808/998/1 4811/997/1 4812/999/1
f 4807/1000/1 4808/998/1 4812/999/1
f 4806/1001/1 4807/1000/1 4812/999/1
f 4806/1001/1 4812/999/1 4813/1002/1
f 4805/1003/1 4806/1001/1 4813/1002/1
f 4805/1003/1 4813/1002/1 4814/1004/1
f 4804/1005/1 4805/1003/1 4814/1004/1
f 4803/1006/1 4804/1005/1 4814/1004/1
f 4803/1006/1 4814/1004/1 4815/1007/1
f 4802/1008/1 4803/1006/1 4815/1007/1
f 4802/1008/1 4815/1007/1 4816/1009/1
f 4801/1010/1 4802/1008/1 4816/1009/1
f 4800/1011/1 4801/1010/1 4816/1009/1
f 4800/1011/1 4816/1009/1 4817/1012/1
f 4799/1013/1 4800/1011/1 4817/1012/1
f 4799/1013/1 4817/1012/1 4818/1014/1
f 4798/1015/1 4799/1013/1 4818/1014/1
f 4797/1016/1 4798/1015/1 4796/1017/1
f 4796/1017/1 4798/1015/1 4795/1018/1
f 4795/1018/1 4798/1015/1 4794/1019/1
f 4794/1019/1 4798/1015/1 4793/1020/1
f 4793/1020/1 4798/1015/1 4792/1021/1
f 4792/1021/1 4798/1015/1 4791/1022/1
f 4791/1022/1 4798/1015/1 4790/1023/1
f 4790/1023/1 4798/1015/1 4789/1024/1
f 4789/1024/1 4798/1015/1 4788/1025/1
f 4788/1025/1 4798/1015/1 4787/1026/1
f 4787/1026/1 4798/1015/1 4818/1014/1
f 4787/1026/1 4818/1014/1 4786/1027/1
f 4786/1027/1 4818/1014/1 4785/1028/1
f 4785/1028/1 4818/1014/1 4819/1029/1
f 4785/1028/1 4819/1029/1 4784/1030/1
f 4784/1030/1 4819/1029/1 4820/1031/1
f 4783/1032/1 4784/1030/1 4820/1031/1
f 4782/1033/1 4783/1032/1 4820/1031/1
f 4781/1034/1 4782/1033/1 4820/1031/1
f 4780/1035/1 4781/1034/1 4820/1031/1
f 4779/1036/1 4780/1035/1 4820/1031/1
f 4779/1036/1 4820/1031/1 4821/1037/1
f 4778/1038/1 4779/1036/1 4821/1037/1
f 4777/1039/1 4778/1038/1 4821/1037/1
f 4776/1040/1 4777/1039/1 4821/1037/1
f 4776/1040/1 4821/1037/1 4822/1041/1
f 4775/1042/1 4776/1040/1 4822/1041/1
f 4774/1043/1 4775/1042/1 4822/1041/1
f 4774/1043/1 4822/1041/1 4823/1044/1
f 4773/1045/1 4774/1043/1 4823/1044/1
f 4772/1046/1 4773/1045/1 4823/1044/1
f 4771/1047/1 4772/1046/1 4885/1048/1
f 4885/1048/1 4772/1046/1 4823/1044/1
f 4770/1049/1 4771/1047/1 4885/1048/1
f 4769/1050/1 4770/1049/1 4885/1048/1
f 4768/1051/1 4769/1050/1 4885/1048/1
f 4767/1052/1 4768/1051/1 4885/1048/1
f 4767/1052/1 4885/1048/1 4849/1053/1
f 4884/1054/1 4885/1048/1 4823/1044/1
f 4767/1052/1 4849/1053/1 4850/1055/1
f 4766/1056/1 4767/1052/1 4850/1055/1
f 4766/1056/1 4850/1055/1 4851/1057/1
f 4765/1058/1 4766/1056/1 4851/1057/1
f 4765/1058/1 4851/1057/1 4852/1059/1
f 4764/1060/1 4765/1058/1 4852/1059/1
f 4764/1060/1 4852/1059/1 4853/1061/1
f 4764/1060/1 4853/1061/1 4854/1062/1
f 4763/1063/1 4764/1060/1 4854/1062/1
f 4763/1063/1 4854/1062/1 4855/1064/1
f 4762/1065/1 4763/1063/1 4855/1064/1
f 4762/1065/1 4855/1064/1 4856/1066/1
f 4762/1065/1 4856/1066/1 4857/1067/1
f 4761/1068/1 4762/1065/1 4857/1067/1
f 4761/1068/1 4857/1067/1 4858/1069/1
f 4761/1068/1 4858/1069/1 4859/1070/1
f 4760/1071/1 4761/1068/1 4859/1070/1
f 4760/1071/1 4859/1070/1 4860/1072/1
f 4759/1073/1 4760/1071/1 4860/1072/1
f 4759/1073/1 4860/1072/1 4861/1074/1
f 4759/1073/1 4861/1074/1 4862/1075/1
f 4758/1076/1 4759/1073/1 4862/1075/1
f 4758/1076/1 4862/1075/1 4863/1077/1
f 4758/1076/1 4863/1077/1 4864/1078/1
f 4883/1079/1 4884/1054/1 4823/1044/1
f 4757/1080/1 4758/1076/1 4864/1078/1
f 4882/1081/1 4883/1079/1 4823/1044/1
f 4757/1080/1 4864/1078/1 4865/1082/1
f 4881/1083/1 4882/1081/1 4823/1044/1
f 4846/1084/1 4847/1085/1 4848/1086/1
f 4881/1083/1 4823/1044/1 4824/1087/1
f 4757/1080/1 4865/1082/1 4866/1088/1
f 4845/1089/1 4846/1084/1 4848/1086/1
f 4880/1090/1 4881/1083/1 4824/1087/1
f 4880/1090/1 4824/1087/1 4825/1091/1
f 4844/1092/1 4845/1089/1 4848/1086/1
f 4756/1093/1 4757/1080/1 4866/1088/1
f 4756/1093/1 4866/1088/1 4867/1094/1
f 4880/1090/1 4825/1091/1 4826/1095/1
f 4879/1096/1 4880/1090/1 4826/1095/1
f 4843/1097/1 4844/1092/1 4848/1086/1
f 4879/1096/1 4826/1095/1 4827/1098/1
f 4878/1099/1 4879/1096/1 4827/1098/1
f 4842/1100/1 4843/1097/1 4848/1086/1
f 4756/1093/1 4867/1094/1 4868/1101/1
f 4878/1099/1 4827/1098/1 4828/1102/1
f 4841/1103/1 4842/1100/1 4848/1086/1
f 4877/1104/1 4878/1099/1 4828/1102/1
f 4877/1104/1 4828/1102/1 4829/1105/1
f 4840/1106/1 4841/1103/1 4848/1086/1
f 4756/1093/1 4868/1101/1 4869/1107/1
f 4877/1104/1 4829/1105/1 4830/1108/1
f 4876/1109/1 4877/1104/1 4830/1108/1
f 4839/1110/1 4840/1106/1 4848/1086/1
f 4876/1109/1 4830/1108/1 4831/1111/1
f 4755/1112/1 4756/1093/1 4869/1107/1
f 4838/1113/1 4839/1110/1 4848/1086/1
f 4755/1112/1 4869/1107/1 4870/1114/1
f 4875/1115/1 4876/1109/1 4831/1111/1
f 4875/1115/1 4831/1111/1 4832/1116/1
f 4837/1117/1 4838/1113/1 4848/1086/1
f 4875/1115/1 4832/1116/1 4833/1118/1
f 4836/1119/1 4837/1117/1 4848/1086/1
f 4874/1120/1 4875/1115/1 4833/1118/1
f 4874/1120/1 4833/1118/1 4834/1121/1
f 4835/1122/1 4836/1119/1 4848/1086/1
f 4874/1120/1 4834/1121/1 4835/1122/1
f 4755/1112/1 4870/1114/1 4871/1123/1
f 4874/1120/1 4835/1122/1 4848/1086/1
f 4873/1124/1 4874/1120/1 4848/1086/1
f 4755/1112/1 4871/1123/1 4872/1125/1
f 4872/1125/1 4873/1124/1 4848/1086/1
f 4755/1112/1 4872/1125/1 4735/1126/1
f 4735/1126/1 4872/1125/1 4848/1086/1
f 4754/1127/1 4755/1112/1 4735/1126/1
f 4754/1127/1 4735/1126/1 4736/1128/1
f 4734/1129/1 4735/1126/1 4848/1086/1
f 4753/1130/1 4754/1127/1 4736/1128/1
f 4753/1130/1 4736/1128/1 4737/1131/1
f 4733/1132/1 4734/1129/1 4848/1086/1
f 4733/1132/1 4848/1086/1 4712/1133/1
f 4752/1134/1 4753/1130/1 4737/1131/1
f 4752/1134/1 4737/1131/1 4738/1135/1
f 4732/1136/1 4733/1132/1 4712/1133/1
f 4732/1136/1 4712/1133/1 4713/1137/1
f 4752/1134/1 4738/1135/1 4739/1138/1
f 4731/1139/1 4732/1136/1 4713/1137/1
f 4751/1140/1 4752/1134/1 4739/1138/1
f 4731/1139/1 4713/1137/1 4714/1141/1
f 4751/1140/1 4739/1138/1 4740/1142/1
f 4730/1143/1 4731/1139/1 4714/1141/1
f 4730/1143/1 4714/1141/1 4715/1144/1
f 4750/1145/1 4751/1140/1 4740/1142/1
f 4750/1145/1 4740/1142/1 4741/1146/1
f 4729/1147/1 4730/1143/1 4715/1144/1
f 4729/1147/1 4715/1144/1 4716/1148/1
f 4750/1145/1 4741/1146/1 4742/1149/1
f 4728/1150/1 4729/1147/1 4716/1148/1
f 4728/1150/1 4716/1148/1 4717/1151/1
f 4749/1152/1 4750/1145/1 4742/1149/1
f 4749/1152/1 4742/1149/1 4743/1153/1
f 4727/1154/1 4728/1150/1 4717/1151/1
f 4727/1154/1 4717/1151/1 4718/1155/1
f 4749/1152/1 4743/1153/1 4744/1156/1
f 4727/1154/1 4718/1155/1 4719/1157/1
f 4726/1158/1 4727/1154/1 4719/1157/1
f 4748/1159/1 4749/1152/1 4744/1156/1
f 4726/1158/1 4719/1157/1 4720/1160/1
f 4748/1159/1 4744/1156/1 4745/1161/1
f 4725/1162/1 4726/1158/1 4720/1160/1
f 4725/1162/1 4720/1160/1 4721/1163/1
f 4748/1159/1 4745/1161/1 4746/1164/1
f 4724/1165/1 4725/1162/1 4721/1163/1
f 4747/1166/1 4748/1159/1 4746/1164/1
f 4724/1165/1 4721/1163/1 4722/1167/1
f 4723/1168/1 4724/1165/1 4722/1167/1
f 4897/1169/1 4898/1170/1 4899/1171/1
f 4896/1172/1 4897/1169/1 4899/1171/1
f 4896/1172/1 4899/1171/1 4900/1173/1
f 4895/1174/1 4896/1172/1 4900/1173/1
f 4894/1175/1 4895/1174/1 4900/1173/1
f 4894/1175/1 4900/1173/1 4901/1176/1
f 4893/1177/1 4894/1175/1 4901/1176/1
f 4939/1178/1 4940/1179/1 4941/1180/1
f 4939/1178/1 4941/1180/1 4942/1181/1
f 4893/1177/1 4901/1176/1 4902/1182/1
f 4892/1183/1 4893/1177/1 4902/1182/1
f 4891/1184/1 4892/1183/1 4902/1182/1
f 4891/1184/1 4902/1182/1 4903/1185/1
f 4890/1186/1 4891/1184/1 4903/1185/1
f 4890/1186/1 4903/1185/1 4904/1187/1
f 4889/1188/1 4890/1186/1 4904/1187/1
f 4888/1189/1 4889/1188/1 4904/1187/1
f 4888/1189/1 4904/1187/1 4905/1190/1
f 4887/1191/1 4888/1189/1 4905/1190/1
f 4886/1192/1 4887/1191/1 4905/1190/1
f 4886/1192/1 4905/1190/1 4925/1193/1
f 4925/1193/1 4905/1190/1 4906/1194/1
f 4939/1178/1 4942/1181/1 4886/1192/1
f 4939/1178/1 4886/1192/1 4937/1195/1
f 4937/1195/1 4886/1192/1 4936/1196/1
f 4936/1196/1 4886/1192/1 4935/1197/1
f 4935/1197/1 4886/1192/1 4934/1198/1
f 4934/1198/1 4886/1192/1 4933/1199/1
f 4933/1199/1 4886/1192/1 4932/1200/1
f 4932/1200/1 4886/1192/1 4931/1201/1
f 4931/1201/1 4886/1192/1 4930/1202/1
f 4930/1202/1 4886/1192/1 4929/1203/1
f 4929/1203/1 4886/1192/1 4928/1204/1
f 4928/1204/1 4886/1192/1 4927/1205/1
f 4927/1205/1 4886/1192/1 4926/1206/1
f 4926/1206/1 4886/1192/1 4925/1193/1
f 4924/1207/1 4925/1193/1 4906/1194/1
f 4923/1208/1 4924/1207/1 4906/1194/1
f 4922/1209/1 4923/1208/1 4906/1194/1
f 4921/1210/1 4922/1209/1 4906/1194/1
f 4921/1210/1 4906/1194/1 4907/1211/1
f 4920/1212/1 4921/1210/1 4907/1211/1
f 4919/1213/1 4920/1212/1 4907/1211/1
f 4918/1214/1 4919/1213/1 4907/1211/1
f 4918/1214/1 4907/1211/1 4908/1215/1
f 4917/1216/1 4918/1214/1 4908/1215/1
f 4916/1217/1 4917/1216/1 4908/1215/1
f 4916/1217/1 4908/1215/1 4909/1218/1
f 4915/1219/1 4916/1217/1 4909/1218/1
f 4939/1178/1 4937/1195/1 4938/1220/1
f 4914/1221/1 4915/1219/1 4909/1218/1
f 4914/1221/1 4909/1218/1 4910/1222/1
f 4913/1223/1 4914/1221/1 4910/1222/1
f 4912/1224/1 4913/1223/1 4910/1222/1
f 4912/1224/1 4910/1222/1 4911/1225/1
f 4977/1226/1 4978/1227/1 4979/1228/1
f 4977/1226/1 4979/1228/1 4980/1229/1
f 4976/1230/1 4977/1226/1 4980/1229/1
f 4976/1230/1 4980/1229/1 4981/1231/1
f 4975/1232/1 4976/1230/1 4981/1231/1
f 4975/1232/1 4981/1231/1 4982/1233/1
f 4974/1234/1 4975/1232/1 4982/1233/1
f 4974/1234/1 4982/1233/1 4983/1235/1
f 4973/1236/1 4974/1234/1 4983/1235/1
f 4973/1236/1 4983/1235/1 4984/1237/1
f 4972/1238/1 4973/1236/1 4984/1237/1
f 4972/1238/1 4984/1237/1 4985/1239/1
f 4971/1240/1 4972/1238/1 5026/1241/1
f 5026/1241/1 4972/1238/1 4985/1239/1
f 4971/1240/1 5026/1241/1 5027/1242/1
f 5025/1243/1 5026/1241/1 4985/1239/1
f 4971/1240/1 5027/1242/1 5028/1244/1
f 5024/1245/1 5025/1243/1 4985/1239/1
f 4971/1240/1 5028/1244/1 5029/1246/1
f 5023/1247/1 5024/1245/1 4985/1239/1
f 5023/1247/1 4985/1239/1 4986/1248/1
f 4970/1249/1 4971/1240/1 5029/1246/1
f 4970/1249/1 5029/1246/1 5030/1250/1
f 5022/1251/1 5023/1247/1 4986/1248/1
f 4970/1249/1 5030/1250/1 5031/1252/1
f 5021/1253/1 5022/1251/1 4986/1248/1
f 4970/1249/1 5031/1252/1 5032/1254/1
f 5020/1255/1 5021/1253/1 4986/1248/1
f 5020/1255/1 4986/1248/1 4987/1256/1
f 4969/1257/1 4970/1249/1 5032/1254/1
f 4969/1257/1 5032/1254/1 5033/1258/1
f 5019/1259/1 5020/1255/1 4987/1256/1
f 4969/1257/1 5033/1258/1 5034/1260/1
f 5018/1261/1 5019/1259/1 4987/1256/1
f 5018/1261/1 4987/1256/1 4988/1262/1
f 4968/1263/1 4969/1257/1 5034/1260/1
f 4968/1263/1 5034/1260/1 5035/1264/1
f 5017/1265/1 5018/1261/1 4988/1262/1
f 5017/1265/1 4988/1262/1 4989/1266/1
f 4967/1267/1 4968/1263/1 5035/1264/1
f 4967/1267/1 5035/1264/1 5036/1268/1
f 5016/1269/1 5017/1265/1 4989/1266/1
f 4967/1267/1 5036/1268/1 5037/1270/1
f 5015/1271/1 5016/1269/1 4989/1266/1
f 5015/1271/1 4989/1266/1 4990/1272/1
f 4966/1273/1 4967/1267/1 5037/1270/1
f 4966/1273/1 5037/1270/1 5038/1274/1
f 5014/1275/1 5015/1271/1 4990/1272/1
f 4965/1276/1 4966/1273/1 5038/1274/1
f 4965/1276/1 5038/1274/1 4991/1277/1
f 5014/1275/1 4990/1272/1 4943/1278/1
f 5013/1279/1 5014/1275/1 4943/1278/1
f 4965/1276/1 4991/1277/1 4992/1280/1
f 5012/1281/1 5013/1279/1 4943/1278/1
f 4964/1282/1 4965/1276/1 4992/1280/1
f 5012/1281/1 4943/1278/1 4944/1283/1
f 4964/1282/1 4992/1280/1 4993/1284/1
f 5011/1285/1 5012/1281/1 4944/1283/1
f 4964/1282/1 4993/1284/1 4994/1286/1
f 4963/1287/1 4964/1282/1 4994/1286/1
f 5010/1288/1 5011/1285/1 4944/1283/1
f 5010/1288/1 4944/1283/1 4945/1289/1
f 4963/1287/1 4994/1286/1 4995/1290/1
f 5009/1291/1 5010/1288/1 4945/1289/1
f 4962/1292/1 4963/1287/1 4995/1290/1
f 5009/1291/1 4945/1289/1 4946/1293/1
f 4962/1292/1 4995/1290/1 4996/1294/1
f 5008/1295/1 5009/1291/1 4946/1293/1
f 4962/1292/1 4996/1294/1 4997/1296/1
f 5007/1297/1 5008/1295/1 4946/1293/1
f 4961/1298/1 4962/1292/1 4997/1296/1
f 5007/1297/1 4946/1293/1 4947/1299/1
f 4961/1298/1 4997/1296/1 4998/1300/1
f 5006/1301/1 5007/1297/1 4947/1299/1
f 4961/1298/1 4998/1300/1 4999/1302/1
f 5005/1303/1 5006/1301/1 4947/1299/1
f 4961/1298/1 4999/1302/1 5000/1304/1
f 5004/1305/1 5005/1303/1 4947/1299/1
f 4960/1306/1 4961/1298/1 5000/1304/1
f 5004/1305/1 4947/1299/1 4948/1307/1
f 4960/1306/1 5000/1304/1 5001/1308/1
f 5003/1309/1 5004/1305/1 4948/1307/1
f 4960/1306/1 5001/1308/1 5002/1310/1
f 5002/1310/1 5003/1309/1 4948/1307/1
f 4960/1306/1 5002/1310/1 4948/1307/1
f 4959/1311/1 4960/1306/1 4948/1307/1
f 4959/1311/1 4948/1307/1 4949/1312/1
f 4958/1313/1 4959/1311/1 4949/1312/1
f 4958/1313/1 4949/1312/1 4950/1314/1
f 4957/1315/1 4958/1313/1 4950/1314/1
f 4957/1315/1 4950/1314/1 4951/1316/1
f 4956/1317/1 4957/1315/1 4951/1316/1
f 4956/1317/1 4951/1316/1 4952/1318/1
f 4955/1319/1 4956/1317/1 4952/1318/1
f 4955/1319/1 4952/1318/1 4953/1320/1
f 4954/1321/1 4955/1319/1 4953/1320/1
f 5064/1322/1 5065/1323/1 5091/1324/1
f 5091/1324/1 5065/1323/1 5039/1325/1
f 5091/1324/1 5039/1325/1 5040/1326/1
f 5091/1324/1 5040/1326/1 5041/1327/1
f 5091/1324/1 5041/1327/1 5042/1328/1
f 5091/1324/1 5042/1328/1 5043/1329/1
f 5091/1324/1 5043/1329/1 5044/1330/1
f 5091/1324/1 5044/1330/1 5090/1331/1
f 5090/1331/1 5044/1330/1 5089/1332/1
f 5089/1332/1 5044/1330/1 5045/1333/1
f 5064/1322/1 5091/1324/1 5092/1334/1
f 5088/1335/1 5089/1332/1 5045/1333/1
f 5087/1336/1 5088/1335/1 5045/1333/1
f 5086/1337/1 5087/1336/1 5045/1333/1
f 5086/1337/1 5045/1333/1 5046/1338/1
f 5085/1339/1 5086/1337/1 5046/1338/1
f 5084/1340/1 5085/1339/1 5046/1338/1
f 5084/1340/1 5046/1338/1 5047/1341/1
f 5083/1342/1 5084/1340/1 5047/1341/1
f 5083/1342/1 5047/1341/1 5048/1343/1
f 5082/1344/1 5083/1342/1 5048/1343/1
f 5081/1345/1 5082/1344/1 5048/1343/1
f 5081/1345/1 5048/1343/1 5049/1346/1
f 5080/1347/1 5081/1345/1 5049/1346/1
f 5080/1347/1 5049/1346/1 5050/1348/1
f 5079/1349/1 5080/1347/1 5050/1348/1
f 5079/1349/1 5050/1348/1 5051/1350/1
f 5078/1351/1 5079/1349/1 5051/1350/1
f 5077/1352/1 5078/1351/1 5051/1350/1
f 5077/1352/1 5051/1350/1 5052/1353/1
f 5076/1354/1 5077/1352/1 5052/1353/1
f 5076/1354/1 5052/1353/1 5053/1355/1
f 5075/1356/1 5076/1354/1 5053/1355/1
f 5074/1357/1 5075/1356/1 5053/1355/1
f 5074/1357/1 5053/1355/1 5054/1358/1
f 5073/1359/1 5074/1357/1 5054/1358/1
f 5073/1359/1 5054/1358/1 5055/1360/1
f 5072/1361/1 5073/1359/1 5055/1360/1
f 5071/1362/1 5072/1361/1 5055/1360/1
f 5071/1362/1 5055/1360/1 5056/1363/1
f 5070/1364/1 5071/1362/1 5056/1363/1
f 5070/1364/1 5056/1363/1 5057/1365/1
f 5069/1366/1 5070/1364/1 5057/1365/1
f 5068/1367/1 5069/1366/1 5057/1365/1
f 5068/1367/1 5057/1365/1 5058/1368/1
f 5067/1369/1 5068/1367/1 5058/1368/1
f 5066/1370/1 5067/1369/1 5058/1368/1
f 5064/1322/1 5092/1334/1 5066/1370/1
f 5064/1322/1 5066/1370/1 5058/1368/1
f 5064/1322/1 5058/1368/1 5059/1371/1
f 5064/1322/1 5059/1371/1 5060/1372/1
f 5064/1322/1 5060/1372/1 5061/1373/1
f 5064/1322/1 5061/1373/1 5062/1374/1
f 5064/1322/1 5062/1374/1 5063/1375/1
f 5176/1376/1 5177/1377/1 5178/1378/1
f 5176/1376/1 5178/1378/1 5179/1379/1
f 5176/1376/1 5179/1379/1 5180/1380/1
f 5175/1381/1 5176/1376/1 5180/1380/1
f 5175/1381/1 5180/1380/1 5181/1382/1
f 5175/1381/1 5181/1382/1 5182/1383/1
f 5175/1381/1 5182/1383/1 5183/1384/1
f 5174/1385/1 5175/1381/1 5183/1384/1
f 5174/1385/1 5183/1384/1 5184/1386/1
f 5174/1385/1 5184/1386/1 5185/1387/1
f 5174/1385/1 5185/1387/1 5186/1388/1
f 5173/1389/1 5174/1385/1 5186/1388/1
f 5173/1389/1 5186/1388/1 5187/1390/1
f 5173/1389/1 5187/1390/1 5188/1391/1
f 5173/1389/1 5188/1391/1 5189/1392/1
f 5172/1393/1 5173/1389/1 5189/1392/1
f 5172/1393/1 5189/1392/1 5100/1394/1
f 5100/1394/1 5189/1392/1 5099/1395/1
f 5099/1395/1 5189/1392/1 5098/1396/1
f 5098/1396/1 5189/1392/1 5097/1397/1
f 5097/1397/1 5189/1392/1 5096/1398/1
f 5096/1398/1 5189/1392/1 5095/1399/1
f 5095/1399/1 5189/1392/1 5094/1400/1
f 5094/1400/1 5189/1392/1 5093/1401/1
f 5093/1401/1 5189/1392/1 5190/1402/1
f 5171/1403/1 5172/1393/1 5102/1404/1
f 5102/1404/1 5172/1393/1 5101/1405/1
f 5101/1405/1 5172/1393/1 5100/1394/1
f 5170/1406/1 5171/1403/1 5104/1407/1
f 5104/1407/1 5171/1403/1 5103/1408/1
f 5103/1408/1 5171/1403/1 5102/1404/1
f 5170/1406/1 5104/1407/1 5105/1409/1
f 5170/1406/1 5105/1409/1 5106/1410/1
f 5170/1406/1 5106/1410/1 5107/1411/1
f 5169/1412/1 5170/1406/1 5107/1411/1
f 5169/1412/1 5107/1411/1 5108/1413/1
f 5169/1412/1 5108/1413/1 5109/1414/1
f 5169/1412/1 5109/1414/1 5110/1415/1
f 5168/1416/1 5169/1412/1 5110/1415/1
f 5168/1416/1 5110/1415/1 5111/1417/1
f 5168/1416/1 5111/1417/1 5112/1418/1
f 5167/1419/1 5168/1416/1 5112/1418/1
f 5167/1419/1 5112/1418/1 5113/1420/1
f 5167/1419/1 5113/1420/1 5114/1421/1
f 5166/1422/1 5167/1419/1 5114/1421/1
f 5166/1422/1 5114/1421/1 5115/1423/1
f 5165/1424/1 5166/1422/1 5115/1423/1
f 5165/1424/1 5115/1423/1 5116/1425/1
f 5165/1424/1 5116/1425/1 5117/1426/1
f 5164/1427/1 5165/1424/1 5117/1426/1
f 5164/1427/1 5117/1426/1 5118/1428/1
f 5163/1429/1 5164/1427/1 5118/1428/1
f 5163/1429/1 5118/1428/1 5119/1430/1
f 5163/1429/1 5119/1430/1 5120/1431/1
f 5162/1432/1 5163/1429/1 5120/1431/1
f 5162/1432/1 5120/1431/1 5121/1433/1
f 5162/1432/1 5121/1433/1 5122/1434/1
f 5161/1435/1 5162/1432/1 5122/1434/1
f 5161/1435/1 5122/1434/1 5123/1436/1
f 5139/1437/1 5140/1438/1 5141/1439/1
f 5161/1435/1 5123/1436/1 5124/1440/1
f 5138/1441/1 5139/1437/1 5141/1439/1
f 5160/1442/1 5161/1435/1 5124/1440/1
f 5137/1443/1 5138/1441/1 5141/1439/1
f 5160/1442/1 5124/1440/1 5125/1444/1
f 5136/1445/1 5137/1443/1 5141/1439/1
f 5135/1446/1 5136/1445/1 5141/1439/1
f 5134/1447/1 5135/1446/1 5141/1439/1
f 5160/1442/1 5125/1444/1 5126/1448/1
f 5133/1449/1 5134/1447/1 5141/1439/1
f 5132/1450/1 5133/1449/1 5141/1439/1
f 5160/1442/1 5126/1448/1 5127/1451/1
f 5131/1452/1 5132/1450/1 5141/1439/1
f 5130/1453/1 5131/1452/1 5141/1439/1
f 5160/1442/1 5127/1451/1 5128/1454/1
f 5129/1455/1 5130/1453/1 5141/1439/1
f 5159/1456/1 5160/1442/1 5128/1454/1
f 5128/1454/1 5129/1455/1 5141/1439/1
f 5159/1456/1 5128/1454/1 5141/1439/1
f 5158/1457/1 5159/1456/1 5141/1439/1
f 5157/1458/1 5158/1457/1 5141/1439/1
f 5156/1459/1 5157/1458/1 5141/1439/1
f 5156/1459/1 5141/1439/1 5142/1460/1
f 5156/1459/1 5142/1460/1 5143/1461/1
f 5156/1459/1 5143/1461/1 5144/1462/1
f 5155/1463/1 5156/1459/1 5144/1462/1
f 5155/1463/1 5144/1462/1 5145/1464/1
f 5155/1463/1 5145/1464/1 5146/1465/1
f 5155/1463/1 5146/1465/1 5147/1466/1
f 5155/1463/1 5147/1466/1 5148/1467/1
f 5154/1468/1 5155/1463/1 5148/1467/1
f 5154/1468/1 5148/1467/1 5149/1469/1
f 5154/1468/1 5149/1469/1 5150/1470/1
f 5154/1468/1 5150/1470/1 5151/1471/1
f 5153/1472/1 5154/1468/1 5151/1471/1
f 5153/1472/1 5151/1471/1 5152/1473/1
f 5199/1474/1 5200/1475/1 5201/1476/1
f 5199/1474/1 5201/1476/1 5197/1477/1
f 5197/1477/1 5201/1476/1 5196/1478/1
f 5196/1478/1 5201/1476/1 5202/1479/1
f 5202/1479/1 5203/1480/1 5204/1481/1
f 5202/1479/1 5204/1481/1 5193/1482/1
f 5193/1482/1 5204/1481/1 5192/1483/1
f 5192/1483/1 5204/1481/1 5205/1484/1
f 5199/1474/1 5197/1477/1 5198/1485/1
f 5195/1486/1 5196/1478/1 5202/1479/1
f 5202/1479/1 5193/1482/1 5194/1487/1
f 5191/1488/1 5192/1483/1 5205/1484/1
f 5195/1486/1 5202/1479/1 5194/1487/1
s 1
f 1436/1489/8 1438/1490/9 1437/1491/9 1435/1492/8
f 5209/1493/10 5211/1494/11 5210/1495/11 5208/1496/10
f 5217/1497/9 5219/1498/8 5218/1499/8 5216/1500/9
f 5845/1501/12 5733/1502/13 5732/1503/13 5844/1504/12
f 6091/1505/14 6093/1506/15 6092/1507/15 6090/1508/14
f 6093/1506/15 6095/1509/16 6094/1510/16 6092/1507/15
f 6097/1511/17 6099/1512/18 6098/1513/18 6096/1514/17
usemtl Material.003
s off
f 2935/1515/1 2929/1516/1 2930/1517/1
f 2934/1518/19 2930/1519/19 2929/1520/19
f 2933/1521/19 2929/1520/19 2931/1522/19 2943/1523/19
f 2932/1524/1 2931/1522/1 2929/1516/1
f 2935/1515/1 2932/1524/1 2929/1516/1
f 2934/1518/19 2929/1520/19 2933/1521/19
f 2936/1525/20 2935/1526/20 2930/1519/20
f 2938/1527/2 2941/1528/2 2939/1529/2
f 2939/1530/21 2942/1531/21 2940/1532/21
f 2939/1530/21 2941/1533/21 2942/1531/21
f 2943/1523/19 2942/1531/19 2941/1533/19
f 2937/1534/1 2940/1535/1 2942/1536/1
f 2937/1534/1 2942/1536/1 2931/1522/1
f 2943/1523/19 2931/1537/19 2942/1531/19
f 2938/1527/2 2943/1538/2 2941/1528/2
f 2944/1539/2 2933/1540/2 2943/1538/2
f 2944/1539/2 2943/1538/2 2938/1527/2
f 2936/1541/2 2933/1540/2 2944/1539/2
f 2932/1524/1 2937/1534/1 2931/1522/1
f 2936/1525/20 2930/1519/20 2934/1518/20
f 2936/1541/2 2934/1542/2 2933/1540/2
f 2947/1543/1 3311/1544/1 2978/1545/1
f 2950/1546/19 3299/1547/19 2994/1548/19
f 2946/1549/1 2996/1550/1 2988/1551/1
f 2950/1546/19 2994/1548/19 3300/1552/19
f 2946/1549/1 2992/1553/1 2996/1550/1
f 2953/1554/22 3019/1555/22 3232/1556/22
f 2951/1557/1 3007/1558/1 3022/1559/1
f 2955/1560/22 3047/1561/22 3024/1562/22
f 2951/1557/1 3022/1559/1 3017/1563/1
f 2955/1560/22 3024/1562/22 3035/1564/22
f 2956/1565/22 3206/1566/22 3025/1567/22
f 2958/1568/2 3074/1569/2 3050/1570/2
f 2957/1571/2 3046/1572/2 3204/1573/2
f 2958/1568/2 3050/1570/2 3070/1574/2
f 2958/1575/19 3076/1576/19 3051/1577/19
f 2959/1578/2 3202/1579/2 3060/1580/2
f 2958/1575/19 3071/1581/19 3076/1576/19
f 2953/1582/2 3230/1583/2 3097/1584/2
f 2957/1571/2 3204/1573/2 3096/1585/2
f 2963/1586/23 3188/1587/23 3118/1588/23
f 2964/1589/1 3131/1590/1 3130/1591/1
f 2964/1589/1 3130/1591/1 3153/1592/1
f 2965/1593/22 3166/1594/22 3156/1595/22
f 2956/1565/22 3151/1596/22 3206/1566/22
f 2952/1597/1 3141/1598/1 3200/1599/1
f 2965/1593/22 3156/1595/22 3177/1600/22
f 2963/1586/24 3157/1601/24 3188/1587/24
f 2959/1578/2 3176/1602/2 3202/1579/2
f 2952/1597/1 3200/1599/1 3217/1603/1
f 2953/1554/22 3232/1556/22 3219/1604/22
f 2953/1582/2 3219/1605/2 3230/1583/2
f 2967/1606/25 3248/1607/25 3289/1608/25
f 2947/1543/1 3267/1609/1 3311/1544/1
f 2967/1606/26 3289/1608/26 3278/1610/26
f 3287/1611/27 3299/1547/27 2950/1546/27
f 3286/1612/28 3312/1613/28 3287/1611/28
f 3285/1614/27 3313/1615/27 3286/1612/27
f 3284/1616/27 3315/1617/27 3285/1614/27
f 3283/1618/27 3317/1619/27 3284/1616/27
f 3282/1620/27 3319/1621/27 3283/1618/27
f 3281/1622/27 3321/1623/27 3282/1620/27
f 3280/1624/27 3323/1625/27 3281/1622/27
f 3279/1626/27 3325/1627/27 3280/1624/27
f 3278/1610/27 3327/1628/27 3279/1626/27
f 3287/1611/29 3312/1613/29 3299/1547/29
f 3312/1613/25 3298/1629/25 3299/1547/25
f 3286/1612/30 3313/1615/30 3312/1613/30
f 3312/1613/25 3314/1630/25 3298/1629/25
f 3314/1630/25 3297/1631/25 3298/1629/25
f 3285/1614/27 3315/1617/27 3313/1615/27
f 3314/1630/25 3316/1632/25 3297/1631/25
f 3316/1632/25 3296/1633/25 3297/1631/25
f 3284/1616/27 3317/1619/27 3315/1617/27
f 3316/1632/25 3318/1634/25 3296/1633/25
f 3318/1634/25 3295/1635/25 3296/1633/25
f 3283/1618/27 3319/1621/27 3317/1619/27
f 3318/1634/25 3320/1636/25 3295/1635/25
f 3320/1636/25 3294/1637/25 3295/1635/25
f 3282/1620/27 3321/1623/27 3319/1621/27
f 3320/1636/25 3322/1638/25 3294/1637/25
f 3322/1638/25 3293/1639/25 3294/1637/25
f 3281/1622/27 3323/1625/27 3321/1623/27
f 3322/1638/25 3324/1640/25 3293/1639/25
f 3324/1640/25 3292/1641/25 3293/1639/25
f 3280/1624/27 3325/1627/27 3323/1625/27
f 3324/1640/25 3326/1642/25 3292/1641/25
f 3326/1642/25 3291/1643/25 3292/1641/25
f 3279/1626/27 3327/1628/27 3325/1627/27
f 3326/1642/25 3328/1644/25 3291/1643/25
f 3328/1644/25 3290/1645/25 3291/1643/25
f 3278/1610/31 3289/1608/31 3327/1628/31
f 3328/1644/25 3288/1646/25 3290/1645/25
f 3288/1646/25 2947/1543/25 3290/1645/25
f 3310/1647/1 3277/1648/1 2949/1649/1
f 3310/1647/1 3329/1650/1 3277/1648/1
f 3329/1650/1 3276/1651/1 3277/1648/1
f 3329/1650/1 3330/1652/1 3276/1651/1
f 3330/1652/1 3275/1653/1 3276/1651/1
f 3330/1652/1 3331/1654/1 3275/1653/1
f 3331/1654/1 3274/1655/1 3275/1653/1
f 3331/1654/1 3332/1656/1 3274/1655/1
f 3332/1656/1 3273/1657/1 3274/1655/1
f 3332/1656/1 3333/1658/1 3273/1657/1
f 3333/1658/1 3272/1659/1 3273/1657/1
f 3333/1658/1 3334/1660/1 3272/1659/1
f 3334/1660/1 3271/1661/1 3272/1659/1
f 3334/1660/1 3335/1662/1 3271/1661/1
f 3335/1662/1 3270/1663/1 3271/1661/1
f 3335/1662/1 3336/1664/1 3270/1663/1
f 3336/1664/1 3269/1665/1 3270/1663/1
f 3336/1664/1 3345/1666/1 3269/1665/1
f 3345/1666/1 3268/1667/1 3269/1665/1
f 3311/1544/1 3267/1609/1 3337/1668/1
f 3267/1609/1 3266/1669/1 3337/1668/1
f 3337/1668/1 3266/1669/1 3338/1670/1
f 3266/1669/1 3265/1671/1 3338/1670/1
f 3338/1670/1 3265/1671/1 3339/1672/1
f 3265/1671/1 3264/1673/1 3339/1672/1
f 3339/1672/1 3264/1673/1 3340/1674/1
f 3264/1673/1 3263/1675/1 3340/1674/1
f 3340/1674/1 3263/1675/1 3341/1676/1
f 3263/1675/1 3262/1677/1 3341/1676/1
f 3341/1676/1 3262/1677/1 3342/1678/1
f 3262/1677/1 3261/1679/1 3342/1678/1
f 3342/1678/1 3261/1679/1 3343/1680/1
f 3261/1679/1 3260/1681/1 3343/1680/1
f 3343/1680/1 3260/1681/1 3344/1682/1
f 3260/1681/1 3259/1683/1 3344/1682/1
f 3344/1682/1 3259/1683/1 3345/1666/1
f 3259/1683/1 3258/1684/1 3345/1666/1
f 3345/1666/2 3258/1684/2 3268/1667/2
f 3258/1684/1 2968/1685/1 3268/1667/1
f 3288/1646/26 3267/1609/26 2947/1543/26
f 3288/1646/31 3346/1686/31 3267/1609/31
f 3346/1686/27 3266/1669/27 3267/1609/27
f 3346/1686/27 3347/1687/27 3266/1669/27
f 3347/1687/27 3265/1671/27 3266/1669/27
f 3347/1687/27 3348/1688/27 3265/1671/27
f 3348/1688/27 3264/1673/27 3265/1671/27
f 3348/1688/27 3349/1689/27 3264/1673/27
f 3349/1689/27 3263/1675/27 3264/1673/27
f 3349/1689/27 3350/1690/27 3263/1675/27
f 3350/1690/27 3262/1677/27 3263/1675/27
f 3350/1690/27 3351/1691/27 3262/1677/27
f 3351/1691/27 3261/1679/27 3262/1677/27
f 3351/1691/27 3352/1692/27 3261/1679/27
f 3352/1692/27 3260/1681/27 3261/1679/27
f 3352/1692/27 3353/1693/27 3260/1681/27
f 3353/1693/27 3259/1683/27 3260/1681/27
f 3353/1693/30 3362/1694/30 3259/1683/30
f 3362/1694/28 3258/1684/28 3259/1683/28
f 3289/1608/25 3248/1607/25 3354/1695/25
f 3248/1607/25 3249/1696/25 3354/1695/25
f 3354/1695/25 3249/1696/25 3355/1697/25
f 3249/1696/25 3250/1698/25 3355/1697/25
f 3355/1697/25 3250/1698/25 3356/1699/25
f 3250/1698/25 3251/1700/25 3356/1699/25
f 3356/1699/25 3251/1700/25 3357/1701/25
f 3251/1700/25 3252/1702/25 3357/1701/25
f 3357/1701/25 3252/1702/25 3358/1703/25
f 3252/1702/25 3253/1704/25 3358/1703/25
f 3358/1703/25 3253/1704/25 3359/1705/25
f 3253/1704/25 3254/1706/25 3359/1705/25
f 3359/1705/25 3254/1706/25 3360/1707/25
f 3254/1706/25 3255/1708/25 3360/1707/25
f 3360/1707/25 3255/1708/25 3361/1709/25
f 3255/1708/25 3256/1710/25 3361/1709/25
f 3361/1709/25 3256/1710/25 3362/1694/25
f 3256/1710/25 3257/1711/25 3362/1694/25
f 3362/1694/29 3257/1711/29 3258/1684/29
f 3257/1711/27 2968/1685/27 3258/1684/27
f 3245/1712/2 3309/1713/2 2948/1714/2
f 3245/1712/2 3363/1715/2 3309/1713/2
f 3363/1715/2 3308/1716/2 3309/1713/2
f 3363/1715/2 3364/1717/2 3308/1716/2
f 3364/1717/2 3307/1718/2 3308/1716/2
f 3364/1717/2 3365/1719/2 3307/1718/2
f 3365/1719/2 3306/1720/2 3307/1718/2
f 3365/1719/2 3366/1721/2 3306/1720/2
f 3366/1721/2 3305/1722/2 3306/1720/2
f 3366/1721/2 3367/1723/2 3305/1722/2
f 3367/1723/2 3304/1724/2 3305/1722/2
f 3367/1723/2 3368/1725/2 3304/1724/2
f 3368/1725/2 3303/1726/2 3304/1724/2
f 3368/1725/2 3369/1727/2 3303/1726/2
f 3369/1727/2 3302/1728/2 3303/1726/2
f 3369/1727/2 3370/1729/2 3302/1728/2
f 3370/1729/2 3301/1730/2 3302/1728/2
f 3370/1729/2 3371/1731/2 3301/1730/2
f 3371/1731/2 3300/1732/2 3301/1730/2
f 3371/1731/2 3246/1733/2 3300/1732/2
f 3246/1733/2 2950/1546/2 3300/1732/2
f 3247/1734/22 3268/1735/22 2968/1685/22
f 3247/1734/22 3372/1736/22 3268/1735/22
f 3372/1736/22 3269/1737/22 3268/1735/22
f 3372/1736/22 3373/1738/22 3269/1737/22
f 3373/1738/22 3270/1739/22 3269/1737/22
f 3373/1738/22 3374/1740/22 3270/1739/22
f 3374/1740/22 3271/1741/22 3270/1739/22
f 3374/1740/22 3375/1742/22 3271/1741/22
f 3375/1742/22 3272/1743/22 3271/1741/22
f 3375/1742/22 3376/1744/22 3272/1743/22
f 3376/1744/22 3273/1745/22 3272/1743/22
f 3376/1744/22 3377/1746/22 3273/1745/22
f 3377/1746/22 3274/1747/22 3273/1745/22
f 3377/1746/22 3378/1748/22 3274/1747/22
f 3378/1748/22 3275/1749/22 3274/1747/22
f 3378/1748/22 3379/1750/22 3275/1749/22
f 3379/1750/22 3276/1751/22 3275/1749/22
f 3379/1750/22 3380/1752/22 3276/1751/22
f 3380/1752/22 3277/1753/22 3276/1751/22
f 3380/1752/22 3243/1754/22 3277/1753/22
f 3243/1754/22 2949/1755/22 3277/1753/22
f 3246/1733/2 3287/1611/2 2950/1546/2
f 3246/1733/2 3381/1756/2 3287/1611/2
f 3381/1756/2 3286/1612/2 3287/1611/2
f 3381/1756/2 3382/1757/2 3286/1612/2
f 3382/1757/2 3285/1614/2 3286/1612/2
f 3382/1757/2 3383/1758/2 3285/1614/2
f 3383/1758/2 3284/1616/2 3285/1614/2
f 3383/1758/2 3384/1759/2 3284/1616/2
f 3384/1759/2 3283/1618/2 3284/1616/2
f 3384/1759/2 3385/1760/2 3283/1618/2
f 3385/1760/2 3282/1620/2 3283/1618/2
f 3385/1760/2 3386/1761/2 3282/1620/2
f 3386/1761/2 3281/1622/2 3282/1620/2
f 3386/1761/2 3387/1762/2 3281/1622/2
f 3387/1762/2 3280/1624/2 3281/1622/2
f 3387/1762/2 3388/1763/2 3280/1624/2
f 3388/1763/2 3279/1626/2 3280/1624/2
f 3388/1763/2 3397/1764/2 3279/1626/2
f 3397/1764/2 3278/1610/2 3279/1626/2
f 3389/1765/2 3233/1766/2 3390/1767/2
f 3233/1766/2 3234/1768/2 3390/1767/2
f 3390/1767/2 3234/1768/2 3391/1769/2
f 3234/1768/2 3235/1770/2 3391/1769/2
f 3391/1769/2 3235/1770/2 3392/1771/2
f 3235/1770/2 3236/1772/2 3392/1771/2
f 3392/1771/2 3236/1772/2 3393/1773/2
f 3236/1772/2 3237/1774/2 3393/1773/2
f 3393/1773/2 3237/1774/2 3394/1775/2
f 3237/1774/2 3238/1776/2 3394/1775/2
f 3394/1775/2 3238/1776/2 3395/1777/2
f 3238/1776/2 3239/1778/2 3395/1777/2
f 3395/1777/2 3239/1778/2 3396/1779/2
f 3239/1778/2 3240/1780/2 3396/1779/2
f 3396/1779/2 3240/1780/2 3397/1764/2
f 3240/1780/2 3241/1781/2 3397/1764/2
f 3397/1764/1 3241/1781/1 3278/1610/1
f 3241/1781/2 2967/1606/2 3278/1610/2
f 3241/1782/22 3248/1607/22 2967/1606/22
f 3240/1783/22 3398/1784/22 3241/1782/22
f 3239/1785/22 3399/1786/22 3240/1783/22
f 3238/1787/22 3401/1788/22 3239/1785/22
f 3237/1789/22 3403/1790/22 3238/1787/22
f 3236/1791/22 3405/1792/22 3237/1789/22
f 3235/1793/22 3407/1794/22 3236/1791/22
f 3234/1795/22 3409/1796/22 3235/1793/22
f 3233/1797/22 3411/1798/22 3234/1795/22
f 3241/1782/22 3398/1784/22 3248/1607/22
f 3398/1784/22 3249/1696/22 3248/1607/22
f 3240/1783/22 3399/1786/22 3398/1784/22
f 3398/1784/22 3400/1799/22 3249/1696/22
f 3400/1799/22 3250/1698/22 3249/1696/22
f 3239/1785/22 3401/1788/22 3399/1786/22
f 3400/1799/22 3402/1800/22 3250/1698/22
f 3402/1800/22 3251/1700/22 3250/1698/22
f 3238/1787/22 3403/1790/22 3401/1788/22
f 3402/1800/22 3404/1801/22 3251/1700/22
f 3404/1801/22 3252/1702/22 3251/1700/22
f 3237/1789/22 3405/1792/22 3403/1790/22
f 3404/1801/22 3406/1802/22 3252/1702/22
f 3406/1802/22 3253/1704/22 3252/1702/22
f 3236/1791/22 3407/1794/22 3405/1792/22
f 3406/1802/22 3408/1803/22 3253/1704/22
f 3408/1803/22 3254/1706/22 3253/1704/22
f 3235/1793/22 3409/1796/22 3407/1794/22
f 3408/1803/22 3410/1804/22 3254/1706/22
f 3410/1804/22 3255/1708/22 3254/1706/22
f 3234/1795/22 3411/1798/22 3409/1796/22
f 3410/1804/22 3412/1805/22 3255/1708/22
f 3412/1805/22 3256/1710/22 3255/1708/22
f 3233/1797/22 3413/1806/22 3411/1798/22
f 3412/1805/22 3414/1807/22 3256/1710/22
f 3414/1807/22 3257/1711/22 3256/1710/22
f 3414/1807/22 3247/1734/22 3257/1711/22
f 3247/1734/22 2968/1685/22 3257/1711/22
f 3229/1808/2 3245/1712/2 2948/1714/2
f 3230/1583/2 3219/1605/2 3415/1809/2
f 3219/1605/2 3220/1810/2 3415/1809/2
f 3415/1809/2 3220/1810/2 3416/1811/2
f 3220/1810/2 3221/1812/2 3416/1811/2
f 3416/1811/2 3221/1812/2 3417/1813/2
f 3221/1812/2 3222/1814/2 3417/1813/2
f 3417/1813/2 3222/1814/2 3418/1815/2
f 3222/1814/2 3223/1816/2 3418/1815/2
f 3418/1815/2 3223/1816/2 3419/1817/2
f 3223/1816/2 3224/1818/2 3419/1817/2
f 3419/1817/2 3224/1818/2 3420/1819/2
f 3224/1818/2 3225/1820/2 3420/1819/2
f 3420/1819/2 3225/1820/2 3421/1821/2
f 3225/1820/2 3226/1822/2 3421/1821/2
f 3421/1821/2 3226/1822/2 3422/1823/2
f 3226/1822/2 3227/1824/2 3422/1823/2
f 3422/1823/2 3227/1824/2 3423/1825/2
f 3227/1824/2 3228/1826/2 3423/1825/2
f 3423/1825/2 3228/1826/2 3244/1827/2
f 3228/1826/2 2966/1828/2 3244/1827/2
f 3228/1829/22 3242/1830/22 2966/1831/22
f 3227/1832/22 3424/1833/22 3228/1829/22
f 3226/1834/22 3425/1835/22 3227/1832/22
f 3225/1836/22 3426/1837/22 3226/1834/22
f 3224/1838/22 3427/1839/22 3225/1836/22
f 3223/1840/22 3428/1841/22 3224/1838/22
f 3222/1842/22 3429/1843/22 3223/1840/22
f 3221/1844/22 3430/1845/22 3222/1842/22
f 3220/1846/22 3431/1847/22 3221/1844/22
f 3219/1604/22 3432/1848/22 3220/1846/22
f 3228/1829/22 3424/1833/22 3242/1830/22
f 3227/1832/22 3425/1835/22 3424/1833/22
f 3226/1834/22 3426/1837/22 3425/1835/22
f 3225/1836/22 3427/1839/22 3426/1837/22
f 3224/1838/22 3428/1841/22 3427/1839/22
f 3223/1840/22 3429/1843/22 3428/1841/22
f 3222/1842/22 3430/1845/22 3429/1843/22
f 3221/1844/22 3431/1847/22 3430/1845/22
f 3220/1846/22 3432/1848/22 3431/1847/22
f 3219/1604/22 3232/1556/22 3432/1848/22
f 3231/1849/22 2949/1755/22 3243/1754/22
f 3218/1850/1 3198/1851/1 2954/1852/1
f 3218/1850/1 3433/1853/1 3198/1851/1
f 3433/1853/1 3197/1854/1 3198/1851/1
f 3433/1853/1 3434/1855/1 3197/1854/1
f 3434/1855/1 3196/1856/1 3197/1854/1
f 3434/1855/1 3435/1857/1 3196/1856/1
f 3435/1857/1 3195/1858/1 3196/1856/1
f 3435/1857/1 3436/1859/1 3195/1858/1
f 3436/1859/1 3194/1860/1 3195/1858/1
f 3436/1859/1 3437/1861/1 3194/1860/1
f 3437/1861/1 3193/1862/1 3194/1860/1
f 3437/1861/1 3438/1863/1 3193/1862/1
f 3438/1863/1 3192/1864/1 3193/1862/1
f 3438/1863/1 3439/1865/1 3192/1864/1
f 3439/1865/1 3191/1866/1 3192/1864/1
f 3439/1865/1 3440/1867/1 3191/1866/1
f 3440/1867/1 3190/1868/1 3191/1866/1
f 3440/1867/1 3441/1869/1 3190/1868/1
f 3441/1869/1 3189/1870/1 3190/1868/1
f 3441/1869/1 3199/1871/1 3189/1870/1
f 3199/1871/1 2960/1872/1 3189/1870/1
f 3201/1873/2 3186/1874/2 2956/1875/2
f 3201/1873/2 3442/1876/2 3186/1874/2
f 3442/1876/2 3185/1877/2 3186/1874/2
f 3442/1876/2 3443/1878/2 3185/1877/2
f 3443/1878/2 3184/1879/2 3185/1877/2
f 3443/1878/2 3444/1880/2 3184/1879/2
f 3444/1880/2 3183/1881/2 3184/1879/2
f 3444/1880/2 3445/1882/2 3183/1881/2
f 3445/1882/2 3182/1883/2 3183/1881/2
f 3445/1882/2 3446/1884/2 3182/1883/2
f 3446/1884/2 3181/1885/2 3182/1883/2
f 3446/1884/2 3447/1886/2 3181/1885/2
f 3447/1886/2 3180/1887/2 3181/1885/2
f 3447/1886/2 3448/1888/2 3180/1887/2
f 3448/1888/2 3179/1889/2 3180/1887/2
f 3448/1888/2 3449/1890/2 3179/1889/2
f 3449/1890/2 3178/1891/2 3179/1889/2
f 3449/1890/2 3458/1892/2 3178/1891/2
f 3458/1892/2 3177/1893/2 3178/1891/2
f 3202/1579/2 3176/1602/2 3450/1894/2
f 3176/1602/2 3175/1895/2 3450/1894/2
f 3450/1894/2 3175/1895/2 3451/1896/2
f 3175/1895/2 3174/1897/2 3451/1896/2
f 3451/1896/2 3174/1897/2 3452/1898/2
f 3174/1897/2 3173/1899/2 3452/1898/2
f 3452/1898/2 3173/1899/2 3453/1900/2
f 3173/1899/2 3172/1901/2 3453/1900/2
f 3453/1900/2 3172/1901/2 3454/1902/2
f 3172/1901/2 3171/1903/2 3454/1902/2
f 3454/1902/2 3171/1903/2 3455/1904/2
f 3171/1903/2 3170/1905/2 3455/1904/2
f 3455/1904/2 3170/1905/2 3456/1906/2
f 3170/1905/2 3169/1907/2 3456/1906/2
f 3456/1906/2 3169/1907/2 3457/1908/2
f 3169/1907/2 3168/1909/2 3457/1908/2
f 3457/1908/2 3168/1909/2 3458/1892/2
f 3168/1909/2 3167/1910/2 3458/1892/2
f 3458/1892/1 3167/1910/1 3177/1893/1
f 3167/1910/2 2965/1911/2 3177/1893/2
f 3187/1912/23 3176/1602/23 2959/1578/23
f 3187/1912/32 3459/1913/32 3176/1602/32
f 3459/1913/33 3175/1895/33 3176/1602/33
f 3459/1913/33 3460/1914/33 3175/1895/33
f 3460/1914/33 3174/1897/33 3175/1895/33
f 3460/1914/33 3461/1915/33 3174/1897/33
f 3461/1915/33 3173/1899/33 3174/1897/33
f 3461/1915/33 3462/1916/33 3173/1899/33
f 3462/1916/33 3172/1901/33 3173/1899/33
f 3462/1916/33 3463/1917/33 3172/1901/33
f 3463/1917/33 3171/1903/33 3172/1901/33
f 3463/1917/33 3464/1918/33 3171/1903/33
f 3464/1918/33 3170/1905/33 3171/1903/33
f 3464/1918/33 3465/1919/33 3170/1905/33
f 3465/1919/33 3169/1907/33 3170/1905/33
f 3465/1919/33 3466/1920/33 3169/1907/33
f 3466/1920/33 3168/1909/33 3169/1907/33
f 3466/1920/34 3475/1921/34 3168/1909/34
f 3475/1921/35 3167/1910/35 3168/1909/35
f 3188/1587/24 3157/1601/24 3467/1922/24
f 3157/1601/24 3158/1923/24 3467/1922/24
f 3467/1922/24 3158/1923/24 3468/1924/24
f 3158/1923/24 3159/1925/24 3468/1924/24
f 3468/1924/24 3159/1925/24 3469/1926/24
f 3159/1925/24 3160/1927/24 3469/1926/24
f 3469/1926/24 3160/1927/24 3470/1928/24
f 3160/1927/24 3161/1929/24 3470/1928/24
f 3470/1928/24 3161/1929/24 3471/1930/24
f 3161/1929/24 3162/1931/24 3471/1930/24
f 3471/1930/24 3162/1931/24 3472/1932/24
f 3162/1931/24 3163/1933/24 3472/1932/24
f 3472/1932/24 3163/1933/24 3473/1934/24
f 3163/1933/24 3164/1935/24 3473/1934/24
f 3473/1934/24 3164/1935/24 3474/1936/24
f 3164/1935/24 3165/1937/24 3474/1936/24
f 3474/1936/24 3165/1937/24 3475/1921/24
f 3165/1937/24 3166/1938/24 3475/1921/24
f 3475/1921/36 3166/1938/36 3167/1910/36
f 3166/1938/33 2965/1911/33 3167/1910/33
f 3186/1939/22 3151/1596/22 2956/1565/22
f 3185/1940/22 3476/1941/22 3186/1939/22
f 3184/1942/22 3477/1943/22 3185/1940/22
f 3183/1944/22 3478/1945/22 3184/1942/22
f 3182/1946/22 3479/1947/22 3183/1944/22
f 3181/1948/22 3480/1949/22 3182/1946/22
f 3180/1950/22 3481/1951/22 3181/1948/22
f 3179/1952/22 3482/1953/22 3180/1950/22
f 3178/1954/22 3483/1955/22 3179/1952/22
f 3177/1600/22 3484/1956/22 3178/1954/22
f 3186/1939/22 3476/1941/22 3151/1596/22
f 3185/1940/22 3477/1943/22 3476/1941/22
f 3184/1942/22 3478/1945/22 3477/1943/22
f 3183/1944/22 3479/1947/22 3478/1945/22
f 3182/1946/22 3480/1949/22 3479/1947/22
f 3181/1948/22 3481/1951/22 3480/1949/22
f 3180/1950/22 3482/1953/22 3481/1951/22
f 3179/1952/22 3483/1955/22 3482/1953/22
f 3178/1954/22 3484/1956/22 3483/1955/22
f 3177/1600/22 3156/1595/22 3484/1956/22
f 3155/1957/22 2964/1958/22 3152/1959/22
f 3199/1871/1 3154/1960/1 2960/1872/1
f 3200/1599/1 3141/1598/1 3485/1961/1
f 3141/1598/1 3142/1962/1 3485/1961/1
f 3485/1961/1 3142/1962/1 3486/1963/1
f 3142/1962/1 3143/1964/1 3486/1963/1
f 3486/1963/1 3143/1964/1 3487/1965/1
f 3143/1964/1 3144/1966/1 3487/1965/1
f 3487/1965/1 3144/1966/1 3488/1967/1
f 3144/1966/1 3145/1968/1 3488/1967/1
f 3488/1967/1 3145/1968/1 3489/1969/1
f 3145/1968/1 3146/1970/1 3489/1969/1
f 3489/1969/1 3146/1970/1 3490/1971/1
f 3146/1970/1 3147/1972/1 3490/1971/1
f 3490/1971/1 3147/1972/1 3491/1973/1
f 3147/1972/1 3148/1974/1 3491/1973/1
f 3491/1973/1 3148/1974/1 3492/1975/1
f 3148/1974/1 3149/1976/1 3492/1975/1
f 3492/1975/1 3149/1976/1 3493/1977/1
f 3149/1976/1 3150/1978/1 3493/1977/1
f 3493/1977/1 3150/1978/1 3153/1592/1
f 3150/1978/1 2964/1589/1 3153/1592/1
f 3205/1979/22 3141/1980/22 2952/1981/22
f 3494/1982/22 3142/1983/22 3141/1980/22
f 3494/1982/22 3495/1984/22 3142/1983/22
f 3495/1984/22 3143/1985/22 3142/1983/22
f 3495/1984/22 3496/1986/22 3143/1985/22
f 3496/1986/22 3144/1987/22 3143/1985/22
f 3496/1986/22 3497/1988/22 3144/1987/22
f 3497/1988/22 3145/1989/22 3144/1987/22
f 3497/1988/22 3498/1990/22 3145/1989/22
f 3498/1990/22 3146/1991/22 3145/1989/22
f 3498/1990/22 3499/1992/22 3146/1991/22
f 3499/1992/22 3147/1993/22 3146/1991/22
f 3499/1992/22 3500/1994/22 3147/1993/22
f 3500/1994/22 3148/1995/22 3147/1993/22
f 3500/1994/22 3501/1996/22 3148/1995/22
f 3501/1996/22 3149/1997/22 3148/1995/22
f 3501/1996/22 3502/1998/22 3149/1997/22
f 3502/1998/22 3150/1999/22 3149/1997/22
f 3502/1998/22 3152/1959/22 3150/1999/22
f 3152/1959/22 2964/1958/22 3150/1999/22
f 3155/1957/22 3131/2000/22 2964/1958/22
f 3155/1957/22 3503/2001/22 3131/2000/22
f 3503/2001/22 3132/2002/22 3131/2000/22
f 3503/2001/22 3504/2003/22 3132/2002/22
f 3504/2003/22 3133/2004/22 3132/2002/22
f 3504/2003/22 3505/2005/22 3133/2004/22
f 3505/2005/22 3134/2006/22 3133/2004/22
f 3505/2005/22 3506/2007/22 3134/2006/22
f 3506/2007/22 3135/2008/22 3134/2006/22
f 3506/2007/22 3507/2009/22 3135/2008/22
f 3507/2009/22 3136/2010/22 3135/2008/22
f 3507/2009/22 3508/2011/22 3136/2010/22
f 3508/2011/22 3137/2012/22 3136/2010/22
f 3508/2011/22 3509/2013/22 3137/2012/22
f 3509/2013/22 3138/2014/22 3137/2012/22
f 3509/2013/22 3510/2015/22 3138/2014/22
f 3510/2015/22 3139/2016/22 3138/2014/22
f 3510/2015/22 3519/2017/22 3139/2016/22
f 3519/2017/22 3140/2018/22 3139/2016/22
f 3156/1595/22 3166/1594/22 3511/2019/22
f 3166/1594/22 3165/2020/22 3511/2019/22
f 3511/2019/22 3165/2020/22 3512/2021/22
f 3165/2020/22 3164/2022/22 3512/2021/22
f 3512/2021/22 3164/2022/22 3513/2023/22
f 3164/2022/22 3163/2024/22 3513/2023/22
f 3513/2023/22 3163/2024/22 3514/2025/22
f 3163/2024/22 3162/2026/22 3514/2025/22
f 3514/2025/22 3162/2026/22 3515/2027/22
f 3162/2026/22 3161/2028/22 3515/2027/22
f 3515/2027/22 3161/2028/22 3516/2029/22
f 3161/2028/22 3160/2030/22 3516/2029/22
f 3516/2029/22 3160/2030/22 3517/2031/22
f 3160/2030/22 3159/2032/22 3517/2031/22
f 3517/2031/22 3159/2032/22 3518/2033/22
f 3159/2032/22 3158/2034/22 3518/2033/22
f 3518/2033/22 3158/2034/22 3519/2017/22
f 3158/2034/22 3157/2035/22 3519/2017/22
f 3519/2017/22 3157/2035/22 3140/2018/22
f 3157/2035/22 2963/2036/22 3140/2018/22
f 3154/1960/1 3128/2037/1 2960/1872/1
f 3154/1960/1 3520/2038/1 3128/2037/1
f 3520/2038/1 3127/2039/1 3128/2037/1
f 3520/2038/1 3521/2040/1 3127/2039/1
f 3521/2040/1 3126/2041/1 3127/2039/1
f 3521/2040/1 3522/2042/1 3126/2041/1
f 3522/2042/1 3125/2043/1 3126/2041/1
f 3522/2042/1 3523/2044/1 3125/2043/1
f 3523/2044/1 3124/2045/1 3125/2043/1
f 3523/2044/1 3524/2046/1 3124/2045/1
f 3524/2046/1 3123/2047/1 3124/2045/1
f 3524/2046/1 3525/2048/1 3123/2047/1
f 3525/2048/1 3122/2049/1 3123/2047/1
f 3525/2048/1 3526/2050/1 3122/2049/1
f 3526/2050/1 3121/2051/1 3122/2049/1
f 3526/2050/1 3527/2052/1 3121/2051/1
f 3527/2052/1 3120/2053/1 3121/2051/1
f 3527/2052/1 3528/2054/1 3120/2053/1
f 3528/2054/1 3119/2055/1 3120/2053/1
f 3528/2054/1 3129/2056/1 3119/2055/1
f 3129/2056/1 2961/2057/1 3119/2055/1
f 3129/2056/1 3109/2058/1 2961/2057/1
f 3129/2056/1 3529/2059/1 3109/2058/1
f 3529/2059/1 3110/2060/1 3109/2058/1
f 3529/2059/1 3530/2061/1 3110/2060/1
f 3530/2061/1 3111/2062/1 3110/2060/1
f 3530/2061/1 3531/2063/1 3111/2062/1
f 3531/2063/1 3112/2064/1 3111/2062/1
f 3531/2063/1 3532/2065/1 3112/2064/1
f 3532/2065/1 3113/2066/1 3112/2064/1
f 3532/2065/1 3533/2067/1 3113/2066/1
f 3533/2067/1 3114/2068/1 3113/2066/1
f 3533/2067/1 3534/2069/1 3114/2068/1
f 3534/2069/1 3115/2070/1 3114/2068/1
f 3534/2069/1 3535/2071/1 3115/2070/1
f 3535/2071/1 3116/2072/1 3115/2070/1
f 3535/2071/1 3536/2073/1 3116/2072/1
f 3536/2073/1 3117/2074/1 3116/2072/1
f 3536/2073/1 3545/2075/1 3117/2074/1
f 3545/2075/1 3118/2076/1 3117/2074/1
f 3130/1591/1 3131/1590/1 3537/2077/1
f 3131/1590/1 3132/2078/1 3537/2077/1
f 3537/2077/1 3132/2078/1 3538/2079/1
f 3132/2078/1 3133/2080/1 3538/2079/1
f 3538/2079/1 3133/2080/1 3539/2081/1
f 3133/2080/1 3134/2082/1 3539/2081/1
f 3539/2081/1 3134/2082/1 3540/2083/1
f 3134/2082/1 3135/2084/1 3540/2083/1
f 3540/2083/1 3135/2084/1 3541/2085/1
f 3135/2084/1 3136/2086/1 3541/2085/1
f 3541/2085/1 3136/2086/1 3542/2087/1
f 3136/2086/1 3137/2088/1 3542/2087/1
f 3542/2087/1 3137/2088/1 3543/2089/1
f 3137/2088/1 3138/2090/1 3543/2089/1
f 3543/2089/1 3138/2090/1 3544/2091/1
f 3138/2090/1 3139/2092/1 3544/2091/1
f 3544/2091/1 3139/2092/1 3545/2075/1
f 3139/2092/1 3140/2093/1 3545/2075/1
f 3545/2075/2 3140/2093/2 3118/2076/2
f 3140/2093/1 2963/2094/1 3118/2076/1
f 3109/2095/33 3108/2096/33 2961/2097/33
f 3110/2098/35 3546/2099/35 3109/2095/35
f 3111/2100/33 3547/2101/33 3110/2098/33
f 3112/2102/33 3549/2103/33 3111/2100/33
f 3113/2104/33 3551/2105/33 3112/2102/33
f 3114/2106/33 3553/2107/33 3113/2104/33
f 3115/2108/33 3555/2109/33 3114/2106/33
f 3116/2110/33 3557/2111/33 3115/2108/33
f 3117/2112/33 3559/2113/33 3116/2110/33
f 3118/1588/33 3561/2114/33 3117/2112/33
f 3109/2095/36 3546/2099/36 3108/2096/36
f 3546/2099/24 3107/2115/24 3108/2096/24
f 3110/2098/34 3547/2101/34 3546/2099/34
f 3546/2099/24 3548/2116/24 3107/2115/24
f 3548/2116/24 3106/2117/24 3107/2115/24
f 3111/2100/33 3549/2103/33 3547/2101/33
f 3548/2116/24 3550/2118/24 3106/2117/24
f 3550/2118/24 3105/2119/24 3106/2117/24
f 3112/2102/33 3551/2105/33 3549/2103/33
f 3550/2118/24 3552/2120/24 3105/2119/24
f 3552/2120/24 3104/2121/24 3105/2119/24
f 3113/2104/33 3553/2107/33 3551/2105/33
f 3552/2120/24 3554/2122/24 3104/2121/24
f 3554/2122/24 3103/2123/24 3104/2121/24
f 3114/2106/33 3555/2109/33 3553/2107/33
f 3554/2122/24 3556/2124/24 3103/2123/24
f 3556/2124/24 3102/2125/24 3103/2123/24
f 3115/2108/33 3557/2111/33 3555/2109/33
f 3556/2124/24 3558/2126/24 3102/2125/24
f 3558/2126/24 3101/2127/24 3102/2125/24
f 3116/2110/33 3559/2113/33 3557/2111/33
f 3558/2126/24 3560/2128/24 3101/2127/24
f 3560/2128/24 3100/2129/24 3101/2127/24
f 3117/2112/33 3561/2114/33 3559/2113/33
f 3560/2128/24 3562/2130/24 3100/2129/24
f 3562/2130/24 3099/2131/24 3100/2129/24
f 3118/1588/32 3188/1587/32 3561/2114/32
f 3562/2130/24 3187/1912/24 3099/2131/24
f 3187/1912/24 2959/1578/24 3099/2131/24
f 3087/2132/2 3098/2133/2 2962/2134/2
f 3088/2135/2 3563/2136/2 3087/2132/2
f 3089/2137/2 3564/2138/2 3088/2135/2
f 3090/2139/2 3565/2140/2 3089/2137/2
f 3091/2141/2 3566/2142/2 3090/2139/2
f 3092/2143/2 3567/2144/2 3091/2141/2
f 3093/2145/2 3568/2146/2 3092/2143/2
f 3094/2147/2 3569/2148/2 3093/2145/2
f 3095/2149/2 3570/2150/2 3094/2147/2
f 3096/1585/2 3571/2151/2 3095/2149/2
f 3087/2132/2 3563/2136/2 3098/2133/2
f 3088/2135/2 3564/2138/2 3563/2136/2
f 3089/2137/2 3565/2140/2 3564/2138/2
f 3090/2139/2 3566/2142/2 3565/2140/2
f 3091/2141/2 3567/2144/2 3566/2142/2
f 3092/2143/2 3568/2146/2 3567/2144/2
f 3093/2145/2 3569/2148/2 3568/2146/2
f 3094/2147/2 3570/2150/2 3569/2148/2
f 3095/2149/2 3571/2151/2 3570/2150/2
f 3096/1585/2 3204/1573/2 3571/2151/2
f 3203/2152/2 2953/1582/2 3097/1584/2
f 3098/2133/2 3086/2153/2 2962/2134/2
f 3098/2133/2 3572/2154/2 3086/2153/2
f 3572/2154/2 3085/2155/2 3086/2153/2
f 3572/2154/2 3573/2156/2 3085/2155/2
f 3573/2156/2 3084/2157/2 3085/2155/2
f 3573/2156/2 3574/2158/2 3084/2157/2
f 3574/2158/2 3083/2159/2 3084/2157/2
f 3574/2158/2 3575/2160/2 3083/2159/2
f 3575/2160/2 3082/2161/2 3083/2159/2
f 3575/2160/2 3576/2162/2 3082/2161/2
f 3576/2162/2 3081/2163/2 3082/2161/2
f 3576/2162/2 3577/2164/2 3081/2163/2
f 3577/2164/2 3080/2165/2 3081/2163/2
f 3577/2164/2 3578/2166/2 3080/2165/2
f 3578/2166/2 3079/2167/2 3080/2165/2
f 3578/2166/2 3579/2168/2 3079/2167/2
f 3579/2168/2 3078/2169/2 3079/2167/2
f 3579/2168/2 3580/2170/2 3078/2169/2
f 3580/2170/2 3077/2171/2 3078/2169/2
f 3580/2170/2 3229/1808/2 3077/2171/2
f 3229/1808/2 2948/1714/2 3077/2171/2
f 3075/2172/19 3119/2173/19 2961/2174/19
f 3075/2172/19 3581/2175/19 3119/2173/19
f 3581/2175/19 3120/2176/19 3119/2173/19
f 3581/2175/19 3582/2177/19 3120/2176/19
f 3582/2177/19 3121/2178/19 3120/2176/19
f 3582/2177/19 3583/2179/19 3121/2178/19
f 3583/2179/19 3122/2180/19 3121/2178/19
f 3583/2179/19 3584/2181/19 3122/2180/19
f 3584/2181/19 3123/2182/19 3122/2180/19
f 3584/2181/19 3585/2183/19 3123/2182/19
f 3585/2183/19 3124/2184/19 3123/2182/19
f 3585/2183/19 3586/2185/19 3124/2184/19
f 3586/2185/19 3125/2186/19 3124/2184/19
f 3586/2185/19 3587/2187/19 3125/2186/19
f 3587/2187/19 3126/2188/19 3125/2186/19
f 3587/2187/19 3588/2189/19 3126/2188/19
f 3588/2189/19 3127/2190/19 3126/2188/19
f 3588/2189/19 3589/2191/19 3127/2190/19
f 3589/2191/19 3128/2192/19 3127/2190/19
f 3589/2191/19 3072/2193/19 3128/2192/19
f 3072/2193/19 2960/2194/19 3128/2192/19
f 3051/2195/2 3074/1569/2 2958/1568/2
f 3052/2196/2 3590/2197/2 3051/2195/2
f 3053/2198/2 3591/2199/2 3052/2196/2
f 3054/2200/2 3592/2201/2 3053/2198/2
f 3055/2202/2 3593/2203/2 3054/2200/2
f 3056/2204/2 3594/2205/2 3055/2202/2
f 3057/2206/2 3595/2207/2 3056/2204/2
f 3058/2208/2 3596/2209/2 3057/2206/2
f 3059/2210/2 3597/2211/2 3058/2208/2
f 3060/1580/2 3598/2212/2 3059/2210/2
f 3051/2195/2 3590/2197/2 3074/1569/2
f 3052/2196/2 3591/2199/2 3590/2197/2
f 3053/2198/2 3592/2201/2 3591/2199/2
f 3054/2200/2 3593/2203/2 3592/2201/2
f 3055/2202/2 3594/2205/2 3593/2203/2
f 3056/2204/2 3595/2207/2 3594/2205/2
f 3057/2206/2 3596/2209/2 3595/2207/2
f 3058/2208/2 3597/2211/2 3596/2209/2
f 3059/2210/2 3598/2212/2 3597/2211/2
f 3060/1580/2 3202/1579/2 3598/2212/2
f 3201/1873/2 2956/1875/2 3073/2213/2
f 3060/2214/19 3099/2215/19 2959/2216/19
f 3059/2217/19 3599/2218/19 3060/2214/19
f 3058/2219/19 3600/2220/19 3059/2217/19
f 3057/2221/19 3602/2222/19 3058/2219/19
f 3056/2223/19 3604/2224/19 3057/2221/19
f 3055/2225/19 3606/2226/19 3056/2223/19
f 3054/2227/19 3608/2228/19 3055/2225/19
f 3053/2229/19 3610/2230/19 3054/2227/19
f 3052/2231/19 3612/2232/19 3053/2229/19
f 3051/1577/19 3614/2233/19 3052/2231/19
f 3060/2214/19 3599/2218/19 3099/2215/19
f 3599/2218/19 3100/2234/19 3099/2215/19
f 3059/2217/19 3600/2220/19 3599/2218/19
f 3599/2218/19 3601/2235/19 3100/2234/19
f 3601/2235/19 3101/2236/19 3100/2234/19
f 3058/2219/19 3602/2222/19 3600/2220/19
f 3601/2235/19 3603/2237/19 3101/2236/19
f 3603/2237/19 3102/2238/19 3101/2236/19
f 3057/2221/19 3604/2224/19 3602/2222/19
f 3603/2237/19 3605/2239/19 3102/2238/19
f 3605/2239/19 3103/2240/19 3102/2238/19
f 3056/2223/19 3606/2226/19 3604/2224/19
f 3605/2239/19 3607/2241/19 3103/2240/19
f 3607/2241/19 3104/2242/19 3103/2240/19
f 3055/2225/19 3608/2228/19 3606/2226/19
f 3607/2241/19 3609/2243/19 3104/2242/19
f 3609/2243/19 3105/2244/19 3104/2242/19
f 3054/2227/19 3610/2230/19 3608/2228/19
f 3609/2243/19 3611/2245/19 3105/2244/19
f 3611/2245/19 3106/2246/19 3105/2244/19
f 3053/2229/19 3612/2232/19 3610/2230/19
f 3611/2245/19 3613/2247/19 3106/2246/19
f 3613/2247/19 3107/2248/19 3106/2246/19
f 3052/2231/19 3614/2233/19 3612/2232/19
f 3613/2247/19 3615/2249/19 3107/2248/19
f 3615/2249/19 3108/2250/19 3107/2248/19
f 3051/1577/19 3076/1576/19 3614/2233/19
f 3615/2249/19 3075/2172/19 3108/2250/19
f 3075/2172/19 2961/2174/19 3108/2250/19
f 3061/2251/2 3046/1572/2 2957/1571/2
f 3062/2252/2 3616/2253/2 3061/2251/2
f 3063/2254/2 3617/2255/2 3062/2252/2
f 3064/2256/2 3618/2257/2 3063/2254/2
f 3065/2258/2 3619/2259/2 3064/2256/2
f 3066/2260/2 3620/2261/2 3065/2258/2
f 3067/2262/2 3621/2263/2 3066/2260/2
f 3068/2264/2 3622/2265/2 3067/2262/2
f 3069/2266/2 3623/2267/2 3068/2264/2
f 3070/1574/2 3624/2268/2 3069/2266/2
f 3061/2251/2 3616/2253/2 3046/1572/2
f 3062/2252/2 3617/2255/2 3616/2253/2
f 3063/2254/2 3618/2257/2 3617/2255/2
f 3064/2256/2 3619/2259/2 3618/2257/2
f 3065/2258/2 3620/2261/2 3619/2259/2
f 3066/2260/2 3621/2263/2 3620/2261/2
f 3067/2262/2 3622/2265/2 3621/2263/2
f 3068/2264/2 3623/2267/2 3622/2265/2
f 3069/2266/2 3624/2268/2 3623/2267/2
f 3070/1574/2 3050/1570/2 3624/2268/2
f 3049/2269/2 2955/2270/2 3045/2271/2
f 3203/2152/2 3044/2272/2 2953/1582/2
f 3203/2152/2 3625/2273/2 3044/2272/2
f 3625/2273/2 3043/2274/2 3044/2272/2
f 3625/2273/2 3626/2275/2 3043/2274/2
f 3626/2275/2 3042/2276/2 3043/2274/2
f 3626/2275/2 3627/2277/2 3042/2276/2
f 3627/2277/2 3041/2278/2 3042/2276/2
f 3627/2277/2 3628/2279/2 3041/2278/2
f 3628/2279/2 3040/2280/2 3041/2278/2
f 3628/2279/2 3629/2281/2 3040/2280/2
f 3629/2281/2 3039/2282/2 3040/2280/2
f 3629/2281/2 3630/2283/2 3039/2282/2
f 3630/2283/2 3038/2284/2 3039/2282/2
f 3630/2283/2 3631/2285/2 3038/2284/2
f 3631/2285/2 3037/2286/2 3038/2284/2
f 3631/2285/2 3632/2287/2 3037/2286/2
f 3632/2287/2 3036/2288/2 3037/2286/2
f 3632/2287/2 3633/2289/2 3036/2288/2
f 3633/2289/2 3035/2290/2 3036/2288/2
f 3633/2289/2 3045/2271/2 3035/2290/2
f 3045/2271/2 2955/2270/2 3035/2290/2
f 3049/2269/2 3034/2291/2 2955/2270/2
f 3049/2269/2 3634/2292/2 3034/2291/2
f 3634/2292/2 3033/2293/2 3034/2291/2
f 3634/2292/2 3635/2294/2 3033/2293/2
f 3635/2294/2 3032/2295/2 3033/2293/2
f 3635/2294/2 3636/2296/2 3032/2295/2
f 3636/2296/2 3031/2297/2 3032/2295/2
f 3636/2296/2 3637/2298/2 3031/2297/2
f 3637/2298/2 3030/2299/2 3031/2297/2
f 3637/2298/2 3638/2300/2 3030/2299/2
f 3638/2300/2 3029/2301/2 3030/2299/2
f 3638/2300/2 3639/2302/2 3029/2301/2
f 3639/2302/2 3028/2303/2 3029/2301/2
f 3639/2302/2 3640/2304/2 3028/2303/2
f 3640/2304/2 3027/2305/2 3028/2303/2
f 3640/2304/2 3641/2306/2 3027/2305/2
f 3641/2306/2 3026/2307/2 3027/2305/2
f 3641/2306/2 3642/2308/2 3026/2307/2
f 3642/2308/2 3025/2309/2 3026/2307/2
f 3642/2308/2 3073/2213/2 3025/2309/2
f 3073/2213/2 2956/1875/2 3025/2309/2
f 3034/2310/22 3047/1561/22 2955/1560/22
f 3033/2311/22 3643/2312/22 3034/2310/22
f 3032/2313/22 3644/2314/22 3033/2311/22
f 3031/2315/22 3645/2316/22 3032/2313/22
f 3030/2317/22 3646/2318/22 3031/2315/22
f 3029/2319/22 3647/2320/22 3030/2317/22
f 3028/2321/22 3648/2322/22 3029/2319/22
f 3027/2323/22 3649/2324/22 3028/2321/22
f 3026/2325/22 3650/2326/22 3027/2323/22
f 3025/1567/22 3651/2327/22 3026/2325/22
f 3034/2310/22 3643/2312/22 3047/1561/22
f 3033/2311/22 3644/2314/22 3643/2312/22
f 3032/2313/22 3645/2316/22 3644/2314/22
f 3031/2315/22 3646/2318/22 3645/2316/22
f 3030/2317/22 3647/2320/22 3646/2318/22
f 3029/2319/22 3648/2322/22 3647/2320/22
f 3028/2321/22 3649/2324/22 3648/2322/22
f 3027/2323/22 3650/2326/22 3649/2324/22
f 3026/2325/22 3651/2327/22 3650/2326/22
f 3025/1567/22 3206/1566/22 3651/2327/22
f 3205/1979/22 2952/1981/22 3048/2328/22
f 3044/2329/22 3019/1555/22 2953/1554/22
f 3043/2330/22 3652/2331/22 3044/2329/22
f 3042/2332/22 3653/2333/22 3043/2330/22
f 3041/2334/22 3654/2335/22 3042/2332/22
f 3040/2336/22 3655/2337/22 3041/2334/22
f 3039/2338/22 3656/2339/22 3040/2336/22
f 3038/2340/22 3657/2341/22 3039/2338/22
f 3037/2342/22 3658/2343/22 3038/2340/22
f 3036/2344/22 3659/2345/22 3037/2342/22
f 3035/1564/22 3660/2346/22 3036/2344/22
f 3044/2329/22 3652/2331/22 3019/1555/22
f 3043/2330/22 3653/2333/22 3652/2331/22
f 3042/2332/22 3654/2335/22 3653/2333/22
f 3041/2334/22 3655/2337/22 3654/2335/22
f 3040/2336/22 3656/2339/22 3655/2337/22
f 3039/2338/22 3657/2341/22 3656/2339/22
f 3038/2340/22 3658/2343/22 3657/2341/22
f 3037/2342/22 3659/2345/22 3658/2343/22
f 3036/2344/22 3660/2346/22 3659/2345/22
f 3035/1564/22 3024/1562/22 3660/2346/22
f 3023/2347/22 2951/2348/22 3020/2349/22
f 3018/2350/1 3216/2351/1 2945/2352/1
f 3018/2350/1 3661/2353/1 3216/2351/1
f 3661/2353/1 3215/2354/1 3216/2351/1
f 3661/2353/1 3662/2355/1 3215/2354/1
f 3662/2355/1 3214/2356/1 3215/2354/1
f 3662/2355/1 3663/2357/1 3214/2356/1
f 3663/2357/1 3213/2358/1 3214/2356/1
f 3663/2357/1 3664/2359/1 3213/2358/1
f 3664/2359/1 3212/2360/1 3213/2358/1
f 3664/2359/1 3665/2361/1 3212/2360/1
f 3665/2361/1 3211/2362/1 3212/2360/1
f 3665/2361/1 3666/2363/1 3211/2362/1
f 3666/2363/1 3210/2364/1 3211/2362/1
f 3666/2363/1 3667/2365/1 3210/2364/1
f 3667/2365/1 3209/2366/1 3210/2364/1
f 3667/2365/1 3668/2367/1 3209/2366/1
f 3668/2367/1 3208/2368/1 3209/2366/1
f 3668/2367/1 3669/2369/1 3208/2368/1
f 3669/2369/1 3207/2370/1 3208/2368/1
f 3669/2369/1 3021/2371/1 3207/2370/1
f 3021/2371/1 2954/1852/1 3207/2370/1
f 3023/2347/22 3007/2372/22 2951/2348/22
f 3023/2347/22 3670/2373/22 3007/2372/22
f 3670/2373/22 3008/2374/22 3007/2372/22
f 3670/2373/22 3671/2375/22 3008/2374/22
f 3671/2375/22 3009/2376/22 3008/2374/22
f 3671/2375/22 3672/2377/22 3009/2376/22
f 3672/2377/22 3010/2378/22 3009/2376/22
f 3672/2377/22 3673/2379/22 3010/2378/22
f 3673/2379/22 3011/2380/22 3010/2378/22
f 3673/2379/22 3674/2381/22 3011/2380/22
f 3674/2381/22 3012/2382/22 3011/2380/22
f 3674/2381/22 3675/2383/22 3012/2382/22
f 3675/2383/22 3013/2384/22 3012/2382/22
f 3675/2383/22 3676/2385/22 3013/2384/22
f 3676/2385/22 3014/2386/22 3013/2384/22
f 3676/2385/22 3677/2387/22 3014/2386/22
f 3677/2387/22 3015/2388/22 3014/2386/22
f 3677/2387/22 3678/2389/22 3015/2388/22
f 3678/2389/22 3016/2390/22 3015/2388/22
f 3678/2389/22 3048/2328/22 3016/2390/22
f 3048/2328/22 2952/1981/22 3016/2390/22
f 3021/2371/1 3218/1850/1 2954/1852/1
f 3022/1559/1 3007/1558/1 3679/2391/1
f 3007/1558/1 3008/2392/1 3679/2391/1
f 3679/2391/1 3008/2392/1 3680/2393/1
f 3008/2392/1 3009/2394/1 3680/2393/1
f 3680/2393/1 3009/2394/1 3681/2395/1
f 3009/2394/1 3010/2396/1 3681/2395/1
f 3681/2395/1 3010/2396/1 3682/2397/1
f 3010/2396/1 3011/2398/1 3682/2397/1
f 3682/2397/1 3011/2398/1 3683/2399/1
f 3011/2398/1 3012/2400/1 3683/2399/1
f 3683/2399/1 3012/2400/1 3684/2401/1
f 3012/2400/1 3013/2402/1 3684/2401/1
f 3684/2401/1 3013/2402/1 3685/2403/1
f 3013/2402/1 3014/2404/1 3685/2403/1
f 3685/2403/1 3014/2404/1 3686/2405/1
f 3014/2404/1 3015/2406/1 3686/2405/1
f 3686/2405/1 3015/2406/1 3687/2407/1
f 3015/2406/1 3016/2408/1 3687/2407/1
f 3687/2407/1 3016/2408/1 3217/1603/1
f 3016/2408/1 2952/1597/1 3217/1603/1
f 3231/1849/22 2997/2409/22 2949/1755/22
f 3231/1849/22 3688/2410/22 2997/2409/22
f 3688/2410/22 2998/2411/22 2997/2409/22
f 3688/2410/22 3689/2412/22 2998/2411/22
f 3689/2412/22 2999/2413/22 2998/2411/22
f 3689/2412/22 3690/2414/22 2999/2413/22
f 3690/2414/22 3000/2415/22 2999/2413/22
f 3690/2414/22 3691/2416/22 3000/2415/22
f 3691/2416/22 3001/2417/22 3000/2415/22
f 3691/2416/22 3692/2418/22 3001/2417/22
f 3692/2418/22 3002/2419/22 3001/2417/22
f 3692/2418/22 3693/2420/22 3002/2419/22
f 3693/2420/22 3003/2421/22 3002/2419/22
f 3693/2420/22 3694/2422/22 3003/2421/22
f 3694/2422/22 3004/2423/22 3003/2421/22
f 3694/2422/22 3695/2424/22 3004/2423/22
f 3695/2424/22 3005/2425/22 3004/2423/22
f 3695/2424/22 3696/2426/22 3005/2425/22
f 3696/2426/22 3006/2427/22 3005/2425/22
f 3696/2426/22 3020/2349/22 3006/2427/22
f 3020/2349/22 2951/2348/22 3006/2427/22
f 2995/2428/1 3006/2429/1 2951/1557/1
f 2995/2428/1 3697/2430/1 3006/2429/1
f 3697/2430/1 3005/2431/1 3006/2429/1
f 3697/2430/1 3698/2432/1 3005/2431/1
f 3698/2432/1 3004/2433/1 3005/2431/1
f 3698/2432/1 3699/2434/1 3004/2433/1
f 3699/2434/1 3003/2435/1 3004/2433/1
f 3699/2434/1 3700/2436/1 3003/2435/1
f 3700/2436/1 3002/2437/1 3003/2435/1
f 3700/2436/1 3701/2438/1 3002/2437/1
f 3701/2438/1 3001/2439/1 3002/2437/1
f 3701/2438/1 3702/2440/1 3001/2439/1
f 3702/2440/1 3000/2441/1 3001/2439/1
f 3702/2440/1 3703/2442/1 3000/2441/1
f 3703/2442/1 2999/2443/1 3000/2441/1
f 3703/2442/1 3704/2444/1 2999/2443/1
f 3704/2444/1 2998/2445/1 2999/2443/1
f 3704/2444/1 3705/2446/1 2998/2445/1
f 3705/2446/1 2997/2447/1 2998/2445/1
f 3705/2446/1 2991/2448/1 2997/2447/1
f 2991/2448/1 2949/1649/1 2997/2447/1
f 3309/2449/19 2989/2450/19 2948/2451/19
f 3308/2452/19 3706/2453/19 3309/2449/19
f 3307/2454/19 3707/2455/19 3308/2452/19
f 3306/2456/19 3708/2457/19 3307/2454/19
f 3305/2458/19 3709/2459/19 3306/2456/19
f 3304/2460/19 3710/2461/19 3305/2458/19
f 3303/2462/19 3711/2463/19 3304/2460/19
f 3302/2464/19 3712/2465/19 3303/2462/19
f 3301/2466/19 3713/2467/19 3302/2464/19
f 3300/1552/19 3714/2468/19 3301/2466/19
f 3309/2449/19 3706/2453/19 2989/2450/19
f 3308/2452/19 3707/2455/19 3706/2453/19
f 3307/2454/19 3708/2457/19 3707/2455/19
f 3306/2456/19 3709/2459/19 3708/2457/19
f 3305/2458/19 3710/2461/19 3709/2459/19
f 3304/2460/19 3711/2463/19 3710/2461/19
f 3303/2462/19 3712/2465/19 3711/2463/19
f 3302/2464/19 3713/2467/19 3712/2465/19
f 3301/2466/19 3714/2468/19 3713/2467/19
f 3300/1552/19 2994/1548/19 3714/2468/19
f 2993/2469/19 2946/2470/19 2990/2471/19
f 2979/2472/1 3018/2350/1 2945/2352/1
f 2980/2473/1 3715/2474/1 2979/2472/1
f 2981/2475/1 3716/2476/1 2980/2473/1
f 2982/2477/1 3717/2478/1 2981/2475/1
f 2983/2479/1 3718/2480/1 2982/2477/1
f 2984/2481/1 3719/2482/1 2983/2479/1
f 2985/2483/1 3720/2484/1 2984/2481/1
f 2986/2485/1 3721/2486/1 2985/2483/1
f 2987/2487/1 3722/2488/1 2986/2485/1
f 2988/1551/1 3723/2489/1 2987/2487/1
f 2979/2472/1 3715/2474/1 3018/2350/1
f 2980/2473/1 3716/2476/1 3715/2474/1
f 2981/2475/1 3717/2478/1 3716/2476/1
f 2982/2477/1 3718/2480/1 3717/2478/1
f 2983/2479/1 3719/2482/1 3718/2480/1
f 2984/2481/1 3720/2484/1 3719/2482/1
f 2985/2483/1 3721/2486/1 3720/2484/1
f 2986/2485/1 3722/2488/1 3721/2486/1
f 2987/2487/1 3723/2489/1 3722/2488/1
f 2988/1551/1 2996/1550/1 3723/2489/1
f 2995/2428/1 2951/1557/1 3017/1563/1
f 2993/2469/19 2969/2490/19 2946/2470/19
f 2993/2469/19 3724/2491/19 2969/2490/19
f 3724/2491/19 2970/2492/19 2969/2490/19
f 3724/2491/19 3725/2493/19 2970/2492/19
f 3725/2493/19 2971/2494/19 2970/2492/19
f 3725/2493/19 3726/2495/19 2971/2494/19
f 3726/2495/19 2972/2496/19 2971/2494/19
f 3726/2495/19 3727/2497/19 2972/2496/19
f 3727/2497/19 2973/2498/19 2972/2496/19
f 3727/2497/19 3728/2499/19 2973/2498/19
f 3728/2499/19 2974/2500/19 2973/2498/19
f 3728/2499/19 3729/2501/19 2974/2500/19
f 3729/2501/19 2975/2502/19 2974/2500/19
f 3729/2501/19 3730/2503/19 2975/2502/19
f 3730/2503/19 2976/2504/19 2975/2502/19
f 3730/2503/19 3731/2505/19 2976/2504/19
f 3731/2505/19 2977/2506/19 2976/2504/19
f 3731/2505/19 3740/2507/19 2977/2506/19
f 3740/2507/19 2978/2508/19 2977/2506/19
f 2994/1548/19 3299/1547/19 3732/2509/19
f 3299/1547/19 3298/1629/19 3732/2509/19
f 3732/2509/19 3298/1629/19 3733/2510/19
f 3298/1629/19 3297/1631/19 3733/2510/19
f 3733/2510/19 3297/1631/19 3734/2511/19
f 3297/1631/19 3296/1633/19 3734/2511/19
f 3734/2511/19 3296/1633/19 3735/2512/19
f 3296/1633/19 3295/1635/19 3735/2512/19
f 3735/2512/19 3295/1635/19 3736/2513/19
f 3295/1635/19 3294/1637/19 3736/2513/19
f 3736/2513/19 3294/1637/19 3737/2514/19
f 3294/1637/19 3293/1639/19 3737/2514/19
f 3737/2514/19 3293/1639/19 3738/2515/19
f 3293/1639/19 3292/1641/19 3738/2515/19
f 3738/2515/19 3292/1641/19 3739/2516/19
f 3292/1641/19 3291/1643/19 3739/2516/19
f 3739/2516/19 3291/1643/19 3740/2507/19
f 3291/1643/19 3290/1645/19 3740/2507/19
f 3740/2507/19 3290/1645/19 2978/2508/19
f 3290/1645/19 2947/1543/19 2978/2508/19
f 2969/2517/1 2992/1553/1 2946/1549/1
f 2970/2518/1 3741/2519/1 2969/2517/1
f 2971/2520/1 3742/2521/1 2970/2518/1
f 2972/2522/1 3743/2523/1 2971/2520/1
f 2973/2524/1 3744/2525/1 2972/2522/1
f 2974/2526/1 3745/2527/1 2973/2524/1
f 2975/2528/1 3746/2529/1 2974/2526/1
f 2976/2530/1 3747/2531/1 2975/2528/1
f 2977/2532/1 3748/2533/1 2976/2530/1
f 2978/1545/1 3749/2534/1 2977/2532/1
f 2969/2517/1 3741/2519/1 2992/1553/1
f 2970/2518/1 3742/2521/1 3741/2519/1
f 2971/2520/1 3743/2523/1 3742/2521/1
f 2972/2522/1 3744/2525/1 3743/2523/1
f 2973/2524/1 3745/2527/1 3744/2525/1
f 2974/2526/1 3746/2529/1 3745/2527/1
f 2975/2528/1 3747/2531/1 3746/2529/1
f 2976/2530/1 3748/2533/1 3747/2531/1
f 2977/2532/1 3749/2534/1 3748/2533/1
f 2978/1545/1 3311/1544/1 3749/2534/1
f 3310/1647/1 2949/1649/1 2991/2448/1
f 2988/1551/19 2987/2487/19 2986/2485/19 2985/2483/19 2984/2481/19 2983/2479/19 2982/2477/19 2981/2475/19 2980/2473/19 2979/2472/19 2945/2352/19 3216/2351/19 3215/2354/19 3214/2356/19 3213/2358/19 3212/2360/19 3211/2362/19 3210/2364/19 3209/2366/19 3208/2368/19 3207/2370/19 2954/1852/19 3198/1851/19 3197/1854/19 3196/1856/19 3195/1858/19 3194/1860/19 3193/1862/19 3192/1864/19 3191/1866/19 3190/1868/19 3189/1870/19 2960/1872/19 3072/2193/19 2990/2471/19 2946/2470/19
f 3070/1574/19 3069/2266/19 3068/2264/19 3067/2262/19 3066/2260/19 3065/2258/19 3064/2256/19 3063/2254/19 3062/2252/19 3061/2251/19 2957/1571/19 3096/1585/19 3095/2149/19 3094/2147/19 3093/2145/19 3092/2143/19 3091/2141/19 3090/2139/19 3089/2137/19 3088/2135/19 3087/2132/19 2962/2134/19 3086/2153/19 3085/2155/19 3084/2157/19 3083/2159/19 3082/2161/19 3081/2163/19 3080/2165/19 3079/2167/19 3078/2169/19 3077/2171/19 2948/1714/19 2989/2450/19 3071/1581/19 2958/1575/19
f 2966/1828/2 3233/1766/2 3389/1765/2 3244/1827/2
f 3242/1830/22 3413/1806/22 3233/1797/22 2966/1828/22
usemtl Material.004
s 1
f 2865/2535/37 2866/2536/38 2925/2537/39 2924/2538/40 2923/2539/41 2922/2540/42 2917/2541/43 2916/2542/44 2915/2543/45 2914/2544/46 2909/2545/47 2908/2546/48 2907/2547/49 2906/2548/50 2901/2549/51 2900/2550/52 2899/2551/53 2898/2552/54 2893/2553/55 2892/2554/56 2891/2555/57 2890/2556/58 2885/2557/59 2884/2558/60 2883/2559/61 2882/2560/62 2877/2561/63 2876/2562/64 2875/2563/65 2874/2564/66 2869/2565/67 2868/2566/68
f 2865/2567/37 2867/2568/69 2928/2569/70 2866/2570/38
f 2868/2571/68 2870/2572/71 2867/2573/69 2865/2574/37
f 2869/2575/67 2871/2576/72 2870/2572/71 2868/2571/68
f 2928/2577/70 2867/2578/69 2870/2579/71 2871/2580/72 2872/2581/73 2873/2582/74 2878/2583/75 2879/2584/76 2880/2585/77 2881/2586/78 2886/2587/79 2887/2588/80 2888/2589/81 2889/2590/82 2894/2591/83 2895/2592/84 2896/2593/85 2897/2594/86 2902/2595/87 2903/2596/88 2904/2597/89 2905/2598/90 2910/2599/91 2911/2600/92 2912/2601/93 2913/2602/94 2918/2603/95 2919/2604/96 2920/2605/97 2921/2606/98 2926/2607/99 2927/2608/100
f 2874/2609/66 2872/2610/73 2871/2576/72 2869/2575/67
f 2875/2611/65 2873/2612/74 2872/2610/73 2874/2609/66
f 2876/2613/64 2878/2614/75 2873/2612/74 2875/2611/65
f 2877/2615/63 2879/2616/76 2878/2614/75 2876/2613/64
f 2882/2617/62 2880/2618/77 2879/2616/76 2877/2615/63
f 2883/2619/61 2881/2620/78 2880/2618/77 2882/2617/62
f 2884/2621/60 2886/2622/79 2881/2620/78 2883/2619/61
f 2885/2623/59 2887/2624/80 2886/2622/79 2884/2621/60
f 2890/2625/58 2888/2626/81 2887/2624/80 2885/2623/59
f 2891/2627/57 2889/2628/82 2888/2626/81 2890/2625/58
f 2892/2629/56 2894/2630/83 2889/2628/82 2891/2627/57
f 2893/2631/55 2895/2632/84 2894/2630/83 2892/2629/56
f 2898/2633/54 2896/2634/85 2895/2632/84 2893/2631/55
f 2899/2635/53 2897/2636/86 2896/2634/85 2898/2633/54
f 2900/2637/52 2902/2638/87 2897/2636/86 2899/2635/53
f 2901/2639/51 2903/2640/88 2902/2638/87 2900/2637/52
f 2906/2641/50 2904/2642/89 2903/2640/88 2901/2639/51
f 2907/2643/49 2905/2644/90 2904/2642/89 2906/2641/50
f 2908/2645/48 2910/2646/91 2905/2644/90 2907/2643/49
f 2909/2647/47 2911/2648/92 2910/2646/91 2908/2645/48
f 2914/2649/46 2912/2650/93 2911/2648/92 2909/2647/47
f 2915/2651/45 2913/2652/94 2912/2650/93 2914/2649/46
f 2916/2653/44 2918/2654/95 2913/2652/94 2915/2651/45
f 2917/2655/43 2919/2656/96 2918/2654/95 2916/2653/44
f 2922/2657/42 2920/2658/97 2919/2656/96 2917/2655/43
f 2923/2659/41 2921/2660/98 2920/2658/97 2922/2657/42
f 2924/2661/40 2926/2662/99 2921/2660/98 2923/2659/41
f 2925/2663/39 2927/2664/100 2926/2662/99 2924/2661/40
f 2866/2570/38 2928/2569/70 2927/2664/100 2925/2663/39
usemtl Material.006
s off
f 3750/2665/101 3751/2666/101 3753/2667/101 3752/2668/101
f 3758/2669/2 3761/2670/2 3757/2671/2 3756/2672/2
f 3756/2672/102 3757/2671/102 3755/2673/102 3754/2674/102
f 3762/2675/1 3765/2676/1 3751/2677/1 3750/2678/1
f 3758/2679/19 3756/2672/19 3754/2674/19 3763/2680/19
f 3760/2681/22 3753/2682/22 3751/2683/22 3765/2684/22
f 3757/2671/22 3761/2685/22 3764/2686/22 3755/2673/22
f 3768/2687/22 3760/2681/22 3765/2684/22 3773/2688/22
f 3752/2689/19 3759/2690/19 3762/2691/19 3750/2692/19
f 3754/2674/1 3755/2673/1 3764/2693/1 3763/2694/1
f 3770/2695/1 3773/2696/1 3765/2676/1 3762/2675/1
f 3752/2668/2 3753/2667/2 3760/2697/2 3759/2698/2
f 3766/2699/2 3769/2700/2 3761/2670/2 3758/2669/2
f 3759/2698/2 3760/2697/2 3768/2701/2 3767/2702/2
f 3767/2702/2 3768/2701/2 3769/2700/2 3766/2699/2
f 3763/2694/1 3764/2693/1 3772/2703/1 3771/2704/1
f 3771/2704/1 3772/2703/1 3773/2696/1 3770/2695/1
f 3761/2685/22 3769/2705/22 3772/2706/22 3764/2686/22
f 3769/2705/22 3768/2687/22 3773/2688/22 3772/2706/22
usemtl Material.001
f 120/2707/1 122/2708/1 121/2709/1
f 120/2707/1 123/2710/1 122/2708/1
f 119/2711/1 123/2710/1 120/2707/1
f 119/2711/1 124/2712/1 123/2710/1
f 119/2711/1 125/2713/1 124/2712/1
f 118/2714/1 125/2713/1 119/2711/1
f 118/2714/1 126/2715/1 125/2713/1
f 118/2714/1 127/2716/1 126/2715/1
f 117/2717/1 127/2716/1 118/2714/1
f 117/2717/1 128/2718/1 127/2716/1
f 117/2717/1 129/2719/1 128/2718/1
f 116/2720/1 129/2719/1 117/2717/1
f 116/2720/1 130/2721/1 129/2719/1
f 116/2720/1 131/2722/1 130/2721/1
f 115/2723/1 131/2722/1 116/2720/1
f 115/2723/1 132/2724/1 131/2722/1
f 115/2723/1 133/2725/1 132/2724/1
f 114/2726/1 133/2725/1 115/2723/1
f 114/2726/1 8/2727/1 133/2725/1
f 8/2727/1 7/2728/1 133/2725/1
f 7/2728/1 6/2729/1 133/2725/1
f 6/2729/1 5/2730/1 133/2725/1
f 5/2730/1 4/2731/1 133/2725/1
f 4/2731/1 3/2732/1 133/2725/1
f 3/2732/1 2/2733/1 133/2725/1
f 2/2733/1 1/2734/1 133/2725/1
f 1/2734/1 134/2735/1 133/2725/1
f 113/2736/1 10/2737/1 114/2726/1
f 10/2737/1 9/2738/1 114/2726/1
f 9/2738/103 8/2727/103 114/2726/103
f 112/2739/1 11/2740/1 113/2736/1
f 11/2740/1 10/2737/1 113/2736/1
f 111/2741/1 13/2742/1 112/2739/1
f 13/2742/1 12/2743/1 112/2739/1
f 12/2743/1 11/2740/1 112/2739/1
f 111/2741/1 14/2744/1 13/2742/1
f 111/2741/1 15/2745/1 14/2744/1
f 111/2741/1 16/2746/1 15/2745/1
f 111/2741/1 17/2747/1 16/2746/1
f 111/2741/1 18/2748/1 17/2747/1
f 110/2749/1 18/2748/1 111/2741/1
f 110/2749/1 19/2750/1 18/2748/1
f 110/2749/1 20/2751/1 19/2750/1
f 110/2749/1 21/2752/1 20/2751/1
f 110/2749/1 22/2753/1 21/2752/1
f 109/2754/1 22/2753/1 110/2749/1
f 109/2754/1 23/2755/1 22/2753/1
f 109/2754/1 24/2756/1 23/2755/1
f 109/2754/1 25/2757/1 24/2756/1
f 108/2758/1 25/2757/1 109/2754/1
f 108/2758/1 26/2759/1 25/2757/1
f 108/2758/1 27/2760/1 26/2759/1
f 108/2758/1 28/2761/1 27/2760/1
f 108/2758/1 29/2762/1 28/2761/1
f 108/2758/1 30/2763/1 29/2762/1
f 107/2764/1 30/2763/1 108/2758/1
f 107/2764/1 31/2765/1 30/2763/1
f 107/2764/1 32/2766/1 31/2765/1
f 107/2764/1 33/2767/1 32/2766/1
f 106/2768/1 33/2767/1 107/2764/1
f 106/2768/1 34/2769/1 33/2767/1
f 106/2768/1 35/2770/1 34/2769/1
f 106/2768/1 36/2771/1 35/2770/1
f 105/2772/1 36/2771/1 106/2768/1
f 105/2772/1 37/2773/1 36/2771/1
f 104/2774/1 37/2773/1 105/2772/1
f 104/2774/1 38/2775/1 37/2773/1
f 104/2774/1 39/2776/1 38/2775/1
f 103/2777/1 39/2776/1 104/2774/1
f 103/2777/1 40/2778/1 39/2776/1
f 102/2779/1 40/2778/1 103/2777/1
f 102/2779/1 41/2780/1 40/2778/1
f 102/2779/1 42/2781/1 41/2780/1
f 101/2782/1 42/2781/1 102/2779/1
f 101/2782/1 43/2783/1 42/2781/1
f 100/2784/1 43/2783/1 101/2782/1
f 100/2784/1 44/2785/1 43/2783/1
f 100/2784/1 45/2786/1 44/2785/1
f 99/2787/1 45/2786/1 100/2784/1
f 99/2787/1 46/2788/1 45/2786/1
f 98/2789/1 46/2788/1 99/2787/1
f 98/2789/1 47/2790/1 46/2788/1
f 97/2791/1 47/2790/1 98/2789/1
f 97/2791/1 48/2792/1 47/2790/1
f 72/2793/1 74/2794/1 73/2795/1
f 97/2791/1 49/2796/1 48/2792/1
f 96/2797/1 49/2796/1 97/2791/1
f 72/2793/1 75/2798/1 74/2794/1
f 95/2799/1 49/2796/1 96/2797/1
f 72/2793/1 76/2800/1 75/2798/1
f 94/2801/1 49/2796/1 95/2799/1
f 94/2801/1 50/2802/1 49/2796/1
f 72/2793/1 77/2803/1 76/2800/1
f 93/2804/1 50/2802/1 94/2801/1
f 72/2793/1 78/2805/1 77/2803/1
f 92/2806/1 50/2802/1 93/2804/1
f 72/2793/1 79/2807/1 78/2805/1
f 91/2808/1 50/2802/1 92/2806/1
f 91/2808/1 51/2809/1 50/2802/1
f 72/2793/1 80/2810/1 79/2807/1
f 90/2811/1 51/2809/1 91/2808/1
f 89/2812/1 51/2809/1 90/2811/1
f 72/2793/1 81/2813/1 80/2810/1
f 88/2814/1 51/2809/1 89/2812/1
f 72/2793/1 82/2815/1 81/2813/1
f 87/2816/1 51/2809/1 88/2814/1
f 72/2793/1 83/2817/1 82/2815/1
f 86/2818/1 51/2809/1 87/2816/1
f 72/2793/1 84/2819/1 83/2817/1
f 85/2820/1 51/2809/1 86/2818/1
f 72/2793/1 85/2820/1 84/2819/1
f 85/2820/1 52/2821/1 51/2809/1
f 72/2793/1 52/2821/1 85/2820/1
f 72/2793/1 53/2822/1 52/2821/1
f 72/2793/1 54/2823/1 53/2822/1
f 71/2824/1 54/2823/1 72/2793/1
f 71/2824/1 55/2825/1 54/2823/1
f 70/2826/1 55/2825/1 71/2824/1
f 69/2827/1 55/2825/1 70/2826/1
f 69/2827/1 56/2828/1 55/2825/1
f 68/2829/1 56/2828/1 69/2827/1
f 67/2830/1 56/2828/1 68/2829/1
f 67/2830/1 57/2831/1 56/2828/1
f 66/2832/1 57/2831/1 67/2830/1
f 66/2832/1 58/2833/1 57/2831/1
f 65/2834/1 58/2833/1 66/2832/1
f 64/2835/1 58/2833/1 65/2834/1
f 64/2835/1 59/2836/1 58/2833/1
f 63/2837/1 59/2836/1 64/2835/1
f 62/3/1 59/2836/1 63/2837/1
f 62/3/1 60/2/1 59/2836/1
f 140/2838/1 136/2839/1 135/2840/1
f 140/2838/1 137/2841/1 136/2839/1
f 139/2842/1 137/2841/1 140/2838/1
f 139/2842/1 138/2843/1 137/2841/1
f 177/2844/1 179/2845/1 178/2846/1
f 177/2844/1 180/2847/1 179/2845/1
f 164/2848/1 166/2849/1 165/2850/1
f 164/2848/1 167/2851/1 166/2849/1
f 164/2848/1 168/2852/1 167/2851/1
f 164/2848/1 169/2853/1 168/2852/1
f 164/2848/1 170/2854/1 169/2853/1
f 163/2855/1 170/2854/1 164/2848/1
f 163/2855/1 171/2856/1 170/2854/1
f 163/2855/1 172/2857/1 171/2856/1
f 163/2855/1 173/2858/1 172/2857/1
f 162/2859/1 173/2858/1 163/2855/1
f 162/2859/1 174/2860/1 173/2858/1
f 162/2859/1 175/2861/1 174/2860/1
f 162/2859/1 176/2862/1 175/2861/1
f 162/2859/1 177/2844/1 176/2862/1
f 161/2863/1 177/2844/1 162/2859/1
f 161/2863/1 183/2864/1 177/2844/1
f 183/2864/1 182/2865/1 177/2844/1
f 182/2865/1 181/2866/1 177/2844/1
f 181/2866/1 218/2867/1 177/2844/1
f 218/2867/1 180/2847/1 177/2844/1
f 160/2868/1 186/2869/1 161/2863/1
f 186/2869/1 185/2870/1 161/2863/1
f 185/2870/1 184/2871/1 161/2863/1
f 184/2871/1 183/2864/1 161/2863/1
f 159/2872/1 189/2873/1 160/2868/1
f 189/2873/6 188/2874/6 160/2868/6
f 188/2874/1 187/2875/1 160/2868/1
f 187/2875/1 186/2869/1 160/2868/1
f 158/2876/1 192/2877/1 159/2872/1
f 192/2877/1 191/2878/1 159/2872/1
f 191/2878/1 190/2879/1 159/2872/1
f 190/2879/1 189/2873/1 159/2872/1
f 158/2876/1 193/2880/1 192/2877/1
f 158/2876/1 194/2881/1 193/2880/1
f 157/2882/1 194/2881/1 158/2876/1
f 157/2882/1 195/2883/1 194/2881/1
f 157/2882/1 196/2884/1 195/2883/1
f 217/2885/1 180/2847/1 218/2867/1
f 157/2882/1 197/2886/1 196/2884/1
f 156/2887/1 197/2886/1 157/2882/1
f 156/2887/1 198/2888/1 197/2886/1
f 156/2887/1 199/2889/1 198/2888/1
f 155/2890/1 199/2889/1 156/2887/1
f 155/2890/1 200/2891/1 199/2889/1
f 155/2890/1 201/2892/1 200/2891/1
f 154/2893/1 201/2892/1 155/2890/1
f 154/2893/1 202/2894/1 201/2892/1
f 153/2895/1 202/2894/1 154/2893/1
f 153/2895/1 203/2896/1 202/2894/1
f 153/2895/1 204/2897/1 203/2896/1
f 152/2898/1 204/2897/1 153/2895/1
f 152/2898/1 205/2899/1 204/2897/1
f 152/2898/1 206/2900/1 205/2899/1
f 151/2901/1 206/2900/1 152/2898/1
f 151/2901/1 207/2902/1 206/2900/1
f 150/2903/1 207/2902/1 151/2901/1
f 150/2903/1 208/2904/1 207/2902/1
f 150/2903/1 209/2905/1 208/2904/1
f 149/2906/1 209/2905/1 150/2903/1
f 149/2906/1 210/2907/1 209/2905/1
f 149/2906/1 211/2908/1 210/2907/1
f 148/2909/1 211/2908/1 149/2906/1
f 148/2909/1 212/2910/1 211/2908/1
f 148/2909/1 213/2911/1 212/2910/1
f 148/2909/1 214/2912/1 213/2911/1
f 147/2913/1 214/2912/1 148/2909/1
f 147/2913/1 215/2914/1 214/2912/1
f 147/2913/1 216/2915/1 215/2914/1
f 147/2913/1 217/2885/1 216/2915/1
f 147/2913/1 180/2847/1 217/2885/1
f 146/2916/1 180/2847/1 147/2913/1
f 145/2917/1 180/2847/1 146/2916/1
f 144/2918/1 180/2847/1 145/2917/1
f 143/2919/1 180/2847/1 144/2918/1
f 142/2920/1 180/2847/1 143/2919/1
f 141/2921/1 180/2847/1 142/2920/1
f 219/2922/1 221/2923/1 220/2924/1
f 219/2922/1 222/2925/1 221/2923/1
f 319/2926/1 322/5/1 320/4/1
f 319/2926/1 323/2927/1 322/5/1
f 318/2928/1 323/2927/1 319/2926/1
f 317/2929/1 323/2927/1 318/2928/1
f 317/2929/1 324/2930/1 323/2927/1
f 316/2931/1 324/2930/1 317/2929/1
f 316/2931/1 325/2932/1 324/2930/1
f 315/2933/1 325/2932/1 316/2931/1
f 314/2934/1 325/2932/1 315/2933/1
f 314/2934/1 326/2935/1 325/2932/1
f 313/2936/1 326/2935/1 314/2934/1
f 313/2936/1 327/2937/1 326/2935/1
f 312/2938/1 327/2937/1 313/2936/1
f 311/2939/1 327/2937/1 312/2938/1
f 311/2939/1 328/2940/1 327/2937/1
f 310/2941/1 328/2940/1 311/2939/1
f 310/2941/1 329/9/1 328/2940/1
f 309/2942/1 329/9/1 310/2941/1
f 308/2943/1 307/2944/1 309/2942/1
f 307/2944/1 306/2945/1 309/2942/1
f 306/2945/1 305/2946/1 309/2942/1
f 305/2946/1 304/2947/1 309/2942/1
f 304/2947/1 303/2948/1 309/2942/1
f 303/2948/1 302/2949/1 309/2942/1
f 302/2949/1 301/2950/1 309/2942/1
f 301/2950/1 300/2951/1 309/2942/1
f 300/2951/1 299/2952/1 309/2942/1
f 299/2952/1 298/7/1 309/2942/1
f 298/7/1 329/9/1 309/2942/1
f 297/8/1 296/2953/1 329/9/1
f 296/2953/1 330/2954/1 329/9/1
f 296/2953/1 295/2955/1 330/2954/1
f 295/2955/1 331/2956/1 330/2954/1
f 294/2957/1 331/2956/1 295/2955/1
f 293/2958/1 331/2956/1 294/2957/1
f 292/2959/1 331/2956/1 293/2958/1
f 291/2960/1 331/2956/1 292/2959/1
f 290/2961/1 331/2956/1 291/2960/1
f 290/2961/1 332/2962/1 331/2956/1
f 289/2963/1 332/2962/1 290/2961/1
f 288/2964/1 332/2962/1 289/2963/1
f 287/2965/1 332/2962/1 288/2964/1
f 287/2965/1 333/2966/1 332/2962/1
f 286/2967/1 333/2966/1 287/2965/1
f 285/2968/1 333/2966/1 286/2967/1
f 285/2968/1 334/2969/1 333/2966/1
f 284/2970/1 334/2969/1 285/2968/1
f 283/2971/1 334/2969/1 284/2970/1
f 282/2972/1 396/2973/1 283/2971/1
f 396/2973/1 334/2969/1 283/2971/1
f 281/2974/1 396/2973/1 282/2972/1
f 280/2975/1 396/2973/1 281/2974/1
f 279/2976/1 396/2973/1 280/2975/1
f 278/2977/1 396/2973/1 279/2976/1
f 278/2977/1 360/2978/1 396/2973/1
f 395/2979/1 334/2969/1 396/2973/1
f 278/2977/1 361/2980/1 360/2978/1
f 277/2981/1 361/2980/1 278/2977/1
f 277/2981/1 362/2982/1 361/2980/1
f 276/2983/1 362/2982/1 277/2981/1
f 276/2983/1 363/2984/1 362/2982/1
f 275/2985/1 363/2984/1 276/2983/1
f 275/2985/1 364/2986/1 363/2984/1
f 275/2985/1 365/2987/1 364/2986/1
f 274/2988/1 365/2987/1 275/2985/1
f 274/2988/1 366/2989/1 365/2987/1
f 273/2990/1 366/2989/1 274/2988/1
f 273/2990/1 367/2991/1 366/2989/1
f 273/2990/1 368/2992/1 367/2991/1
f 272/2993/1 368/2992/1 273/2990/1
f 272/2993/1 369/2994/1 368/2992/1
f 272/2993/1 370/2995/1 369/2994/1
f 271/2996/1 370/2995/1 272/2993/1
f 271/2996/1 371/2997/1 370/2995/1
f 270/2998/1 371/2997/1 271/2996/1
f 270/2998/1 372/2999/1 371/2997/1
f 270/2998/1 373/3000/1 372/2999/1
f 269/3001/1 373/3000/1 270/2998/1
f 269/3001/1 374/3002/1 373/3000/1
f 269/3001/1 375/3003/1 374/3002/1
f 394/3004/1 334/2969/1 395/2979/1
f 268/3005/1 375/3003/1 269/3001/1
f 393/3006/1 334/2969/1 394/3004/1
f 268/3005/1 376/3007/1 375/3003/1
f 392/3008/1 334/2969/1 393/3006/1
f 357/3009/1 359/3010/1 358/3011/1
f 392/3008/1 335/3012/1 334/2969/1
f 268/3005/1 377/3013/1 376/3007/1
f 356/3014/1 359/3010/1 357/3009/1
f 391/3015/1 335/3012/1 392/3008/1
f 391/3015/1 336/3016/1 335/3012/1
f 355/3017/1 359/3010/1 356/3014/1
f 267/3018/1 377/3013/1 268/3005/1
f 267/3018/1 378/3019/1 377/3013/1
f 391/3015/1 337/3020/1 336/3016/1
f 390/3021/1 337/3020/1 391/3015/1
f 354/3022/1 359/3010/1 355/3017/1
f 390/3021/1 338/3023/1 337/3020/1
f 389/3024/1 338/3023/1 390/3021/1
f 353/3025/1 359/3010/1 354/3022/1
f 267/3018/1 379/3026/1 378/3019/1
f 389/3024/1 339/3027/1 338/3023/1
f 352/3028/1 359/3010/1 353/3025/1
f 388/3029/1 339/3027/1 389/3024/1
f 388/3029/1 340/3030/1 339/3027/1
f 351/3031/1 359/3010/1 352/3028/1
f 267/3018/1 380/3032/1 379/3026/1
f 388/3029/1 341/3033/1 340/3030/1
f 387/3034/1 341/3033/1 388/3029/1
f 350/3035/1 359/3010/1 351/3031/1
f 387/3034/1 342/3036/1 341/3033/1
f 266/3037/1 380/3032/1 267/3018/1
f 349/3038/1 359/3010/1 350/3035/1
f 266/3037/1 381/3039/1 380/3032/1
f 386/3040/1 342/3036/1 387/3034/1
f 386/3040/1 343/3041/1 342/3036/1
f 348/3042/1 359/3010/1 349/3038/1
f 386/3040/1 344/3043/1 343/3041/1
f 347/3044/1 359/3010/1 348/3042/1
f 385/3045/1 344/3043/1 386/3040/1
f 385/3045/1 345/3046/1 344/3043/1
f 346/3047/1 359/3010/1 347/3044/1
f 385/3045/1 346/3047/1 345/3046/1
f 266/3037/1 382/3048/1 381/3039/1
f 385/3045/1 359/3010/1 346/3047/1
f 384/3049/1 359/3010/1 385/3045/1
f 266/3037/1 383/3050/1 382/3048/1
f 383/3050/1 359/3010/1 384/3049/1
f 266/3037/1 246/3051/1 383/3050/1
f 246/3051/1 359/3010/1 383/3050/1
f 265/3052/1 246/3051/1 266/3037/1
f 265/3052/1 247/3053/1 246/3051/1
f 245/3054/1 359/3010/1 246/3051/1
f 264/3055/1 247/3053/1 265/3052/1
f 264/3055/1 248/3056/1 247/3053/1
f 244/3057/1 359/3010/1 245/3054/1
f 244/3057/1 223/3058/1 359/3010/1
f 263/3059/1 248/3056/1 264/3055/1
f 263/3059/1 249/3060/1 248/3056/1
f 243/3061/1 223/3058/1 244/3057/1
f 243/3061/1 224/3062/1 223/3058/1
f 263/3059/1 250/3063/1 249/3060/1
f 242/3064/1 224/3062/1 243/3061/1
f 262/3065/1 250/3063/1 263/3059/1
f 242/3064/1 225/3066/1 224/3062/1
f 262/3065/1 251/3067/1 250/3063/1
f 241/3068/1 225/3066/1 242/3064/1
f 241/3068/1 226/3069/1 225/3066/1
f 261/3070/1 251/3067/1 262/3065/1
f 261/3070/1 252/3071/1 251/3067/1
f 240/3072/1 226/3069/1 241/3068/1
f 240/3072/1 227/3073/1 226/3069/1
f 261/3070/1 253/3074/1 252/3071/1
f 239/3075/1 227/3073/1 240/3072/1
f 239/3075/1 228/3076/1 227/3073/1
f 260/3077/1 253/3074/1 261/3070/1
f 260/3077/1 254/3078/1 253/3074/1
f 238/3079/1 228/3076/1 239/3075/1
f 238/3079/1 229/3080/1 228/3076/1
f 260/3077/1 255/3081/1 254/3078/1
f 238/3079/1 230/3082/1 229/3080/1
f 237/3083/1 230/3082/1 238/3079/1
f 259/10/1 255/3081/1 260/3077/1
f 237/3083/1 231/3084/1 230/3082/1
f 259/10/1 256/12/1 255/3081/1
f 236/15/1 231/3084/1 237/3083/1
f 236/15/1 232/14/1 231/3084/1
f 408/21/1 410/20/1 409/3085/1
f 407/19/1 411/3086/1 410/20/1
f 406/3087/1 411/3086/1 407/19/1
f 405/3088/1 411/3086/1 406/3087/1
f 405/3088/1 412/3089/1 411/3086/1
f 404/3090/1 412/3089/1 405/3088/1
f 450/3091/1 452/3092/1 451/3093/1
f 450/3091/1 453/3094/1 452/3092/1
f 404/3090/1 413/3095/1 412/3089/1
f 403/3096/1 413/3095/1 404/3090/1
f 402/3097/1 413/3095/1 403/3096/1
f 402/3097/1 414/3098/1 413/3095/1
f 401/3099/1 414/3098/1 402/3097/1
f 401/3099/1 415/3100/1 414/3098/1
f 400/3101/1 415/3100/1 401/3099/1
f 399/3102/1 415/3100/1 400/3101/1
f 399/3102/1 416/3103/1 415/3100/1
f 398/3104/1 416/3103/1 399/3102/1
f 397/3105/1 416/3103/1 398/3104/1
f 397/3105/1 436/24/1 416/3103/1
f 436/24/1 417/23/1 416/3103/1
f 450/3091/1 397/3105/1 453/3094/1
f 450/3091/1 448/3106/1 397/3105/1
f 448/3106/1 447/3107/1 397/3105/1
f 447/3107/1 446/3108/1 397/3105/1
f 446/3108/1 445/3109/1 397/3105/1
f 445/3109/1 444/3110/1 397/3105/1
f 444/3110/1 443/3111/1 397/3105/1
f 443/3111/1 442/3112/1 397/3105/1
f 442/3112/1 441/3113/1 397/3105/1
f 441/3113/1 440/3114/1 397/3105/1
f 440/3114/1 439/3115/1 397/3105/1
f 439/3115/1 438/3116/1 397/3105/1
f 438/3116/1 437/3117/1 397/3105/1
f 437/3117/1 436/24/1 397/3105/1
f 434/3118/1 417/23/1 435/22/1
f 433/3119/1 417/23/1 434/3118/1
f 432/3120/1 417/23/1 433/3119/1
f 432/3120/1 418/3121/1 417/23/1
f 431/3122/1 418/3121/1 432/3120/1
f 430/3123/1 418/3121/1 431/3122/1
f 429/3124/1 418/3121/1 430/3123/1
f 429/3124/1 419/3125/1 418/3121/1
f 428/3126/1 419/3125/1 429/3124/1
f 427/3127/1 419/3125/1 428/3126/1
f 427/3127/1 420/3128/1 419/3125/1
f 426/3129/1 420/3128/1 427/3127/1
f 450/3091/1 449/3130/1 448/3106/1
f 425/3131/1 420/3128/1 426/3129/1
f 425/3131/1 421/3132/1 420/3128/1
f 424/3133/1 421/3132/1 425/3131/1
f 423/3134/1 421/3132/1 424/3133/1
f 423/3134/1 422/3135/1 421/3132/1
f 488/3136/1 490/3137/1 489/3138/1
f 488/3136/1 491/3139/1 490/3137/1
f 487/3140/1 491/3139/1 488/3136/1
f 487/3140/1 492/3141/1 491/3139/1
f 486/3142/1 492/3141/1 487/3140/1
f 486/3142/1 493/3143/1 492/3141/1
f 485/3144/1 493/3143/1 486/3142/1
f 485/3144/1 494/3145/1 493/3143/1
f 484/3146/1 494/3145/1 485/3144/1
f 484/3146/1 495/3147/1 494/3145/1
f 483/3148/1 495/3147/1 484/3146/1
f 483/3148/1 496/26/1 495/3147/1
f 482/3149/1 537/27/1 483/3148/1
f 537/27/1 496/26/1 483/3148/1
f 482/3149/1 538/3150/1 537/27/1
f 482/3149/1 539/3151/1 538/3150/1
f 535/3152/1 496/26/1 536/25/1
f 482/3149/1 540/3153/1 539/3151/1
f 534/3154/1 496/26/1 535/3152/1
f 534/3154/1 497/3155/1 496/26/1
f 481/3156/1 540/3153/1 482/3149/1
f 481/3156/1 541/3157/1 540/3153/1
f 533/3158/1 497/3155/1 534/3154/1
f 481/3156/1 542/3159/1 541/3157/1
f 532/3160/1 497/3155/1 533/3158/1
f 481/3156/1 543/3161/1 542/3159/1
f 531/3162/1 497/3155/1 532/3160/1
f 531/3162/1 498/3163/1 497/3155/1
f 480/3164/1 543/3161/1 481/3156/1
f 480/3164/1 544/3165/1 543/3161/1
f 530/3166/1 498/3163/1 531/3162/1
f 480/3164/1 545/3167/1 544/3165/1
f 529/3168/1 498/3163/1 530/3166/1
f 529/3168/1 499/3169/1 498/3163/1
f 479/3170/1 545/3167/1 480/3164/1
f 479/3170/1 546/3171/1 545/3167/1
f 528/3172/1 499/3169/1 529/3168/1
f 528/3172/1 500/3173/1 499/3169/1
f 478/3174/1 546/3171/1 479/3170/1
f 478/3174/1 547/3175/1 546/3171/1
f 527/3176/1 500/3173/1 528/3172/1
f 478/3174/1 548/3177/1 547/3175/1
f 526/3178/1 500/3173/1 527/3176/1
f 526/3178/1 501/3179/1 500/3173/1
f 477/3180/1 548/3177/1 478/3174/1
f 477/3180/1 549/3181/1 548/3177/1
f 525/3182/1 501/3179/1 526/3178/1
f 476/3183/1 549/3181/1 477/3180/1
f 476/3183/1 502/3184/1 549/3181/1
f 525/3182/1 454/3185/1 501/3179/1
f 524/3186/1 454/3185/1 525/3182/1
f 476/3183/1 503/3187/1 502/3184/1
f 523/3188/1 454/3185/1 524/3186/1
f 475/3189/1 503/3187/1 476/3183/1
f 523/3188/1 455/3190/1 454/3185/1
f 475/3189/1 504/3191/1 503/3187/1
f 522/3192/1 455/3190/1 523/3188/1
f 475/3189/1 505/3193/1 504/3191/1
f 474/3194/1 505/3193/1 475/3189/1
f 521/3195/1 455/3190/1 522/3192/1
f 521/3195/1 456/3196/1 455/3190/1
f 474/3194/1 506/3197/1 505/3193/1
f 520/3198/1 456/3196/1 521/3195/1
f 473/3199/1 506/3197/1 474/3194/1
f 520/3198/1 457/3200/1 456/3196/1
f 473/3199/1 507/3201/1 506/3197/1
f 519/3202/1 457/3200/1 520/3198/1
f 473/3199/1 508/3203/1 507/3201/1
f 518/3204/1 457/3200/1 519/3202/1
f 472/3205/1 508/3203/1 473/3199/1
f 518/3204/1 458/3206/1 457/3200/1
f 472/3205/1 509/3207/1 508/3203/1
f 517/3208/1 458/3206/1 518/3204/1
f 472/3205/1 510/3209/1 509/3207/1
f 516/3210/1 458/3206/1 517/3208/1
f 472/3205/1 511/3211/1 510/3209/1
f 515/3212/1 458/3206/1 516/3210/1
f 471/3213/1 511/3211/1 472/3205/1
f 515/3212/1 459/3214/1 458/3206/1
f 471/3213/1 512/3215/1 511/3211/1
f 514/3216/1 459/3214/1 515/3212/1
f 471/3213/1 513/3217/1 512/3215/1
f 513/3217/1 459/3214/1 514/3216/1
f 471/3213/1 459/3214/1 513/3217/1
f 470/3218/1 459/3214/1 471/3213/1
f 470/3218/1 460/3219/1 459/3214/1
f 469/3220/1 460/3219/1 470/3218/1
f 469/3220/1 461/3221/1 460/3219/1
f 468/3222/1 461/3221/1 469/3220/1
f 468/3222/1 462/3223/1 461/3221/1
f 467/3224/1 462/3223/1 468/3222/1
f 467/3224/1 463/3225/1 462/3223/1
f 466/3226/1 463/3225/1 467/3224/1
f 466/3226/1 464/3227/1 463/3225/1
f 465/3228/1 464/3227/1 466/3226/1
f 575/3229/1 602/3230/1 576/3231/1
f 602/3230/1 550/3232/1 576/3231/1
f 602/3230/1 551/3233/1 550/3232/1
f 602/3230/1 552/3234/1 551/3233/1
f 602/3230/1 553/3235/1 552/3234/1
f 602/3230/1 554/3236/1 553/3235/1
f 602/3230/1 555/3237/1 554/3236/1
f 602/3230/1 601/3238/1 555/3237/1
f 601/3238/1 600/3239/1 555/3237/1
f 600/3239/1 556/3240/1 555/3237/1
f 575/3229/1 603/3241/1 602/3230/1
f 599/3242/1 556/3240/1 600/3239/1
f 598/3243/1 556/3240/1 599/3242/1
f 597/3244/1 556/3240/1 598/3243/1
f 597/3244/1 557/3245/1 556/3240/1
f 596/3246/1 557/3245/1 597/3244/1
f 595/3247/1 557/3245/1 596/3246/1
f 595/3247/1 558/3248/1 557/3245/1
f 594/3249/1 558/3248/1 595/3247/1
f 594/3249/1 559/3250/1 558/3248/1
f 593/3251/1 559/3250/1 594/3249/1
f 592/3252/1 559/3250/1 593/3251/1
f 592/3252/1 560/3253/1 559/3250/1
f 591/3254/1 560/3253/1 592/3252/1
f 591/3254/1 561/3255/1 560/3253/1
f 590/3256/1 561/3255/1 591/3254/1
f 590/3256/1 562/3257/1 561/3255/1
f 589/3258/1 562/3257/1 590/3256/1
f 588/3259/1 562/3257/1 589/3258/1
f 588/3259/1 563/3260/1 562/3257/1
f 587/3261/1 563/3260/1 588/3259/1
f 587/3261/1 564/3262/1 563/3260/1
f 586/3263/1 564/3262/1 587/3261/1
f 585/3264/1 564/3262/1 586/3263/1
f 585/3264/1 565/3265/1 564/3262/1
f 584/3266/1 565/3265/1 585/3264/1
f 584/3266/1 566/3267/1 565/3265/1
f 583/3268/1 566/3267/1 584/3266/1
f 582/3269/1 566/3267/1 583/3268/1
f 582/3269/1 567/3270/1 566/3267/1
f 581/3271/1 567/3270/1 582/3269/1
f 581/3271/1 568/3272/1 567/3270/1
f 580/3273/1 568/3272/1 581/3271/1
f 579/3274/1 568/3272/1 580/3273/1
f 579/3274/1 569/3275/1 568/3272/1
f 578/3276/1 569/3275/1 579/3274/1
f 577/3277/1 569/3275/1 578/3276/1
f 575/3229/1 577/3277/1 603/3241/1
f 575/3229/1 569/3275/1 577/3277/1
f 575/3229/1 570/3278/1 569/3275/1
f 575/3229/1 571/3279/1 570/3278/1
f 575/3229/1 572/3280/1 571/3279/1
f 575/3229/1 573/3281/1 572/3280/1
f 575/3229/1 574/3282/1 573/3281/1
f 687/3283/1 689/3284/1 688/3285/1
f 687/3283/1 690/3286/1 689/3284/1
f 687/3283/1 691/3287/1 690/3286/1
f 686/3288/1 691/3287/1 687/3283/1
f 686/3288/1 692/3289/1 691/3287/1
f 686/3288/1 693/3290/1 692/3289/1
f 686/3288/1 694/3291/1 693/3290/1
f 685/3292/1 694/3291/1 686/3288/1
f 685/3292/1 695/3293/1 694/3291/1
f 685/3292/1 696/3294/1 695/3293/1
f 685/3292/1 697/3295/1 696/3294/1
f 684/3296/1 697/3295/1 685/3292/1
f 684/3296/1 698/3297/1 697/3295/1
f 684/3296/1 699/3298/1 698/3297/1
f 684/3296/1 700/3299/1 699/3298/1
f 683/3300/1 700/3299/1 684/3296/1
f 683/3300/1 611/3301/1 700/3299/1
f 611/3301/1 610/3302/1 700/3299/1
f 610/3302/1 609/3303/1 700/3299/1
f 609/3303/1 608/3304/1 700/3299/1
f 608/3304/1 607/3305/1 700/3299/1
f 607/3305/1 606/3306/1 700/3299/1
f 606/3306/1 605/3307/1 700/3299/1
f 605/3307/1 604/3308/1 700/3299/1
f 604/3308/1 701/3309/1 700/3299/1
f 682/3310/1 613/3311/1 683/3300/1
f 613/3311/1 612/3312/1 683/3300/1
f 612/3312/1 611/3301/1 683/3300/1
f 681/3313/1 615/3314/1 682/3310/1
f 615/3314/1 614/3315/1 682/3310/1
f 614/3315/1 613/3311/1 682/3310/1
f 681/3313/1 616/3316/1 615/3314/1
f 681/3313/1 617/3317/1 616/3316/1
f 681/3313/1 618/3318/1 617/3317/1
f 680/3319/1 618/3318/1 681/3313/1
f 680/3319/1 619/3320/1 618/3318/1
f 680/3319/1 620/3321/1 619/3320/1
f 680/3319/1 621/3322/1 620/3321/1
f 679/3323/1 621/3322/1 680/3319/1
f 679/3323/1 622/3324/1 621/3322/1
f 679/3323/1 623/3325/1 622/3324/1
f 678/3326/1 623/3325/1 679/3323/1
f 678/3326/1 624/3327/1 623/3325/1
f 678/3326/1 625/3328/1 624/3327/1
f 677/3329/1 625/3328/1 678/3326/1
f 677/3329/1 626/3330/1 625/3328/1
f 676/3331/1 626/3330/1 677/3329/1
f 676/3331/1 627/3332/1 626/3330/1
f 676/3331/1 628/3333/1 627/3332/1
f 675/3334/1 628/3333/1 676/3331/1
f 675/3334/1 629/3335/1 628/3333/1
f 674/3336/1 629/3335/1 675/3334/1
f 674/3336/1 630/3337/1 629/3335/1
f 674/3336/1 631/3338/1 630/3337/1
f 673/3339/1 631/3338/1 674/3336/1
f 673/3339/1 632/3340/1 631/3338/1
f 673/3339/1 633/3341/1 632/3340/1
f 672/3342/1 633/3341/1 673/3339/1
f 672/3342/1 634/3343/1 633/3341/1
f 650/3344/1 652/3345/1 651/3346/1
f 672/3342/1 635/3347/1 634/3343/1
f 649/3348/1 652/3345/1 650/3344/1
f 671/3349/1 635/3347/1 672/3342/1
f 648/3350/1 652/3345/1 649/3348/1
f 671/3349/1 636/3351/1 635/3347/1
f 647/3352/1 652/3345/1 648/3350/1
f 646/3353/1 652/3345/1 647/3352/1
f 645/3354/1 652/3345/1 646/3353/1
f 671/3349/1 637/3355/1 636/3351/1
f 644/3356/1 652/3345/1 645/3354/1
f 643/3357/1 652/3345/1 644/3356/1
f 671/3349/1 638/3358/1 637/3355/1
f 642/3359/1 652/3345/1 643/3357/1
f 641/3360/1 652/3345/1 642/3359/1
f 671/3349/1 639/3361/1 638/3358/1
f 640/3362/1 652/3345/1 641/3360/1
f 670/3363/1 639/3361/1 671/3349/1
f 639/3361/1 652/3345/1 640/3362/1
f 670/3363/1 652/3345/1 639/3361/1
f 669/3364/1 652/3345/1 670/3363/1
f 668/3365/1 652/3345/1 669/3364/1
f 667/3366/1 652/3345/1 668/3365/1
f 667/3366/1 653/3367/1 652/3345/1
f 667/3366/1 654/3368/1 653/3367/1
f 667/3366/1 655/3369/1 654/3368/1
f 666/3370/1 655/3369/1 667/3366/1
f 666/3370/1 656/3371/1 655/3369/1
f 666/3370/1 657/3372/1 656/3371/1
f 666/3370/1 658/3373/1 657/3372/1
f 666/3370/1 659/3374/1 658/3373/1
f 665/28/1 659/3374/1 666/3370/1
f 665/28/1 660/3375/1 659/3374/1
f 665/28/1 661/30/1 660/3375/1
f 664/31/1 662/29/1 665/28/1
f 710/3376/1 712/35/1 711/3377/1
f 710/3376/1 708/33/1 712/35/1
f 707/34/1 713/3378/1 712/35/1
f 713/3378/1 715/3379/1 714/3380/1
f 713/3378/1 704/3381/1 715/3379/1
f 704/3381/1 703/3382/1 715/3379/1
f 703/3382/1 716/3383/1 715/3379/1
f 710/3376/1 709/3384/1 708/33/1
f 706/3385/1 713/3378/1 707/34/1
f 713/3378/1 705/3386/1 704/3381/1
f 702/3387/1 716/3383/1 703/3382/1
f 706/3385/1 705/3386/1 713/3378/1
f 3205/1979/22 3494/1982/22 3141/1980/22
f 3893/3388/2 3895/3389/2 3894/3390/2
f 3893/3388/2 3896/3391/2 3895/3389/2
f 3892/3392/2 3896/3391/2 3893/3388/2
f 3892/3392/2 3897/3393/2 3896/3391/2
f 3892/3392/2 3898/3394/2 3897/3393/2
f 3891/3395/2 3898/3394/2 3892/3392/2
f 3891/3395/2 3899/3396/2 3898/3394/2
f 3891/3395/104 3900/3397/104 3899/3396/104
f 3890/3398/2 3900/3397/2 3891/3395/2
f 3890/3398/2 3901/3399/2 3900/3397/2
f 3890/3398/2 3902/3400/2 3901/3399/2
f 3889/3401/2 3902/3400/2 3890/3398/2
f 3889/3401/2 3903/3402/2 3902/3400/2
f 3889/3401/2 3904/3403/2 3903/3402/2
f 3888/3404/2 3904/3403/2 3889/3401/2
f 3888/3404/2 3905/3405/2 3904/3403/2
f 3888/3404/2 3906/3406/2 3905/3405/2
f 3887/3407/2 3906/3406/2 3888/3404/2
f 3887/3407/2 3781/3408/2 3906/3406/2
f 3781/3408/2 3780/3409/2 3906/3406/2
f 3780/3409/2 3779/3410/2 3906/3406/2
f 3779/3410/2 3778/3411/2 3906/3406/2
f 3778/3411/2 3777/3412/2 3906/3406/2
f 3777/3412/2 3776/3413/2 3906/3406/2
f 3776/3413/2 3775/3414/2 3906/3406/2
f 3775/3414/2 3774/3415/2 3906/3406/2
f 3774/3415/2 3907/3416/2 3906/3406/2
f 3886/3417/2 3783/3418/2 3887/3407/2
f 3783/3418/2 3782/3419/2 3887/3407/2
f 3782/3419/105 3781/3408/105 3887/3407/105
f 3885/3420/2 3784/3421/2 3886/3417/2
f 3784/3421/2 3783/3418/2 3886/3417/2
f 3884/3422/2 3786/3423/2 3885/3420/2
f 3786/3423/2 3785/3424/2 3885/3420/2
f 3785/3424/2 3784/3421/2 3885/3420/2
f 3884/3422/2 3787/3425/2 3786/3423/2
f 3884/3422/2 3788/3426/2 3787/3425/2
f 3884/3422/2 3789/3427/2 3788/3426/2
f 3884/3422/2 3790/3428/2 3789/3427/2
f 3884/3422/2 3791/3429/2 3790/3428/2
f 3883/3430/2 3791/3429/2 3884/3422/2
f 3883/3430/2 3792/3431/2 3791/3429/2
f 3883/3430/2 3793/3432/2 3792/3431/2
f 3883/3430/2 3794/3433/2 3793/3432/2
f 3883/3430/2 3795/3434/2 3794/3433/2
f 3882/3435/2 3795/3434/2 3883/3430/2
f 3882/3435/2 3796/3436/2 3795/3434/2
f 3882/3435/2 3797/3437/2 3796/3436/2
f 3882/3435/2 3798/3438/2 3797/3437/2
f 3881/3439/2 3798/3438/2 3882/3435/2
f 3881/3439/2 3799/3440/2 3798/3438/2
f 3881/3439/2 3800/3441/2 3799/3440/2
f 3881/3439/2 3801/3442/2 3800/3441/2
f 3881/3439/2 3802/3443/2 3801/3442/2
f 3881/3439/2 3803/3444/2 3802/3443/2
f 3880/3445/2 3803/3444/2 3881/3439/2
f 3880/3445/2 3804/3446/2 3803/3444/2
f 3880/3445/2 3805/3447/2 3804/3446/2
f 3880/3445/2 3806/3448/2 3805/3447/2
f 3879/3449/2 3806/3448/2 3880/3445/2
f 3879/3449/2 3807/3450/2 3806/3448/2
f 3879/3449/2 3808/3451/2 3807/3450/2
f 3879/3449/2 3809/3452/2 3808/3451/2
f 3878/3453/2 3809/3452/2 3879/3449/2
f 3878/3453/2 3810/3454/2 3809/3452/2
f 3877/3455/2 3810/3454/2 3878/3453/2
f 3877/3455/2 3811/3456/2 3810/3454/2
f 3877/3455/2 3812/3457/2 3811/3456/2
f 3876/3458/2 3812/3457/2 3877/3455/2
f 3876/3458/2 3813/3459/2 3812/3457/2
f 3875/3460/2 3813/3459/2 3876/3458/2
f 3875/3460/2 3814/3461/2 3813/3459/2
f 3875/3460/2 3815/3462/2 3814/3461/2
f 3874/3463/2 3815/3462/2 3875/3460/2
f 3874/3463/2 3816/3464/2 3815/3462/2
f 3873/3465/2 3816/3464/2 3874/3463/2
f 3873/3465/2 3817/3466/2 3816/3464/2
f 3873/3465/2 3818/3467/2 3817/3466/2
f 3872/3468/2 3818/3467/2 3873/3465/2
f 3872/3468/2 3819/3469/2 3818/3467/2
f 3871/3470/2 3819/3469/2 3872/3468/2
f 3871/3470/2 3820/3471/2 3819/3469/2
f 3870/3472/2 3820/3471/2 3871/3470/2
f 3870/3472/2 3821/3473/2 3820/3471/2
f 3845/3474/2 3847/3475/2 3846/3476/2
f 3870/3472/2 3822/3477/2 3821/3473/2
f 3869/3478/2 3822/3477/2 3870/3472/2
f 3845/3474/2 3848/3479/2 3847/3475/2
f 3868/3480/2 3822/3477/2 3869/3478/2
f 3845/3474/2 3849/3481/2 3848/3479/2
f 3867/3482/2 3822/3477/2 3868/3480/2
f 3867/3482/2 3823/3483/2 3822/3477/2
f 3845/3474/2 3850/3484/2 3849/3481/2
f 3866/3485/2 3823/3483/2 3867/3482/2
f 3845/3474/2 3851/3486/2 3850/3484/2
f 3865/3487/2 3823/3483/2 3866/3485/2
f 3845/3474/2 3852/3488/2 3851/3486/2
f 3864/3489/2 3823/3483/2 3865/3487/2
f 3864/3489/2 3824/3490/2 3823/3483/2
f 3845/3474/2 3853/3491/2 3852/3488/2
f 3863/3492/2 3824/3490/2 3864/3489/2
f 3862/3493/2 3824/3490/2 3863/3492/2
f 3845/3474/2 3854/3494/2 3853/3491/2
f 3861/3495/2 3824/3490/2 3862/3493/2
f 3845/3474/2 3855/3496/2 3854/3494/2
f 3860/3497/2 3824/3490/2 3861/3495/2
f 3845/3474/2 3856/3498/2 3855/3496/2
f 3859/3499/2 3824/3490/2 3860/3497/2
f 3845/3474/2 3857/3500/2 3856/3498/2
f 3858/3501/2 3824/3490/2 3859/3499/2
f 3845/3474/2 3858/3501/2 3857/3500/2
f 3858/3501/2 3825/3502/2 3824/3490/2
f 3845/3474/2 3825/3502/2 3858/3501/2
f 3845/3474/2 3826/3503/2 3825/3502/2
f 3845/3474/2 3827/3504/2 3826/3503/2
f 3844/3505/2 3827/3504/2 3845/3474/2
f 3844/3505/2 3828/3506/2 3827/3504/2
f 3843/3507/2 3828/3506/2 3844/3505/2
f 3842/3508/2 3828/3506/2 3843/3507/2
f 3842/3508/2 3829/3509/2 3828/3506/2
f 3841/3510/2 3829/3509/2 3842/3508/2
f 3840/3511/2 3829/3509/2 3841/3510/2
f 3840/3511/2 3830/3512/2 3829/3509/2
f 3839/3513/2 3830/3512/2 3840/3511/2
f 3839/3513/2 3831/3514/2 3830/3512/2
f 3838/3515/2 3831/3514/2 3839/3513/2
f 3837/3516/104 3831/3514/104 3838/3515/104
f 3837/3516/2 3832/3517/2 3831/3514/2
f 3836/3518/2 3832/3517/2 3837/3516/2
f 3835/754/2 3832/3517/2 3836/3518/2
f 3835/754/2 3833/753/2 3832/3517/2
f 3913/3519/2 3909/3520/2 3908/3521/2
f 3913/3519/2 3910/3522/2 3909/3520/2
f 3912/3523/2 3910/3522/2 3913/3519/2
f 3912/3523/2 3911/3524/2 3910/3522/2
f 3950/3525/2 3952/3526/2 3951/3527/2
f 3950/3525/2 3953/3528/2 3952/3526/2
f 3937/3529/2 3939/3530/2 3938/3531/2
f 3937/3529/2 3940/3532/2 3939/3530/2
f 3937/3529/2 3941/3533/2 3940/3532/2
f 3937/3529/2 3942/3534/2 3941/3533/2
f 3937/3529/2 3943/3535/2 3942/3534/2
f 3936/3536/2 3943/3535/2 3937/3529/2
f 3936/3536/2 3944/3537/2 3943/3535/2
f 3936/3536/2 3945/3538/2 3944/3537/2
f 3936/3536/2 3946/3539/2 3945/3538/2
f 3935/3540/2 3946/3539/2 3936/3536/2
f 3935/3540/2 3947/3541/2 3946/3539/2
f 3935/3540/2 3948/3542/2 3947/3541/2
f 3935/3540/2 3949/3543/2 3948/3542/2
f 3935/3540/2 3950/3525/2 3949/3543/2
f 3934/3544/2 3950/3525/2 3935/3540/2
f 3934/3544/2 3956/3545/2 3950/3525/2
f 3956/3545/2 3955/3546/2 3950/3525/2
f 3955/3546/2 3954/3547/2 3950/3525/2
f 3954/3547/2 3991/3548/2 3950/3525/2
f 3991/3548/2 3953/3528/2 3950/3525/2
f 3933/3549/2 3959/3550/2 3934/3544/2
f 3959/3550/4 3958/3551/4 3934/3544/4
f 3958/3551/2 3957/3552/2 3934/3544/2
f 3957/3552/2 3956/3545/2 3934/3544/2
f 3932/3553/2 3962/3554/2 3933/3549/2
f 3962/3554/2 3961/3555/2 3933/3549/2
f 3961/3555/2 3960/3556/2 3933/3549/2
f 3960/3556/2 3959/3550/2 3933/3549/2
f 3931/3557/2 3965/3558/2 3932/3553/2
f 3965/3558/2 3964/3559/2 3932/3553/2
f 3964/3559/2 3963/3560/2 3932/3553/2
f 3963/3560/3 3962/3554/3 3932/3553/3
f 3931/3557/2 3966/3561/2 3965/3558/2
f 3931/3557/2 3967/3562/2 3966/3561/2
f 3930/3563/2 3967/3562/2 3931/3557/2
f 3930/3563/2 3968/3564/2 3967/3562/2
f 3930/3563/2 3969/3565/2 3968/3564/2
f 3990/3566/2 3953/3528/2 3991/3548/2
f 3930/3563/2 3970/3567/2 3969/3565/2
f 3929/3568/2 3970/3567/2 3930/3563/2
f 3929/3568/2 3971/3569/2 3970/3567/2
f 3929/3568/2 3972/3570/2 3971/3569/2
f 3928/3571/2 3972/3570/2 3929/3568/2
f 3928/3571/2 3973/3572/2 3972/3570/2
f 3928/3571/2 3974/3573/2 3973/3572/2
f 3927/3574/2 3974/3573/2 3928/3571/2
f 3927/3574/2 3975/3575/2 3974/3573/2
f 3926/3576/2 3975/3575/2 3927/3574/2
f 3926/3576/2 3976/3577/2 3975/3575/2
f 3926/3576/2 3977/3578/2 3976/3577/2
f 3925/3579/2 3977/3578/2 3926/3576/2
f 3925/3579/2 3978/3580/2 3977/3578/2
f 3925/3579/2 3979/3581/2 3978/3580/2
f 3924/3582/2 3979/3581/2 3925/3579/2
f 3924/3582/2 3980/3583/2 3979/3581/2
f 3923/3584/2 3980/3583/2 3924/3582/2
f 3923/3584/2 3981/3585/2 3980/3583/2
f 3923/3584/2 3982/3586/2 3981/3585/2
f 3922/3587/2 3982/3586/2 3923/3584/2
f 3922/3587/2 3983/3588/2 3982/3586/2
f 3922/3587/2 3984/3589/2 3983/3588/2
f 3921/3590/2 3984/3589/2 3922/3587/2
f 3921/3590/2 3985/3591/2 3984/3589/2
f 3921/3590/2 3986/3592/2 3985/3591/2
f 3921/3590/2 3987/3593/2 3986/3592/2
f 3920/3594/2 3987/3593/2 3921/3590/2
f 3920/3594/2 3988/3595/2 3987/3593/2
f 3920/3594/2 3989/3596/2 3988/3595/2
f 3920/3594/2 3990/3566/2 3989/3596/2
f 3920/3594/2 3953/3528/2 3990/3566/2
f 3919/3597/2 3953/3528/2 3920/3594/2
f 3918/3598/2 3953/3528/2 3919/3597/2
f 3917/3599/2 3953/3528/2 3918/3598/2
f 3916/3600/2 3953/3528/2 3917/3599/2
f 3915/3601/2 3953/3528/2 3916/3600/2
f 3914/3602/2 3953/3528/2 3915/3601/2
f 3992/3603/2 3994/3604/2 3993/3605/2
f 3992/3603/2 3995/3606/2 3994/3604/2
f 4092/3607/2 4095/756/2 4093/755/2
f 4092/3607/2 4096/3608/2 4095/756/2
f 4091/3609/5 4096/3608/5 4092/3607/5
f 4090/3610/2 4096/3608/2 4091/3609/2
f 4090/3610/2 4097/3611/2 4096/3608/2
f 4089/3612/2 4097/3611/2 4090/3610/2
f 4089/3612/2 4098/3613/2 4097/3611/2
f 4088/3614/2 4098/3613/2 4089/3612/2
f 4087/3615/2 4098/3613/2 4088/3614/2
f 4087/3615/2 4099/3616/2 4098/3613/2
f 4086/3617/2 4099/3616/2 4087/3615/2
f 4086/3617/2 4100/3618/2 4099/3616/2
f 4085/3619/2 4100/3618/2 4086/3617/2
f 4084/3620/2 4100/3618/2 4085/3619/2
f 4084/3620/2 4101/3621/2 4100/3618/2
f 4083/3622/2 4101/3621/2 4084/3620/2
f 4083/3622/2 4102/3623/2 4101/3621/2
f 4082/3624/2 4102/3623/2 4083/3622/2
f 4081/3625/2 4080/3626/2 4082/3624/2
f 4080/3626/2 4079/3627/2 4082/3624/2
f 4079/3627/2 4078/3628/2 4082/3624/2
f 4078/3628/2 4077/3629/2 4082/3624/2
f 4077/3629/2 4076/3630/2 4082/3624/2
f 4076/3630/2 4075/3631/2 4082/3624/2
f 4075/3631/2 4074/3632/2 4082/3624/2
f 4074/3632/2 4073/3633/2 4082/3624/2
f 4073/3633/2 4072/3634/2 4082/3624/2
f 4072/3634/2 4071/3635/2 4082/3624/2
f 4071/3635/2 4102/3623/2 4082/3624/2
f 4071/3635/2 4070/3636/2 4102/3623/2
f 4070/3636/2 4069/3637/2 4102/3623/2
f 4069/3637/2 4103/3638/2 4102/3623/2
f 4069/3637/2 4068/760/2 4103/3638/2
f 4068/760/2 4104/759/2 4103/3638/2
f 4066/3639/2 4104/759/2 4067/758/2
f 4065/3640/2 4104/759/2 4066/3639/2
f 4064/3641/2 4104/759/2 4065/3640/2
f 4063/3642/2 4104/759/2 4064/3641/2
f 4063/3642/2 4105/3643/2 4104/759/2
f 4062/3644/2 4105/3643/2 4063/3642/2
f 4061/3645/2 4105/3643/2 4062/3644/2
f 4060/3646/2 4105/3643/2 4061/3645/2
f 4060/3646/2 4106/3647/2 4105/3643/2
f 4059/3648/2 4106/3647/2 4060/3646/2
f 4058/3649/2 4106/3647/2 4059/3648/2
f 4058/3649/2 4107/3650/2 4106/3647/2
f 4057/3651/2 4107/3650/2 4058/3649/2
f 4056/3652/2 4107/3650/2 4057/3651/2
f 4055/3653/2 4169/3654/2 4056/3652/2
f 4169/3654/2 4107/3650/2 4056/3652/2
f 4054/3655/2 4169/3654/2 4055/3653/2
f 4053/3656/2 4169/3654/2 4054/3655/2
f 4052/3657/2 4169/3654/2 4053/3656/2
f 4051/3658/2 4169/3654/2 4052/3657/2
f 4051/3658/2 4133/3659/2 4169/3654/2
f 4168/3660/2 4107/3650/2 4169/3654/2
f 4051/3658/2 4134/3661/2 4133/3659/2
f 4050/3662/2 4134/3661/2 4051/3658/2
f 4050/3662/2 4135/3663/2 4134/3661/2
f 4049/3664/2 4135/3663/2 4050/3662/2
f 4049/3664/2 4136/3665/2 4135/3663/2
f 4048/3666/2 4136/3665/2 4049/3664/2
f 4048/3666/2 4137/3667/2 4136/3665/2
f 4048/3666/2 4138/3668/2 4137/3667/2
f 4047/3669/2 4138/3668/2 4048/3666/2
f 4047/3669/2 4139/3670/2 4138/3668/2
f 4046/3671/2 4139/3670/2 4047/3669/2
f 4046/3671/2 4140/3672/2 4139/3670/2
f 4046/3671/2 4141/3673/2 4140/3672/2
f 4045/3674/2 4141/3673/2 4046/3671/2
f 4045/3674/2 4142/3675/2 4141/3673/2
f 4045/3674/2 4143/3676/2 4142/3675/2
f 4044/3677/2 4143/3676/2 4045/3674/2
f 4044/3677/2 4144/3678/2 4143/3676/2
f 4043/3679/2 4144/3678/2 4044/3677/2
f 4043/3679/2 4145/3680/2 4144/3678/2
f 4043/3679/2 4146/3681/2 4145/3680/2
f 4042/3682/2 4146/3681/2 4043/3679/2
f 4042/3682/2 4147/3683/2 4146/3681/2
f 4042/3682/2 4148/3684/2 4147/3683/2
f 4167/3685/2 4107/3650/2 4168/3660/2
f 4041/3686/2 4148/3684/2 4042/3682/2
f 4166/3687/2 4107/3650/2 4167/3685/2
f 4041/3686/2 4149/3688/2 4148/3684/2
f 4165/3689/2 4107/3650/2 4166/3687/2
f 4130/3690/2 4132/3691/2 4131/3692/2
f 4165/3689/2 4108/3693/2 4107/3650/2
f 4041/3686/2 4150/3694/2 4149/3688/2
f 4129/3695/2 4132/3691/2 4130/3690/2
f 4164/3696/2 4108/3693/2 4165/3689/2
f 4164/3696/2 4109/3697/2 4108/3693/2
f 4128/3698/2 4132/3691/2 4129/3695/2
f 4040/3699/2 4150/3694/2 4041/3686/2
f 4040/3699/2 4151/3700/2 4150/3694/2
f 4164/3696/2 4110/3701/2 4109/3697/2
f 4163/3702/2 4110/3701/2 4164/3696/2
f 4127/3703/2 4132/3691/2 4128/3698/2
f 4163/3702/2 4111/3704/2 4110/3701/2
f 4162/3705/2 4111/3704/2 4163/3702/2
f 4126/3706/2 4132/3691/2 4127/3703/2
f 4040/3699/2 4152/3707/2 4151/3700/2
f 4162/3705/2 4112/3708/2 4111/3704/2
f 4125/3709/2 4132/3691/2 4126/3706/2
f 4161/3710/2 4112/3708/2 4162/3705/2
f 4161/3710/2 4113/3711/2 4112/3708/2
f 4124/3712/2 4132/3691/2 4125/3709/2
f 4040/3699/2 4153/3713/2 4152/3707/2
f 4161/3710/2 4114/3714/2 4113/3711/2
f 4160/3715/2 4114/3714/2 4161/3710/2
f 4123/3716/2 4132/3691/2 4124/3712/2
f 4160/3715/2 4115/3717/2 4114/3714/2
f 4039/3718/2 4153/3713/2 4040/3699/2
f 4122/3719/2 4132/3691/2 4123/3716/2
f 4039/3718/2 4154/3720/2 4153/3713/2
f 4159/3721/2 4115/3717/2 4160/3715/2
f 4159/3721/2 4116/3722/2 4115/3717/2
f 4121/3723/2 4132/3691/2 4122/3719/2
f 4159/3721/2 4117/3724/2 4116/3722/2
f 4120/3725/2 4132/3691/2 4121/3723/2
f 4158/761/2 4117/3724/2 4159/3721/2
f 4158/761/2 4118/763/2 4117/3724/2
f 4119/762/2 4132/3691/2 4120/3725/2
f 4039/3718/2 4155/3726/2 4154/3720/2
f 4158/761/2 4132/3691/2 4119/762/2
f 4157/3727/2 4132/3691/2 4158/761/2
f 4039/3718/2 4156/3728/2 4155/3726/2
f 4156/3728/2 4132/3691/2 4157/3727/2
f 4039/3718/2 4019/3729/2 4156/3728/2
f 4019/3729/2 4132/3691/2 4156/3728/2
f 4038/3730/2 4019/3729/2 4039/3718/2
f 4038/3730/2 4020/3731/2 4019/3729/2
f 4018/3732/2 4132/3691/2 4019/3729/2
f 4037/3733/2 4020/3731/2 4038/3730/2
f 4037/3733/2 4021/3734/2 4020/3731/2
f 4017/3735/2 4132/3691/2 4018/3732/2
f 4017/3735/2 3996/3736/2 4132/3691/2
f 4036/3737/2 4021/3734/2 4037/3733/2
f 4036/3737/2 4022/3738/2 4021/3734/2
f 4016/3739/2 3996/3736/2 4017/3735/2
f 4016/3739/2 3997/3740/2 3996/3736/2
f 4036/3737/2 4023/3741/2 4022/3738/2
f 4015/3742/2 3997/3740/2 4016/3739/2
f 4035/3743/2 4023/3741/2 4036/3737/2
f 4015/3742/2 3998/3744/2 3997/3740/2
f 4035/3743/2 4024/3745/2 4023/3741/2
f 4014/3746/2 3998/3744/2 4015/3742/2
f 4014/3746/2 3999/3747/2 3998/3744/2
f 4034/3748/2 4024/3745/2 4035/3743/2
f 4034/3748/2 4025/3749/2 4024/3745/2
f 4013/3750/2 3999/3747/2 4014/3746/2
f 4013/3750/2 4000/3751/2 3999/3747/2
f 4034/3748/2 4026/3752/2 4025/3749/2
f 4012/3753/2 4000/3751/2 4013/3750/2
f 4012/3753/2 4001/3754/2 4000/3751/2
f 4033/3755/2 4026/3752/2 4034/3748/2
f 4033/3755/2 4027/3756/2 4026/3752/2
f 4011/3757/2 4001/3754/2 4012/3753/2
f 4011/3757/2 4002/3758/2 4001/3754/2
f 4033/3755/2 4028/3759/2 4027/3756/2
f 4011/3757/2 4003/3760/2 4002/3758/2
f 4010/3761/2 4003/3760/2 4011/3757/2
f 4032/3762/2 4028/3759/2 4033/3755/2
f 4010/3761/2 4004/3763/2 4003/3760/2
f 4032/3762/2 4029/3764/2 4028/3759/2
f 4009/3765/2 4004/3763/2 4010/3761/2
f 4009/3765/2 4005/766/2 4004/3763/2
f 4032/3762/2 4030/3766/2 4029/3764/2
f 4008/764/2 4005/766/2 4009/3765/2
f 4031/3767/2 4030/3766/2 4032/3762/2
f 4007/3768/2 4006/765/2 4008/764/2
f 4181/3769/2 4183/3770/2 4182/3771/2
f 4180/3772/2 4183/3770/2 4181/3769/2
f 4180/3772/2 4184/3773/2 4183/3770/2
f 4179/3774/2 4184/3773/2 4180/3772/2
f 4178/3775/2 4184/3773/2 4179/3774/2
f 4178/3775/2 4185/3776/2 4184/3773/2
f 4177/3777/2 4185/3776/2 4178/3775/2
f 4223/3778/2 4225/3779/2 4224/3780/2
f 4223/3778/2 4226/3781/2 4225/3779/2
f 4177/3777/2 4186/3782/2 4185/3776/2
f 4176/3783/2 4186/3782/2 4177/3777/2
f 4175/3784/2 4186/3782/2 4176/3783/2
f 4175/3784/2 4187/3785/2 4186/3782/2
f 4174/3786/2 4187/3785/2 4175/3784/2
f 4174/3786/2 4188/3787/2 4187/3785/2
f 4173/3788/2 4188/3787/2 4174/3786/2
f 4172/3789/2 4188/3787/2 4173/3788/2
f 4172/3789/2 4189/3790/2 4188/3787/2
f 4171/3791/2 4189/3790/2 4172/3789/2
f 4170/3792/2 4189/3790/2 4171/3791/2
f 4170/3792/2 4209/769/2 4189/3790/2
f 4209/769/2 4190/768/2 4189/3790/2
f 4223/3778/2 4170/3792/2 4226/3781/2
f 4223/3778/2 4221/3793/2 4170/3792/2
f 4221/3793/2 4220/3794/2 4170/3792/2
f 4220/3794/2 4219/3795/2 4170/3792/2
f 4219/3795/2 4218/3796/2 4170/3792/2
f 4218/3796/2 4217/3797/2 4170/3792/2
f 4217/3797/2 4216/3798/2 4170/3792/2
f 4216/3798/2 4215/3799/2 4170/3792/2
f 4215/3799/2 4214/3800/2 4170/3792/2
f 4214/3800/2 4213/3801/2 4170/3792/2
f 4213/3801/2 4212/3802/2 4170/3792/2
f 4212/3802/2 4211/3803/2 4170/3792/2
f 4211/3803/2 4210/3804/2 4170/3792/2
f 4210/3804/2 4209/769/2 4170/3792/2
f 4207/3805/2 4190/768/2 4208/767/2
f 4206/3806/2 4190/768/2 4207/3805/2
f 4205/3807/2 4190/768/2 4206/3806/2
f 4205/3807/2 4191/3808/2 4190/768/2
f 4204/3809/2 4191/3808/2 4205/3807/2
f 4203/3810/2 4191/3808/2 4204/3809/2
f 4202/3811/2 4191/3808/2 4203/3810/2
f 4202/3811/2 4192/3812/2 4191/3808/2
f 4201/3813/2 4192/3812/2 4202/3811/2
f 4200/3814/2 4192/3812/2 4201/3813/2
f 4200/3814/2 4193/3815/2 4192/3812/2
f 4199/3816/2 4193/3815/2 4200/3814/2
f 4223/3778/2 4222/3817/2 4221/3793/2
f 4198/3818/2 4193/3815/2 4199/3816/2
f 4198/3818/2 4194/3819/2 4193/3815/2
f 4197/3820/2 4194/3819/2 4198/3818/2
f 4196/3821/2 4194/3819/2 4197/3820/2
f 4196/3821/2 4195/3822/2 4194/3819/2
f 4261/3823/2 4263/3824/2 4262/3825/2
f 4261/3823/2 4264/3826/2 4263/3824/2
f 4260/3827/2 4264/3826/2 4261/3823/2
f 4260/3827/2 4265/3828/2 4264/3826/2
f 4259/3829/2 4265/3828/2 4260/3827/2
f 4259/3829/2 4266/3830/2 4265/3828/2
f 4258/3831/2 4266/3830/2 4259/3829/2
f 4258/3831/2 4267/3832/2 4266/3830/2
f 4257/3833/2 4267/3832/2 4258/3831/2
f 4257/3833/2 4268/3834/2 4267/3832/2
f 4256/3835/2 4268/3834/2 4257/3833/2
f 4256/3835/2 4269/3836/2 4268/3834/2
f 4255/3837/2 4310/3838/2 4256/3835/2
f 4310/3838/2 4269/3836/2 4256/3835/2
f 4255/3837/2 4311/3839/2 4310/3838/2
f 4309/3840/2 4269/3836/2 4310/3838/2
f 4255/3837/2 4312/3841/2 4311/3839/2
f 4308/3842/2 4269/3836/2 4309/3840/2
f 4255/3837/2 4313/3843/2 4312/3841/2
f 4307/3844/2 4269/3836/2 4308/3842/2
f 4307/3844/2 4270/3845/2 4269/3836/2
f 4254/3846/2 4313/3843/2 4255/3837/2
f 4254/3846/2 4314/3847/2 4313/3843/2
f 4306/3848/2 4270/3845/2 4307/3844/2
f 4254/3846/2 4315/3849/2 4314/3847/2
f 4305/3850/2 4270/3845/2 4306/3848/2
f 4254/3846/2 4316/3851/2 4315/3849/2
f 4304/3852/2 4270/3845/2 4305/3850/2
f 4304/3852/2 4271/3853/2 4270/3845/2
f 4253/3854/2 4316/3851/2 4254/3846/2
f 4253/3854/2 4317/3855/2 4316/3851/2
f 4303/3856/2 4271/3853/2 4304/3852/2
f 4253/3854/2 4318/3857/2 4317/3855/2
f 4302/3858/2 4271/3853/2 4303/3856/2
f 4302/3858/2 4272/3859/2 4271/3853/2
f 4252/3860/2 4318/3857/2 4253/3854/2
f 4252/3860/2 4319/3861/2 4318/3857/2
f 4301/3862/2 4272/3859/2 4302/3858/2
f 4301/3862/2 4273/3863/2 4272/3859/2
f 4251/3864/2 4319/3861/2 4252/3860/2
f 4251/3864/2 4320/3865/2 4319/3861/2
f 4300/3866/2 4273/3863/2 4301/3862/2
f 4251/3864/2 4321/3867/2 4320/3865/2
f 4299/3868/2 4273/3863/2 4300/3866/2
f 4299/3868/2 4274/3869/2 4273/3863/2
f 4250/3870/2 4321/3867/2 4251/3864/2
f 4250/3870/2 4322/3871/2 4321/3867/2
f 4298/3872/2 4274/3869/2 4299/3868/2
f 4249/3873/2 4322/3871/2 4250/3870/2
f 4249/3873/2 4275/3874/2 4322/3871/2
f 4298/3872/2 4227/3875/2 4274/3869/2
f 4297/3876/2 4227/3875/2 4298/3872/2
f 4249/3873/2 4276/3877/2 4275/3874/2
f 4296/3878/2 4227/3875/2 4297/3876/2
f 4248/3879/2 4276/3877/2 4249/3873/2
f 4296/3878/2 4228/3880/2 4227/3875/2
f 4248/3879/2 4277/3881/2 4276/3877/2
f 4295/3882/2 4228/3880/2 4296/3878/2
f 4248/3879/2 4278/3883/2 4277/3881/2
f 4247/3884/2 4278/3883/2 4248/3879/2
f 4294/3885/2 4228/3880/2 4295/3882/2
f 4294/3885/2 4229/3886/2 4228/3880/2
f 4247/3884/2 4279/3887/2 4278/3883/2
f 4293/3888/2 4229/3886/2 4294/3885/2
f 4246/3889/2 4279/3887/2 4247/3884/2
f 4293/3888/2 4230/3890/2 4229/3886/2
f 4246/3889/2 4280/3891/2 4279/3887/2
f 4292/3892/2 4230/3890/2 4293/3888/2
f 4246/3889/2 4281/3893/2 4280/3891/2
f 4291/3894/2 4230/3890/2 4292/3892/2
f 4245/3895/2 4281/3893/2 4246/3889/2
f 4291/3894/2 4231/3896/2 4230/3890/2
f 4245/3895/2 4282/3897/2 4281/3893/2
f 4290/3898/2 4231/3896/2 4291/3894/2
f 4245/3895/2 4283/3899/2 4282/3897/2
f 4289/3900/2 4231/3896/2 4290/3898/2
f 4245/3895/2 4284/3901/2 4283/3899/2
f 4288/3902/2 4231/3896/2 4289/3900/2
f 4244/3903/2 4284/3901/2 4245/3895/2
f 4288/3902/2 4232/3904/2 4231/3896/2
f 4244/3903/2 4285/3905/2 4284/3901/2
f 4287/3906/2 4232/3904/2 4288/3902/2
f 4244/3903/2 4286/3907/2 4285/3905/2
f 4286/3907/2 4232/3904/2 4287/3906/2
f 4244/3903/2 4232/3904/2 4286/3907/2
f 4243/3908/2 4232/3904/2 4244/3903/2
f 4243/3908/2 4233/3909/2 4232/3904/2
f 4242/3910/2 4233/3909/2 4243/3908/2
f 4242/3910/2 4234/3911/2 4233/3909/2
f 4241/3912/2 4234/3911/2 4242/3910/2
f 4241/3912/2 4235/3913/2 4234/3911/2
f 4240/3914/2 4235/3913/2 4241/3912/2
f 4240/3914/2 4236/3915/2 4235/3913/2
f 4239/3916/2 4236/3915/2 4240/3914/2
f 4239/3916/2 4237/3917/2 4236/3915/2
f 4238/3918/2 4237/3917/2 4239/3916/2
f 4348/3919/2 4375/3920/2 4349/3921/2
f 4375/3920/2 4323/3922/2 4349/3921/2
f 4375/3920/2 4324/3923/2 4323/3922/2
f 4375/3920/2 4325/3924/2 4324/3923/2
f 4375/3920/2 4326/3925/2 4325/3924/2
f 4375/3920/2 4327/3926/2 4326/3925/2
f 4375/3920/2 4328/3927/2 4327/3926/2
f 4375/3920/2 4374/3928/2 4328/3927/2
f 4374/3928/2 4373/3929/2 4328/3927/2
f 4373/3929/2 4329/3930/2 4328/3927/2
f 4348/3919/2 4376/3931/2 4375/3920/2
f 4372/3932/2 4329/3930/2 4373/3929/2
f 4371/3933/2 4329/3930/2 4372/3932/2
f 4370/3934/2 4329/3930/2 4371/3933/2
f 4370/3934/2 4330/3935/2 4329/3930/2
f 4369/3936/2 4330/3935/2 4370/3934/2
f 4368/3937/2 4330/3935/2 4369/3936/2
f 4368/3937/2 4331/3938/2 4330/3935/2
f 4367/3939/2 4331/3938/2 4368/3937/2
f 4367/3939/2 4332/3940/2 4331/3938/2
f 4366/3941/2 4332/3940/2 4367/3939/2
f 4365/3942/2 4332/3940/2 4366/3941/2
f 4365/3942/2 4333/3943/2 4332/3940/2
f 4364/3944/2 4333/3943/2 4365/3942/2
f 4364/3944/2 4334/3945/2 4333/3943/2
f 4363/3946/2 4334/3945/2 4364/3944/2
f 4363/3946/2 4335/3947/2 4334/3945/2
f 4362/3948/2 4335/3947/2 4363/3946/2
f 4361/3949/2 4335/3947/2 4362/3948/2
f 4361/3949/2 4336/3950/2 4335/3947/2
f 4360/3951/2 4336/3950/2 4361/3949/2
f 4360/3951/2 4337/3952/2 4336/3950/2
f 4359/3953/2 4337/3952/2 4360/3951/2
f 4358/3954/2 4337/3952/2 4359/3953/2
f 4358/3954/2 4338/3955/2 4337/3952/2
f 4357/3956/2 4338/3955/2 4358/3954/2
f 4357/3956/2 4339/3957/2 4338/3955/2
f 4356/3958/2 4339/3957/2 4357/3956/2
f 4355/3959/2 4339/3957/2 4356/3958/2
f 4355/3959/2 4340/3960/2 4339/3957/2
f 4354/3961/2 4340/3960/2 4355/3959/2
f 4354/3961/2 4341/3962/2 4340/3960/2
f 4353/3963/2 4341/3962/2 4354/3961/2
f 4352/3964/2 4341/3962/2 4353/3963/2
f 4352/3964/2 4342/3965/2 4341/3962/2
f 4351/3966/2 4342/3965/2 4352/3964/2
f 4350/3967/2 4342/3965/2 4351/3966/2
f 4348/3919/2 4350/3967/2 4376/3931/2
f 4348/3919/2 4342/3965/2 4350/3967/2
f 4348/3919/2 4343/3968/2 4342/3965/2
f 4348/3919/2 4344/3969/2 4343/3968/2
f 4348/3919/2 4345/3970/2 4344/3969/2
f 4348/3919/2 4346/3971/2 4345/3970/2
f 4348/3919/2 4347/3972/2 4346/3971/2
f 4460/3973/2 4462/3974/2 4461/3975/2
f 4460/3973/2 4463/3976/2 4462/3974/2
f 4460/3973/2 4464/3977/2 4463/3976/2
f 4459/3978/2 4464/3977/2 4460/3973/2
f 4459/3978/2 4465/3979/2 4464/3977/2
f 4459/3978/2 4466/3980/2 4465/3979/2
f 4459/3978/2 4467/3981/2 4466/3980/2
f 4458/3982/2 4467/3981/2 4459/3978/2
f 4458/3982/2 4468/3983/2 4467/3981/2
f 4458/3982/2 4469/3984/2 4468/3983/2
f 4458/3982/2 4470/3985/2 4469/3984/2
f 4457/3986/2 4470/3985/2 4458/3982/2
f 4457/3986/2 4471/3987/2 4470/3985/2
f 4457/3986/2 4472/3988/2 4471/3987/2
f 4457/3986/2 4473/3989/2 4472/3988/2
f 4456/3990/2 4473/3989/2 4457/3986/2
f 4456/3990/2 4384/3991/2 4473/3989/2
f 4384/3991/2 4383/3992/2 4473/3989/2
f 4383/3992/2 4382/3993/2 4473/3989/2
f 4382/3993/2 4381/3994/2 4473/3989/2
f 4381/3994/2 4380/3995/2 4473/3989/2
f 4380/3995/2 4379/3996/2 4473/3989/2
f 4379/3996/2 4378/3997/2 4473/3989/2
f 4378/3997/2 4377/3998/2 4473/3989/2
f 4377/3998/2 4474/3999/2 4473/3989/2
f 4455/4000/2 4386/4001/2 4456/3990/2
f 4386/4001/2 4385/4002/2 4456/3990/2
f 4385/4002/2 4384/3991/2 4456/3990/2
f 4454/4003/2 4388/4004/2 4455/4000/2
f 4388/4004/2 4387/4005/2 4455/4000/2
f 4387/4005/2 4386/4001/2 4455/4000/2
f 4454/4003/2 4389/4006/2 4388/4004/2
f 4454/4003/2 4390/4007/2 4389/4006/2
f 4454/4003/2 4391/4008/2 4390/4007/2
f 4453/4009/2 4391/4008/2 4454/4003/2
f 4453/4009/2 4392/4010/2 4391/4008/2
f 4453/4009/2 4393/4011/2 4392/4010/2
f 4453/4009/2 4394/4012/2 4393/4011/2
f 4452/4013/2 4394/4012/2 4453/4009/2
f 4452/4013/2 4395/4014/2 4394/4012/2
f 4452/4013/2 4396/4015/2 4395/4014/2
f 4451/4016/2 4396/4015/2 4452/4013/2
f 4451/4016/2 4397/4017/2 4396/4015/2
f 4451/4016/2 4398/4018/2 4397/4017/2
f 4450/4019/2 4398/4018/2 4451/4016/2
f 4450/4019/2 4399/4020/2 4398/4018/2
f 4449/4021/2 4399/4020/2 4450/4019/2
f 4449/4021/2 4400/4022/2 4399/4020/2
f 4449/4021/2 4401/4023/2 4400/4022/2
f 4448/4024/2 4401/4023/2 4449/4021/2
f 4448/4024/2 4402/4025/2 4401/4023/2
f 4447/4026/2 4402/4025/2 4448/4024/2
f 4447/4026/2 4403/4027/2 4402/4025/2
f 4447/4026/2 4404/4028/2 4403/4027/2
f 4446/4029/2 4404/4028/2 4447/4026/2
f 4446/4029/2 4405/4030/2 4404/4028/2
f 4446/4029/2 4406/4031/2 4405/4030/2
f 4445/4032/2 4406/4031/2 4446/4029/2
f 4445/4032/2 4407/4033/2 4406/4031/2
f 4423/4034/2 4425/4035/2 4424/4036/2
f 4445/4032/2 4408/4037/2 4407/4033/2
f 4422/4038/2 4425/4035/2 4423/4034/2
f 4444/4039/2 4408/4037/2 4445/4032/2
f 4421/4040/2 4425/4035/2 4422/4038/2
f 4444/4039/2 4409/4041/2 4408/4037/2
f 4420/4042/2 4425/4035/2 4421/4040/2
f 4419/4043/2 4425/4035/2 4420/4042/2
f 4418/4044/2 4425/4035/2 4419/4043/2
f 4444/4039/2 4410/4045/2 4409/4041/2
f 4417/4046/2 4425/4035/2 4418/4044/2
f 4416/4047/2 4425/4035/2 4417/4046/2
f 4444/4039/2 4411/4048/2 4410/4045/2
f 4415/4049/2 4425/4035/2 4416/4047/2
f 4414/4050/2 4425/4035/2 4415/4049/2
f 4444/4039/2 4412/4051/2 4411/4048/2
f 4413/4052/2 4425/4035/2 4414/4050/2
f 4443/4053/2 4412/4051/2 4444/4039/2
f 4412/4051/2 4425/4035/2 4413/4052/2
f 4443/4053/2 4425/4035/2 4412/4051/2
f 4442/4054/2 4425/4035/2 4443/4053/2
f 4441/4055/2 4425/4035/2 4442/4054/2
f 4440/4056/2 4425/4035/2 4441/4055/2
f 4440/4056/2 4426/4057/2 4425/4035/2
f 4440/4056/2 4427/4058/2 4426/4057/2
f 4440/4056/2 4428/4059/2 4427/4058/2
f 4439/4060/2 4428/4059/2 4440/4056/2
f 4439/4060/2 4429/4061/2 4428/4059/2
f 4439/4060/2 4430/4062/2 4429/4061/2
f 4439/4060/2 4431/4063/2 4430/4062/2
f 4439/4060/2 4432/4064/2 4431/4063/2
f 4438/4065/2 4432/4064/2 4439/4060/2
f 4438/4065/2 4433/4066/2 4432/4064/2
f 4438/4065/2 4434/4067/2 4433/4066/2
f 4438/4065/2 4435/772/2 4434/4067/2
f 4437/770/2 4435/772/2 4438/4065/2
f 4483/4068/2 4485/4069/2 4484/4070/2
f 4483/4068/2 4481/4071/2 4485/4069/2
f 4481/4071/2 4480/4072/2 4485/4069/2
f 4480/4072/2 4486/4073/2 4485/4069/2
f 4486/4073/2 4488/4074/2 4487/4075/2
f 4486/4073/2 4477/4076/2 4488/4074/2
f 4477/4076/2 4476/4077/2 4488/4074/2
f 4476/4077/2 4489/4078/2 4488/4074/2
f 4483/4068/2 4482/4079/2 4481/4071/2
f 4479/4080/2 4486/4073/2 4480/4072/2
f 4486/4073/2 4478/4081/2 4477/4076/2
f 4475/4082/2 4489/4078/2 4476/4077/2
f 4479/4080/2 4478/4081/2 4486/4073/2
s 1
f 1434/4083/8 1436/1489/8 1435/1492/8 1433/4084/8
f 1438/1490/9 1440/4085/9 1439/4086/9 1437/1491/9
f 1440/4085/9 1442/4087/11 1441/4088/11 1439/4086/9
f 1442/4087/11 1444/4089/11 1443/4090/11 1441/4088/11
f 1444/4089/11 1446/4091/10 1445/4092/10 1443/4090/11
f 1446/4091/10 1448/4093/10 1447/4094/10 1445/4092/10
f 1448/4093/10 1450/4095/8 1449/4096/8 1447/4094/10
f 1450/4095/8 1452/4097/12 1451/4098/12 1449/4096/8
f 1452/4097/12 1454/4099/106 1453/4100/106 1451/4098/12
f 1454/4099/106 1456/4101/107 1455/4102/107 1453/4100/106
f 1456/4101/107 1458/4103/108 1457/4104/108 1455/4102/107
f 1458/4103/108 1460/4105/109 1459/4106/109 1457/4104/108
f 1460/4105/109 1462/4107/10 1461/4108/10 1459/4106/109
f 1462/4107/10 1434/4109/8 1433/4110/8 1461/4108/10
f 1464/4111/110 1466/4112/111 1465/4113/111 1463/4114/110
f 1466/4112/111 1468/4115/112 1467/4116/112 1465/4113/111
f 1468/4115/112 1470/4117/113 1469/4118/113 1467/4116/112
f 1470/4117/113 1472/4119/114 1471/4120/114 1469/4118/113
f 1472/4119/114 1474/4121/115 1473/4122/115 1471/4120/114
f 1474/4121/115 1476/4123/116 1475/4124/116 1473/4122/115
f 1476/4123/116 1478/4125/117 1477/4126/117 1475/4124/116
f 1478/4125/117 1480/4127/118 1479/4128/118 1477/4126/117
f 1480/4127/118 1482/4129/119 1481/4130/119 1479/4128/118
f 1482/4129/119 1484/4131/120 1483/4132/120 1481/4130/119
f 1484/4131/120 1486/4133/121 1485/4134/121 1483/4132/120
f 1486/4133/121 1488/4135/122 1487/4136/122 1485/4134/121
f 1488/4135/122 1490/4137/123 1489/4138/123 1487/4136/122
f 1490/4137/123 1492/4139/124 1491/4140/124 1489/4138/123
f 1492/4139/124 1494/4141/125 1493/4142/125 1491/4140/124
f 1494/4141/125 1496/4143/126 1495/4144/126 1493/4142/125
f 1496/4143/126 1498/4145/127 1497/4146/127 1495/4144/126
f 1498/4145/127 1500/4147/128 1499/4148/128 1497/4146/127
f 1500/4147/128 1502/4149/129 1501/4150/129 1499/4148/128
f 1502/4149/129 1504/4151/130 1503/4152/130 1501/4150/129
f 1504/4151/130 1506/4153/131 1505/4154/131 1503/4152/130
f 1506/4153/131 1508/4155/132 1507/4156/132 1505/4154/131
f 1508/4155/132 1510/4157/133 1509/4158/133 1507/4156/132
f 1510/4157/133 1512/4159/134 1511/4160/134 1509/4158/133
f 1512/4159/134 1514/4161/135 1513/4162/135 1511/4160/134
f 1514/4161/135 1516/4163/136 1515/4164/136 1513/4162/135
f 1516/4163/136 1518/4165/137 1517/4166/137 1515/4164/136
f 1518/4165/137 1520/4167/138 1519/4168/138 1517/4166/137
f 1520/4167/138 1522/4169/139 1521/4170/139 1519/4168/138
f 1522/4169/139 1524/4171/140 1523/4172/140 1521/4170/139
f 1524/4171/140 1526/4173/141 1525/4174/141 1523/4172/140
f 1526/4173/141 1528/4175/142 1527/4176/142 1525/4174/141
f 1528/4175/142 1530/4177/143 1529/4178/143 1527/4176/142
f 1530/4177/143 1532/4179/144 1531/4180/144 1529/4178/143
f 1532/4179/144 1534/4181/145 1533/4182/145 1531/4180/144
f 1534/4181/145 1536/4183/146 1535/4184/146 1533/4182/145
f 1536/4183/146 1538/4185/147 1537/4186/147 1535/4184/146
f 1538/4185/147 1540/4187/148 1539/4188/148 1537/4186/147
f 1540/4187/148 1542/4189/149 1541/4190/149 1539/4188/148
f 1542/4189/149 1544/4191/150 1543/4192/150 1541/4190/149
f 1544/4191/150 1546/4193/151 1545/4194/151 1543/4192/150
f 1546/4193/151 1548/4195/152 1547/4196/152 1545/4194/151
f 1548/4195/152 1550/4197/153 1549/4198/153 1547/4196/152
f 1550/4197/153 1552/4199/154 1551/4200/154 1549/4198/153
f 1552/4199/154 1554/4201/155 1553/4202/155 1551/4200/154
f 1554/4201/155 1556/4203/156 1555/4204/156 1553/4202/155
f 1556/4203/156 1558/4205/157 1557/4206/157 1555/4204/156
f 1558/4205/157 1560/4207/158 1559/4208/158 1557/4206/157
f 1560/4207/158 1562/4209/159 1561/4210/159 1559/4208/158
f 1562/4209/159 1564/4211/160 1563/4212/160 1561/4210/159
f 1564/4211/160 1566/4213/161 1565/4214/161 1563/4212/160
f 1566/4213/161 1568/4215/162 1567/4216/162 1565/4214/161
f 1568/4215/162 1570/4217/163 1569/4218/163 1567/4216/162
f 1570/4217/163 1572/4219/164 1571/4220/164 1569/4218/163
f 1572/4219/164 1574/4221/165 1573/4222/165 1571/4220/164
f 1574/4221/165 1576/4223/166 1575/4224/166 1573/4222/165
f 1576/4223/166 1578/4225/167 1577/4226/167 1575/4224/166
f 1578/4225/167 1580/4227/168 1579/4228/168 1577/4226/167
f 1580/4227/168 1582/4229/169 1581/4230/169 1579/4228/168
f 1582/4229/169 1584/4231/170 1583/4232/170 1581/4230/169
f 1584/4231/170 1586/4233/171 1585/4234/171 1583/4232/170
f 1586/4233/171 1588/4235/172 1587/4236/172 1585/4234/171
f 1588/4235/172 1590/4237/173 1589/4238/173 1587/4236/172
f 1590/4237/173 1592/4239/174 1591/4240/174 1589/4238/173
f 1592/4239/174 1594/4241/175 1593/4242/175 1591/4240/174
f 1594/4241/175 1596/4243/176 1595/4244/176 1593/4242/175
f 1596/4243/176 1598/4245/177 1597/4246/177 1595/4244/176
f 1598/4245/177 1600/4247/178 1599/4248/178 1597/4246/177
f 1600/4247/178 1602/4249/179 1601/4250/179 1599/4248/178
f 1602/4249/179 1604/4251/180 1603/4252/180 1601/4250/179
f 1604/4251/180 1606/4253/181 1605/4254/181 1603/4252/180
f 1606/4253/181 1608/4255/182 1607/4256/182 1605/4254/181
f 1608/4255/182 1610/4257/183 1609/4258/183 1607/4256/182
f 1610/4257/183 1612/4259/184 1611/4260/184 1609/4258/183
f 1612/4259/184 1614/4261/185 1613/4262/185 1611/4260/184
f 1614/4261/185 1616/4263/186 1615/4264/186 1613/4262/185
f 1616/4263/186 1618/4265/187 1617/4266/187 1615/4264/186
f 1618/4265/187 1620/4267/188 1619/4268/188 1617/4266/187
f 1620/4267/188 1622/4269/189 1621/4270/189 1619/4268/188
f 1622/4269/189 1624/4271/190 1623/4272/190 1621/4270/189
f 1624/4271/190 1626/4273/191 1625/4274/191 1623/4272/190
f 1626/4273/191 1628/4275/192 1627/4276/192 1625/4274/191
f 1628/4275/192 1630/4277/193 1629/4278/193 1627/4276/192
f 1630/4277/193 1632/4279/194 1631/4280/194 1629/4278/193
f 1632/4279/194 1634/4281/195 1633/4282/195 1631/4280/194
f 1634/4281/195 1636/4283/196 1635/4284/196 1633/4282/195
f 1636/4283/196 1638/4285/197 1637/4286/197 1635/4284/196
f 1638/4285/197 1640/4287/198 1639/4288/198 1637/4286/197
f 1640/4287/198 1642/4289/199 1641/4290/199 1639/4288/198
f 1642/4289/199 1644/4291/200 1643/4292/200 1641/4290/199
f 1644/4291/200 1646/4293/201 1645/4294/201 1643/4292/200
f 1646/4293/201 1648/4295/202 1647/4296/202 1645/4294/201
f 1648/4295/202 1650/4297/203 1649/4298/203 1647/4296/202
f 1650/4297/203 1652/4299/204 1651/4300/204 1649/4298/203
f 1652/4299/204 1654/4301/205 1653/4302/205 1651/4300/204
f 1654/4301/205 1656/4303/206 1655/4304/206 1653/4302/205
f 1656/4303/206 1658/4305/207 1657/4306/207 1655/4304/206
f 1658/4305/207 1464/4307/110 1463/4308/110 1657/4306/207
f 1660/4309/208 1662/4310/209 1661/4311/209 1659/4312/208
f 1662/4310/209 1664/4313/210 1663/4314/210 1661/4311/209
f 1664/4313/210 1666/4315/211 1665/4316/211 1663/4314/210
f 1666/4315/211 1668/4317/212 1667/4318/212 1665/4316/211
f 1668/4317/212 1670/4319/213 1669/4320/213 1667/4318/212
f 1670/4319/213 1672/4321/214 1671/4322/214 1669/4320/213
f 1672/4321/214 1674/4323/215 1673/4324/215 1671/4322/214
f 1674/4323/215 1676/4325/216 1675/4326/216 1673/4324/215
f 1676/4325/216 1678/4327/217 1677/4328/217 1675/4326/216
f 1678/4327/217 1680/4329/218 1679/4330/218 1677/4328/217
f 1680/4329/218 1682/4331/219 1681/4332/219 1679/4330/218
f 1682/4331/219 1684/4333/220 1683/4334/220 1681/4332/219
f 1684/4333/220 1686/4335/221 1685/4336/221 1683/4334/220
f 1686/4335/221 1688/4337/222 1687/4338/222 1685/4336/221
f 1688/4337/222 1690/4339/223 1689/4340/223 1687/4338/222
f 1690/4339/223 1692/4341/224 1691/4342/224 1689/4340/223
f 1692/4341/224 1694/4343/225 1693/4344/225 1691/4342/224
f 1694/4343/225 1696/4345/226 1695/4346/226 1693/4344/225
f 1696/4345/226 1698/4347/227 1697/4348/227 1695/4346/226
f 1698/4347/227 1700/4349/228 1699/4350/228 1697/4348/227
f 1700/4349/228 1702/4351/229 1701/4352/229 1699/4350/228
f 1702/4351/229 1704/4353/230 1703/4354/230 1701/4352/229
f 1704/4353/230 1706/4355/231 1705/4356/231 1703/4354/230
f 1706/4355/231 1708/4357/232 1707/4358/232 1705/4356/231
f 1708/4357/232 1710/4359/8 1709/4360/8 1707/4358/232
f 1710/4359/8 1712/4361/12 1711/4362/12 1709/4360/8
f 1712/4361/12 1660/4363/208 1659/4364/208 1711/4362/12
f 1714/4365/233 1716/4366/234 1715/4367/234 1713/4368/233
f 1716/4366/234 1718/4369/235 1717/4370/235 1715/4367/234
f 1718/4369/235 1720/4371/236 1719/4372/236 1717/4370/235
f 1720/4371/236 1722/4373/237 1721/4374/237 1719/4372/236
f 1722/4373/237 1724/4375/238 1723/4376/238 1721/4374/237
f 1724/4375/238 1726/4377/239 1725/4378/239 1723/4376/238
f 1726/4377/239 1728/4379/240 1727/4380/240 1725/4378/239
f 1728/4379/240 1730/4381/241 1729/4382/241 1727/4380/240
f 1730/4381/241 1732/4383/242 1731/4384/242 1729/4382/241
f 1732/4383/242 1734/4385/243 1733/4386/243 1731/4384/242
f 1734/4385/243 1736/4387/244 1735/4388/244 1733/4386/243
f 1736/4387/244 1738/4389/245 1737/4390/245 1735/4388/244
f 1738/4389/245 1740/4391/246 1739/4392/246 1737/4390/245
f 1740/4391/246 1742/4393/247 1741/4394/247 1739/4392/246
f 1742/4393/247 1744/4395/248 1743/4396/248 1741/4394/247
f 1744/4395/248 1746/4397/249 1745/4398/249 1743/4396/248
f 1746/4397/249 1748/4399/250 1747/4400/250 1745/4398/249
f 1748/4399/250 1750/4401/251 1749/4402/251 1747/4400/250
f 1750/4401/251 1752/4403/252 1751/4404/252 1749/4402/251
f 1752/4403/252 1754/4405/253 1753/4406/253 1751/4404/252
f 1754/4405/253 1756/4407/254 1755/4408/254 1753/4406/253
f 1756/4407/254 1758/4409/255 1757/4410/255 1755/4408/254
f 1758/4409/255 1760/4411/256 1759/4412/256 1757/4410/255
f 1760/4411/256 1762/4413/257 1761/4414/257 1759/4412/256
f 1762/4413/257 1764/4415/10 1763/4416/10 1761/4414/257
f 1764/4415/10 1766/4417/109 1765/4418/109 1763/4416/10
f 1766/4417/109 1714/4419/233 1713/4420/233 1765/4418/109
f 1768/4421/258 1770/4422/259 1769/4423/259 1767/4424/258
f 1770/4422/259 1772/4425/260 1771/4426/260 1769/4423/259
f 1772/4425/260 1774/4427/261 1773/4428/261 1771/4426/260
f 1774/4427/261 1776/4429/262 1775/4430/262 1773/4428/261
f 1776/4429/262 1778/4431/263 1777/4432/263 1775/4430/262
f 1778/4431/263 1780/4433/264 1779/4434/264 1777/4432/263
f 1780/4433/264 1782/4435/265 1781/4436/265 1779/4434/264
f 1782/4435/265 1784/4437/266 1783/4438/266 1781/4436/265
f 1784/4437/266 1786/4439/267 1785/4440/267 1783/4438/266
f 1786/4439/267 1788/4441/268 1787/4442/268 1785/4440/267
f 1788/4441/268 1790/4443/269 1789/4444/269 1787/4442/268
f 1790/4443/269 1792/4445/270 1791/4446/270 1789/4444/269
f 1792/4445/270 1794/4447/271 1793/4448/271 1791/4446/270
f 1794/4447/271 1796/4449/272 1795/4450/272 1793/4448/271
f 1796/4449/272 1798/4451/273 1797/4452/273 1795/4450/272
f 1798/4451/273 1800/4453/274 1799/4454/274 1797/4452/273
f 1800/4453/274 1802/4455/275 1801/4456/275 1799/4454/274
f 1802/4455/275 1804/4457/276 1803/4458/276 1801/4456/275
f 1804/4457/276 1806/4459/277 1805/4460/277 1803/4458/276
f 1806/4459/277 1808/4461/278 1807/4462/278 1805/4460/277
f 1808/4461/278 1810/4463/279 1809/4464/279 1807/4462/278
f 1810/4463/279 1812/4465/280 1811/4466/280 1809/4464/279
f 1812/4465/280 1814/4467/281 1813/4468/281 1811/4466/280
f 1814/4467/281 1816/4469/282 1815/4470/282 1813/4468/281
f 1816/4469/282 1818/4471/283 1817/4472/283 1815/4470/282
f 1818/4471/283 1820/4473/284 1819/4474/284 1817/4472/283
f 1820/4473/284 1822/4475/285 1821/4476/285 1819/4474/284
f 1822/4475/285 1824/4477/286 1823/4478/286 1821/4476/285
f 1824/4477/286 1826/4479/287 1825/4480/287 1823/4478/286
f 1826/4479/287 1828/4481/288 1827/4482/288 1825/4480/287
f 1828/4481/288 1830/4483/289 1829/4484/289 1827/4482/288
f 1830/4483/289 1832/4485/290 1831/4486/290 1829/4484/289
f 1832/4485/290 1834/4487/291 1833/4488/291 1831/4486/290
f 1834/4487/291 1836/4489/292 1835/4490/292 1833/4488/291
f 1836/4489/292 1838/4491/293 1837/4492/293 1835/4490/292
f 1838/4491/293 1840/4493/294 1839/4494/294 1837/4492/293
f 1840/4493/294 1842/4495/295 1841/4496/295 1839/4494/294
f 1842/4495/295 1844/4497/296 1843/4498/296 1841/4496/295
f 1844/4497/296 1846/4499/297 1845/4500/297 1843/4498/296
f 1846/4499/297 1848/4501/298 1847/4502/298 1845/4500/297
f 1848/4501/298 1850/4503/299 1849/4504/299 1847/4502/298
f 1850/4503/299 1852/4505/300 1851/4506/300 1849/4504/299
f 1852/4505/300 1854/4507/301 1853/4508/301 1851/4506/300
f 1854/4507/301 1856/4509/302 1855/4510/302 1853/4508/301
f 1856/4509/302 1858/4511/303 1857/4512/303 1855/4510/302
f 1858/4511/303 1860/4513/304 1859/4514/304 1857/4512/303
f 1860/4513/304 1862/4515/305 1861/4516/305 1859/4514/304
f 1862/4515/305 1768/4517/258 1767/4518/258 1861/4516/305
f 1864/4519/306 1866/4520/307 1865/4521/307 1863/4522/306
f 1866/4520/307 1868/4523/308 1867/4524/308 1865/4521/307
f 1868/4523/308 1870/4525/309 1869/4526/309 1867/4524/308
f 1870/4525/309 1872/4527/310 1871/4528/310 1869/4526/309
f 1872/4527/310 1874/4529/311 1873/4530/311 1871/4528/310
f 1874/4529/311 1876/4531/312 1875/4532/312 1873/4530/311
f 1876/4531/312 1878/4533/313 1877/4534/313 1875/4532/312
f 1878/4533/313 1880/4535/314 1879/4536/314 1877/4534/313
f 1880/4535/314 1882/4537/315 1881/4538/315 1879/4536/314
f 1882/4537/315 1884/4539/316 1883/4540/316 1881/4538/315
f 1884/4539/316 1886/4541/317 1885/4542/317 1883/4540/316
f 1886/4541/317 1888/4543/318 1887/4544/318 1885/4542/317
f 1888/4543/318 1890/4545/319 1889/4546/319 1887/4544/318
f 1890/4545/319 1892/4547/320 1891/4548/320 1889/4546/319
f 1892/4547/320 1894/4549/321 1893/4550/321 1891/4548/320
f 1894/4549/321 1896/4551/322 1895/4552/322 1893/4550/321
f 1896/4551/322 1898/4553/323 1897/4554/323 1895/4552/322
f 1898/4553/323 1900/4555/324 1899/4556/324 1897/4554/323
f 1900/4555/324 1902/4557/325 1901/4558/325 1899/4556/324
f 1902/4557/325 1904/4559/326 1903/4560/326 1901/4558/325
f 1904/4559/326 1906/4561/327 1905/4562/327 1903/4560/326
f 1906/4561/327 1908/4563/328 1907/4564/328 1905/4562/327
f 1908/4563/328 1910/4565/329 1909/4566/329 1907/4564/328
f 1910/4565/329 1912/4567/330 1911/4568/330 1909/4566/329
f 1912/4567/330 1914/4569/331 1913/4570/331 1911/4568/330
f 1914/4569/331 1916/4571/332 1915/4572/332 1913/4570/331
f 1916/4571/332 1918/4573/333 1917/4574/333 1915/4572/332
f 1918/4573/333 1920/4575/334 1919/4576/334 1917/4574/333
f 1920/4575/334 1922/4577/335 1921/4578/335 1919/4576/334
f 1922/4577/335 1924/4579/336 1923/4580/336 1921/4578/335
f 1924/4579/336 1926/4581/337 1925/4582/337 1923/4580/336
f 1926/4581/337 1928/4583/338 1927/4584/338 1925/4582/337
f 1928/4583/338 1930/4585/339 1929/4586/339 1927/4584/338
f 1930/4585/339 1932/4587/340 1931/4588/340 1929/4586/339
f 1932/4587/340 1934/4589/341 1933/4590/341 1931/4588/340
f 1934/4589/341 1936/4591/342 1935/4592/342 1933/4590/341
f 1936/4591/342 1938/4593/343 1937/4594/343 1935/4592/342
f 1938/4593/343 1940/4595/344 1939/4596/344 1937/4594/343
f 1940/4595/344 1942/4597/345 1941/4598/345 1939/4596/344
f 1942/4597/345 1944/4599/346 1943/4600/346 1941/4598/345
f 1944/4599/346 1946/4601/347 1945/4602/347 1943/4600/346
f 1946/4601/347 1948/4603/348 1947/4604/348 1945/4602/347
f 1948/4603/348 1950/4605/349 1949/4606/349 1947/4604/348
f 1950/4605/349 1952/4607/350 1951/4608/350 1949/4606/349
f 1952/4607/350 1954/4609/351 1953/4610/351 1951/4608/350
f 1954/4609/351 1956/4611/352 1955/4612/352 1953/4610/351
f 1956/4611/352 1958/4613/353 1957/4614/353 1955/4612/352
f 1958/4613/353 1864/4615/306 1863/4616/306 1957/4614/353
f 1960/4617/354 1962/4618/355 1961/4619/355 1959/4620/354
f 1962/4618/355 1964/4621/356 1963/4622/356 1961/4619/355
f 1964/4621/356 1966/4623/357 1965/4624/357 1963/4622/356
f 1966/4623/357 1968/4625/358 1967/4626/358 1965/4624/357
f 1968/4625/358 1970/4627/359 1969/4628/359 1967/4626/358
f 1970/4627/359 1972/4629/360 1971/4630/360 1969/4628/359
f 1972/4629/360 1974/4631/361 1973/4632/361 1971/4630/360
f 1974/4631/361 1976/4633/362 1975/4634/362 1973/4632/361
f 1976/4633/362 1978/4635/363 1977/4636/363 1975/4634/362
f 1978/4635/363 1980/4637/364 1979/4638/364 1977/4636/363
f 1980/4637/364 1982/4639/365 1981/4640/365 1979/4638/364
f 1982/4639/365 1984/4641/366 1983/4642/366 1981/4640/365
f 1984/4641/366 1986/4643/367 1985/4644/367 1983/4642/366
f 1986/4643/367 1988/4645/368 1987/4646/368 1985/4644/367
f 1988/4645/368 1990/4647/369 1989/4648/369 1987/4646/368
f 1990/4647/369 1992/4649/370 1991/4650/370 1989/4648/369
f 1992/4649/370 1994/4651/371 1993/4652/371 1991/4650/370
f 1994/4651/371 1996/4653/372 1995/4654/372 1993/4652/371
f 1996/4653/372 1998/4655/373 1997/4656/373 1995/4654/372
f 1998/4655/373 2000/4657/374 1999/4658/374 1997/4656/373
f 2000/4657/374 2002/4659/375 2001/4660/375 1999/4658/374
f 2002/4659/375 2004/4661/376 2003/4662/376 2001/4660/375
f 2004/4661/376 2006/4663/377 2005/4664/377 2003/4662/376
f 2006/4663/377 2008/4665/378 2007/4666/378 2005/4664/377
f 2008/4665/378 2010/4667/10 2009/4668/10 2007/4666/378
f 2010/4667/10 2012/4669/8 2011/4670/8 2009/4668/10
f 2012/4669/8 2014/4671/379 2013/4672/379 2011/4670/8
f 2014/4671/379 2016/4673/380 2015/4674/380 2013/4672/379
f 2016/4673/380 2018/4675/381 2017/4676/381 2015/4674/380
f 2018/4675/381 2020/4677/382 2019/4678/382 2017/4676/381
f 2020/4677/382 2022/4679/383 2021/4680/383 2019/4678/382
f 2022/4679/383 2024/4681/384 2023/4682/384 2021/4680/383
f 2024/4681/384 2026/4683/385 2025/4684/385 2023/4682/384
f 2026/4683/385 2028/4685/386 2027/4686/386 2025/4684/385
f 2028/4685/386 2030/4687/387 2029/4688/387 2027/4686/386
f 2030/4687/387 2032/4689/388 2031/4690/388 2029/4688/387
f 2032/4689/388 2034/4691/389 2033/4692/389 2031/4690/388
f 2034/4691/389 2036/4693/390 2035/4694/390 2033/4692/389
f 2036/4693/390 2038/4695/391 2037/4696/391 2035/4694/390
f 2038/4695/391 2040/4697/392 2039/4698/392 2037/4696/391
f 2040/4697/392 2042/4699/393 2041/4700/393 2039/4698/392
f 2042/4699/393 2044/4701/394 2043/4702/394 2041/4700/393
f 2044/4701/394 2046/4703/395 2045/4704/395 2043/4702/394
f 2046/4703/395 2048/4705/396 2047/4706/396 2045/4704/395
f 2048/4705/396 2050/4707/397 2049/4708/397 2047/4706/396
f 2050/4707/397 2052/4709/398 2051/4710/398 2049/4708/397
f 2052/4709/398 2054/4711/399 2053/4712/399 2051/4710/398
f 2054/4711/399 2056/4713/400 2055/4714/400 2053/4712/399
f 2056/4713/400 2058/4715/401 2057/4716/401 2055/4714/400
f 2058/4715/401 2060/4717/402 2059/4718/402 2057/4716/401
f 2060/4717/402 2062/4719/403 2061/4720/403 2059/4718/402
f 2062/4719/403 2064/4721/10 2063/4722/10 2061/4720/403
f 2064/4721/10 2066/4723/8 2065/4724/8 2063/4722/10
f 2066/4723/8 2068/4725/12 2067/4726/12 2065/4724/8
f 2068/4725/12 2070/4727/109 2069/4728/109 2067/4726/12
f 2070/4727/109 2072/4729/109 2071/4730/109 2069/4728/109
f 2072/4729/109 1960/4731/354 1959/4732/354 2071/4730/109
f 2074/4733/404 2076/4734/405 2075/4735/405 2073/4736/404
f 2076/4734/405 2078/4737/406 2077/4738/406 2075/4735/405
f 2078/4737/406 2080/4739/407 2079/4740/407 2077/4738/406
f 2080/4739/407 2082/4741/408 2081/4742/408 2079/4740/407
f 2082/4741/408 2084/4743/409 2083/4744/409 2081/4742/408
f 2084/4743/409 2086/4745/410 2085/4746/410 2083/4744/409
f 2086/4745/410 2088/4747/411 2087/4748/411 2085/4746/410
f 2088/4747/411 2090/4749/412 2089/4750/412 2087/4748/411
f 2090/4749/412 2092/4751/413 2091/4752/413 2089/4750/412
f 2092/4751/413 2094/4753/414 2093/4754/414 2091/4752/413
f 2094/4753/414 2096/4755/415 2095/4756/415 2093/4754/414
f 2096/4755/415 2098/4757/416 2097/4758/416 2095/4756/415
f 2098/4757/416 2100/4759/417 2099/4760/417 2097/4758/416
f 2100/4759/417 2102/4761/418 2101/4762/418 2099/4760/417
f 2102/4761/418 2104/4763/419 2103/4764/419 2101/4762/418
f 2104/4763/419 2106/4765/420 2105/4766/420 2103/4764/419
f 2106/4765/420 2108/4767/421 2107/4768/421 2105/4766/420
f 2108/4767/421 2110/4769/422 2109/4770/422 2107/4768/421
f 2110/4769/422 2112/4771/423 2111/4772/423 2109/4770/422
f 2112/4771/423 2114/4773/424 2113/4774/424 2111/4772/423
f 2114/4773/424 2116/4775/425 2115/4776/425 2113/4774/424
f 2116/4775/425 2118/4777/426 2117/4778/426 2115/4776/425
f 2118/4777/426 2120/4779/427 2119/4780/427 2117/4778/426
f 2120/4779/427 2122/4781/428 2121/4782/428 2119/4780/427
f 2122/4781/428 2124/4783/429 2123/4784/429 2121/4782/428
f 2124/4783/429 2126/4785/430 2125/4786/430 2123/4784/429
f 2126/4785/430 2128/4787/431 2127/4788/431 2125/4786/430
f 2128/4787/431 2130/4789/432 2129/4790/432 2127/4788/431
f 2130/4789/432 2132/4791/433 2131/4792/433 2129/4790/432
f 2132/4791/433 2134/4793/434 2133/4794/434 2131/4792/433
f 2134/4793/434 2136/4795/435 2135/4796/435 2133/4794/434
f 2136/4795/435 2138/4797/436 2137/4798/436 2135/4796/435
f 2138/4797/436 2140/4799/437 2139/4800/437 2137/4798/436
f 2140/4799/437 2142/4801/438 2141/4802/438 2139/4800/437
f 2142/4801/438 2144/4803/439 2143/4804/439 2141/4802/438
f 2144/4803/439 2146/4805/440 2145/4806/440 2143/4804/439
f 2146/4805/440 2148/4807/441 2147/4808/441 2145/4806/440
f 2148/4807/441 2150/4809/442 2149/4810/442 2147/4808/441
f 2150/4809/442 2152/4811/443 2151/4812/443 2149/4810/442
f 2152/4811/443 2154/4813/444 2153/4814/444 2151/4812/443
f 2154/4813/444 2156/4815/445 2155/4816/445 2153/4814/444
f 2156/4815/445 2158/4817/446 2157/4818/446 2155/4816/445
f 2158/4817/446 2160/4819/447 2159/4820/447 2157/4818/446
f 2160/4819/447 2162/4821/448 2161/4822/448 2159/4820/447
f 2162/4821/448 2164/4823/449 2163/4824/449 2161/4822/448
f 2164/4823/449 2166/4825/450 2165/4826/450 2163/4824/449
f 2166/4825/450 2168/4827/451 2167/4828/451 2165/4826/450
f 2168/4827/451 2170/4829/452 2169/4830/452 2167/4828/451
f 2170/4829/452 2172/4831/453 2171/4832/453 2169/4830/452
f 2172/4831/453 2174/4833/454 2173/4834/454 2171/4832/453
f 2174/4833/454 2176/4835/455 2175/4836/455 2173/4834/454
f 2176/4835/455 2178/4837/456 2177/4838/456 2175/4836/455
f 2178/4837/456 2180/4839/457 2179/4840/457 2177/4838/456
f 2180/4839/457 2182/4841/458 2181/4842/458 2179/4840/457
f 2182/4841/458 2184/4843/459 2183/4844/459 2181/4842/458
f 2184/4843/459 2186/4845/460 2185/4846/460 2183/4844/459
f 2186/4845/460 2188/4847/461 2187/4848/461 2185/4846/460
f 2188/4847/461 2190/4849/462 2189/4850/462 2187/4848/461
f 2190/4849/462 2192/4851/463 2191/4852/463 2189/4850/462
f 2192/4851/463 2194/4853/464 2193/4854/464 2191/4852/463
f 2194/4853/464 2196/4855/465 2195/4856/465 2193/4854/464
f 2196/4855/465 2198/4857/466 2197/4858/466 2195/4856/465
f 2198/4857/466 2200/4859/467 2199/4860/467 2197/4858/466
f 2200/4859/467 2202/4861/468 2201/4862/468 2199/4860/467
f 2202/4861/468 2204/4863/469 2203/4864/469 2201/4862/468
f 2204/4863/469 2206/4865/470 2205/4866/470 2203/4864/469
f 2206/4865/470 2208/4867/471 2207/4868/471 2205/4866/470
f 2208/4867/471 2210/4869/472 2209/4870/472 2207/4868/471
f 2210/4869/472 2212/4871/473 2211/4872/473 2209/4870/472
f 2212/4871/473 2214/4873/474 2213/4874/474 2211/4872/473
f 2214/4873/474 2216/4875/475 2215/4876/475 2213/4874/474
f 2216/4875/475 2218/4877/476 2217/4878/476 2215/4876/475
f 2218/4877/476 2220/4879/477 2219/4880/477 2217/4878/476
f 2220/4879/477 2222/4881/478 2221/4882/478 2219/4880/477
f 2222/4881/478 2224/4883/479 2223/4884/479 2221/4882/478
f 2224/4883/479 2226/4885/480 2225/4886/480 2223/4884/479
f 2226/4885/480 2228/4887/481 2227/4888/481 2225/4886/480
f 2228/4887/481 2230/4889/482 2229/4890/482 2227/4888/481
f 2230/4889/482 2232/4891/483 2231/4892/483 2229/4890/482
f 2232/4891/483 2234/4893/484 2233/4894/484 2231/4892/483
f 2234/4893/484 2236/4895/485 2235/4896/485 2233/4894/484
f 2236/4895/485 2238/4897/486 2237/4898/486 2235/4896/485
f 2238/4897/486 2240/4899/487 2239/4900/487 2237/4898/486
f 2240/4899/487 2242/4901/488 2241/4902/488 2239/4900/487
f 2242/4901/488 2244/4903/489 2243/4904/489 2241/4902/488
f 2244/4903/489 2246/4905/490 2245/4906/490 2243/4904/489
f 2246/4905/490 2248/4907/491 2247/4908/491 2245/4906/490
f 2248/4907/491 2250/4909/492 2249/4910/492 2247/4908/491
f 2250/4909/492 2252/4911/493 2251/4912/493 2249/4910/492
f 2252/4911/493 2254/4913/494 2253/4914/494 2251/4912/493
f 2254/4913/494 2256/4915/495 2255/4916/495 2253/4914/494
f 2256/4915/495 2258/4917/496 2257/4918/496 2255/4916/495
f 2258/4917/496 2260/4919/497 2259/4920/497 2257/4918/496
f 2260/4919/497 2262/4921/498 2261/4922/498 2259/4920/497
f 2262/4921/498 2264/4923/499 2263/4924/499 2261/4922/498
f 2264/4923/499 2266/4925/500 2265/4926/500 2263/4924/499
f 2266/4925/500 2268/4927/501 2267/4928/501 2265/4926/500
f 2268/4927/501 2270/4929/502 2269/4930/502 2267/4928/501
f 2270/4929/502 2272/4931/503 2271/4932/503 2269/4930/502
f 2272/4931/503 2274/4933/504 2273/4934/504 2271/4932/503
f 2274/4933/504 2276/4935/505 2275/4936/505 2273/4934/504
f 2276/4935/505 2278/4937/506 2277/4938/506 2275/4936/505
f 2278/4937/506 2280/4939/507 2279/4940/507 2277/4938/506
f 2280/4939/507 2282/4941/508 2281/4942/508 2279/4940/507
f 2282/4941/508 2284/4943/509 2283/4944/509 2281/4942/508
f 2284/4943/509 2286/4945/510 2285/4946/510 2283/4944/509
f 2286/4945/510 2288/4947/511 2287/4948/511 2285/4946/510
f 2288/4947/511 2290/4949/512 2289/4950/512 2287/4948/511
f 2290/4949/512 2292/4951/513 2291/4952/513 2289/4950/512
f 2292/4951/513 2294/4953/514 2293/4954/514 2291/4952/513
f 2294/4953/514 2296/4955/515 2295/4956/515 2293/4954/514
f 2296/4955/515 2298/4957/516 2297/4958/516 2295/4956/515
f 2298/4957/516 2300/4959/517 2299/4960/517 2297/4958/516
f 2300/4959/517 2302/4961/518 2301/4962/518 2299/4960/517
f 2302/4961/518 2304/4963/519 2303/4964/519 2301/4962/518
f 2304/4963/519 2306/4965/137 2305/4966/137 2303/4964/519
f 2306/4965/137 2308/4967/520 2307/4968/520 2305/4966/137
f 2308/4967/520 2310/4969/521 2309/4970/521 2307/4968/520
f 2310/4969/521 2312/4971/522 2311/4972/522 2309/4970/521
f 2312/4971/522 2314/4973/523 2313/4974/523 2311/4972/522
f 2314/4973/523 2316/4975/524 2315/4976/524 2313/4974/523
f 2316/4975/524 2318/4977/525 2317/4978/525 2315/4976/524
f 2318/4977/525 2320/4979/526 2319/4980/526 2317/4978/525
f 2320/4979/526 2322/4981/527 2321/4982/527 2319/4980/526
f 2322/4981/527 2324/4983/528 2323/4984/528 2321/4982/527
f 2324/4983/528 2326/4985/529 2325/4986/529 2323/4984/528
f 2326/4985/529 2328/4987/530 2327/4988/530 2325/4986/529
f 2328/4987/530 2330/4989/531 2329/4990/531 2327/4988/530
f 2330/4989/531 2332/4991/532 2331/4992/532 2329/4990/531
f 2332/4991/532 2334/4993/533 2333/4994/533 2331/4992/532
f 2334/4993/533 2336/4995/534 2335/4996/534 2333/4994/533
f 2336/4995/534 2338/4997/535 2337/4998/535 2335/4996/534
f 2338/4997/535 2340/4999/536 2339/5000/536 2337/4998/535
f 2340/4999/536 2342/5001/537 2341/5002/537 2339/5000/536
f 2342/5001/537 2344/5003/538 2343/5004/538 2341/5002/537
f 2344/5003/538 2346/5005/539 2345/5006/539 2343/5004/538
f 2346/5005/539 2074/5007/404 2073/5008/404 2345/5006/539
f 2348/5009/540 2350/5010/541 2349/5011/541 2347/5012/540
f 2350/5010/541 2352/5013/542 2351/5014/542 2349/5011/541
f 2352/5013/542 2354/5015/543 2353/5016/543 2351/5014/542
f 2354/5015/543 2356/5017/544 2355/5018/544 2353/5016/543
f 2356/5017/544 2358/5019/545 2357/5020/545 2355/5018/544
f 2358/5019/545 2360/5021/546 2359/5022/546 2357/5020/545
f 2360/5021/546 2362/5023/547 2361/5024/547 2359/5022/546
f 2362/5023/547 2364/5025/548 2363/5026/548 2361/5024/547
f 2364/5025/548 2366/5027/549 2365/5028/549 2363/5026/548
f 2366/5027/549 2368/5029/550 2367/5030/550 2365/5028/549
f 2368/5029/550 2370/5031/551 2369/5032/551 2367/5030/550
f 2370/5031/551 2372/5033/552 2371/5034/552 2369/5032/551
f 2372/5033/552 2374/5035/553 2373/5036/553 2371/5034/552
f 2374/5035/553 2376/5037/554 2375/5038/554 2373/5036/553
f 2376/5037/554 2378/5039/555 2377/5040/555 2375/5038/554
f 2378/5039/555 2380/5041/556 2379/5042/556 2377/5040/555
f 2380/5041/556 2382/5043/557 2381/5044/557 2379/5042/556
f 2382/5043/557 2384/5045/558 2383/5046/558 2381/5044/557
f 2384/5045/558 2386/5047/559 2385/5048/559 2383/5046/558
f 2386/5047/559 2388/5049/560 2387/5050/560 2385/5048/559
f 2388/5049/560 2390/5051/561 2389/5052/561 2387/5050/560
f 2390/5051/561 2392/5053/562 2391/5054/562 2389/5052/561
f 2392/5053/562 2394/5055/563 2393/5056/563 2391/5054/562
f 2394/5055/563 2396/5057/564 2395/5058/564 2393/5056/563
f 2396/5057/564 2398/5059/565 2397/5060/565 2395/5058/564
f 2398/5059/565 2400/5061/566 2399/5062/566 2397/5060/565
f 2400/5061/566 2402/5063/567 2401/5064/567 2399/5062/566
f 2402/5063/567 2404/5065/568 2403/5066/568 2401/5064/567
f 2404/5065/568 2406/5067/569 2405/5068/569 2403/5066/568
f 2406/5067/569 2408/5069/570 2407/5070/570 2405/5068/569
f 2408/5069/570 2410/5071/571 2409/5072/571 2407/5070/570
f 2410/5071/571 2412/5073/572 2411/5074/572 2409/5072/571
f 2412/5073/572 2414/5075/573 2413/5076/573 2411/5074/572
f 2414/5075/573 2416/5077/574 2415/5078/574 2413/5076/573
f 2416/5077/574 2418/5079/575 2417/5080/575 2415/5078/574
f 2418/5079/575 2420/5081/576 2419/5082/576 2417/5080/575
f 2420/5081/576 2348/5083/540 2347/5084/540 2419/5082/576
f 2422/5085/8 2424/5086/12 2423/5087/12 2421/5088/8
f 2424/5086/12 2426/5089/109 2425/5090/109 2423/5087/12
f 2426/5089/109 2428/5091/10 2427/5092/10 2425/5090/109
f 2428/5091/10 2422/5093/8 2421/5094/8 2427/5092/10
f 2430/5095/577 2432/5096/578 2431/5097/578 2429/5098/577
f 2432/5096/578 2434/5099/579 2433/5100/579 2431/5097/578
f 2434/5099/579 2436/5101/580 2435/5102/580 2433/5100/579
f 2436/5101/580 2438/5103/581 2437/5104/581 2435/5102/580
f 2438/5103/581 2440/5105/582 2439/5106/582 2437/5104/581
f 2440/5105/582 2442/5107/583 2441/5108/583 2439/5106/582
f 2442/5107/583 2444/5109/584 2443/5110/584 2441/5108/583
f 2444/5109/584 2446/5111/585 2445/5112/585 2443/5110/584
f 2446/5111/585 2448/5113/586 2447/5114/586 2445/5112/585
f 2448/5113/586 2450/5115/587 2449/5116/587 2447/5114/586
f 2450/5115/587 2452/5117/588 2451/5118/588 2449/5116/587
f 2452/5117/588 2454/5119/589 2453/5120/589 2451/5118/588
f 2454/5119/589 2456/5121/590 2455/5122/590 2453/5120/589
f 2456/5121/590 2458/5123/591 2457/5124/591 2455/5122/590
f 2458/5123/591 2460/5125/592 2459/5126/592 2457/5124/591
f 2460/5125/592 2462/5127/593 2461/5128/593 2459/5126/592
f 2462/5127/593 2464/5129/594 2463/5130/594 2461/5128/593
f 2464/5129/594 2466/5131/595 2465/5132/595 2463/5130/594
f 2466/5131/595 2468/5133/596 2467/5134/596 2465/5132/595
f 2468/5133/596 2470/5135/597 2469/5136/597 2467/5134/596
f 2470/5135/597 2472/5137/598 2471/5138/598 2469/5136/597
f 2472/5137/598 2474/5139/599 2473/5140/599 2471/5138/598
f 2474/5139/599 2476/5141/600 2475/5142/600 2473/5140/599
f 2476/5141/600 2478/5143/601 2477/5144/601 2475/5142/600
f 2478/5143/601 2480/5145/602 2479/5146/602 2477/5144/601
f 2480/5145/602 2482/5147/603 2481/5148/603 2479/5146/602
f 2482/5147/603 2484/5149/604 2483/5150/604 2481/5148/603
f 2484/5149/604 2486/5151/605 2485/5152/605 2483/5150/604
f 2486/5151/605 2488/5153/606 2487/5154/606 2485/5152/605
f 2488/5153/606 2490/5155/607 2489/5156/607 2487/5154/606
f 2490/5155/607 2492/5157/608 2491/5158/608 2489/5156/607
f 2492/5157/608 2494/5159/609 2493/5160/609 2491/5158/608
f 2494/5159/609 2496/5161/610 2495/5162/610 2493/5160/609
f 2496/5161/610 2498/5163/611 2497/5164/611 2495/5162/610
f 2498/5163/611 2500/5165/612 2499/5166/612 2497/5164/611
f 2500/5165/612 2502/5167/613 2501/5168/613 2499/5166/612
f 2502/5167/613 2504/5169/12 2503/5170/12 2501/5168/613
f 2504/5169/12 2506/5171/109 2505/5172/109 2503/5170/12
f 2506/5171/109 2508/5173/10 2507/5174/10 2505/5172/109
f 2508/5173/10 2430/5175/577 2429/5176/577 2507/5174/10
f 2510/5177/614 2512/5178/615 2511/5179/615 2509/5180/614
f 2512/5178/615 2514/5181/616 2513/5182/616 2511/5179/615
f 2514/5181/616 2516/5183/617 2515/5184/617 2513/5182/616
f 2516/5183/617 2518/5185/618 2517/5186/618 2515/5184/617
f 2518/5185/618 2520/5187/619 2519/5188/619 2517/5186/618
f 2520/5187/619 2522/5189/620 2521/5190/620 2519/5188/619
f 2522/5189/620 2524/5191/621 2523/5192/621 2521/5190/620
f 2524/5191/621 2526/5193/622 2525/5194/622 2523/5192/621
f 2526/5193/622 2528/5195/623 2527/5196/623 2525/5194/622
f 2528/5195/623 2530/5197/624 2529/5198/624 2527/5196/623
f 2530/5197/624 2532/5199/625 2531/5200/625 2529/5198/624
f 2532/5199/625 2534/5201/626 2533/5202/626 2531/5200/625
f 2534/5201/626 2536/5203/627 2535/5204/627 2533/5202/626
f 2536/5203/627 2538/5205/628 2537/5206/628 2535/5204/627
f 2538/5205/628 2540/5207/629 2539/5208/629 2537/5206/628
f 2540/5207/629 2542/5209/630 2541/5210/630 2539/5208/629
f 2542/5209/630 2544/5211/631 2543/5212/631 2541/5210/630
f 2544/5211/631 2546/5213/632 2545/5214/632 2543/5212/631
f 2546/5213/632 2548/5215/539 2547/5216/539 2545/5214/632
f 2548/5215/539 2550/5217/633 2549/5218/633 2547/5216/539
f 2550/5217/633 2552/5219/634 2551/5220/634 2549/5218/633
f 2552/5219/634 2554/5221/635 2553/5222/635 2551/5220/634
f 2554/5221/635 2556/5223/636 2555/5224/636 2553/5222/635
f 2556/5223/636 2558/5225/637 2557/5226/637 2555/5224/636
f 2558/5225/637 2560/5227/638 2559/5228/638 2557/5226/637
f 2560/5227/638 2562/5229/639 2561/5230/639 2559/5228/638
f 2562/5229/639 2564/5231/640 2563/5232/640 2561/5230/639
f 2564/5231/640 2566/5233/641 2565/5234/641 2563/5232/640
f 2566/5233/641 2568/5235/642 2567/5236/642 2565/5234/641
f 2568/5235/642 2570/5237/643 2569/5238/643 2567/5236/642
f 2570/5237/643 2572/5239/644 2571/5240/644 2569/5238/643
f 2572/5239/644 2574/5241/645 2573/5242/645 2571/5240/644
f 2574/5241/645 2576/5243/646 2575/5244/646 2573/5242/645
f 2576/5243/646 2578/5245/647 2577/5246/647 2575/5244/646
f 2578/5245/647 2580/5247/648 2579/5248/648 2577/5246/647
f 2580/5247/648 2582/5249/12 2581/5250/12 2579/5248/648
f 2582/5249/12 2584/5251/649 2583/5252/649 2581/5250/12
f 2584/5251/649 2510/5253/614 2509/5254/614 2583/5252/649
f 2586/5255/12 2588/5256/109 2587/5257/109 2585/5258/12
f 2588/5256/109 2590/5259/650 2589/5260/650 2587/5257/109
f 2590/5259/650 2592/5261/651 2591/5262/651 2589/5260/650
f 2592/5261/651 2594/5263/652 2593/5264/652 2591/5262/651
f 2594/5263/652 2596/5265/653 2595/5266/653 2593/5264/652
f 2596/5265/653 2586/5267/12 2585/5268/12 2595/5266/653
f 2598/5269/654 2600/5270/655 2599/5271/655 2597/5272/654
f 2600/5270/655 2602/5273/656 2601/5274/656 2599/5271/655
f 2602/5273/656 2604/5275/657 2603/5276/657 2601/5274/656
f 2604/5275/657 2606/5277/658 2605/5278/658 2603/5276/657
f 2606/5277/658 2608/5279/659 2607/5280/659 2605/5278/658
f 2608/5279/659 2610/5281/660 2609/5282/660 2607/5280/659
f 2610/5281/660 2612/5283/661 2611/5284/661 2609/5282/660
f 2612/5283/661 2614/5285/662 2613/5286/662 2611/5284/661
f 2614/5285/662 2616/5287/663 2615/5288/663 2613/5286/662
f 2616/5287/663 2618/5289/664 2617/5290/664 2615/5288/663
f 2618/5289/664 2620/5291/665 2619/5292/665 2617/5290/664
f 2620/5291/665 2622/5293/666 2621/5294/666 2619/5292/665
f 2622/5293/666 2624/5295/667 2623/5296/667 2621/5294/666
f 2624/5295/667 2626/5297/668 2625/5298/668 2623/5296/667
f 2626/5297/668 2628/5299/669 2627/5300/669 2625/5298/668
f 2628/5299/669 2630/5301/670 2629/5302/670 2627/5300/669
f 2630/5301/670 2632/5303/671 2631/5304/671 2629/5302/670
f 2632/5303/671 2634/5305/672 2633/5306/672 2631/5304/671
f 2634/5305/672 2636/5307/673 2635/5308/673 2633/5306/672
f 2636/5307/673 2638/5309/674 2637/5310/674 2635/5308/673
f 2638/5309/674 2640/5311/675 2639/5312/675 2637/5310/674
f 2640/5311/675 2642/5313/676 2641/5314/676 2639/5312/675
f 2642/5313/676 2644/5315/677 2643/5316/677 2641/5314/676
f 2644/5315/677 2646/5317/678 2645/5318/678 2643/5316/677
f 2646/5317/678 2648/5319/679 2647/5320/679 2645/5318/678
f 2648/5319/679 2650/5321/680 2649/5322/680 2647/5320/679
f 2650/5321/680 2652/5323/681 2651/5324/681 2649/5322/680
f 2652/5323/681 2654/5325/682 2653/5326/682 2651/5324/681
f 2654/5325/682 2656/5327/683 2655/5328/683 2653/5326/682
f 2656/5327/683 2658/5329/684 2657/5330/684 2655/5328/683
f 2658/5329/684 2660/5331/685 2659/5332/685 2657/5330/684
f 2660/5331/685 2662/5333/686 2661/5334/686 2659/5332/685
f 2662/5333/686 2664/5335/687 2663/5336/687 2661/5334/686
f 2664/5335/687 2666/5337/688 2665/5338/688 2663/5336/687
f 2666/5337/688 2668/5339/689 2667/5340/689 2665/5338/688
f 2668/5339/689 2670/5341/690 2669/5342/690 2667/5340/689
f 2670/5341/690 2672/5343/691 2671/5344/691 2669/5342/690
f 2672/5343/691 2674/5345/692 2673/5346/692 2671/5344/691
f 2674/5345/692 2676/5347/693 2675/5348/693 2673/5346/692
f 2676/5347/693 2678/5349/694 2677/5350/694 2675/5348/693
f 2678/5349/694 2680/5351/695 2679/5352/695 2677/5350/694
f 2680/5351/695 2682/5353/696 2681/5354/696 2679/5352/695
f 2682/5353/696 2684/5355/697 2683/5356/697 2681/5354/696
f 2684/5355/697 2686/5357/698 2685/5358/698 2683/5356/697
f 2686/5357/698 2688/5359/699 2687/5360/699 2685/5358/698
f 2688/5359/699 2690/5361/700 2689/5362/700 2687/5360/699
f 2690/5361/700 2692/5363/701 2691/5364/701 2689/5362/700
f 2692/5363/701 2694/5365/702 2693/5366/702 2691/5364/701
f 2694/5365/702 2696/5367/703 2695/5368/703 2693/5366/702
f 2696/5367/703 2698/5369/704 2697/5370/704 2695/5368/703
f 2698/5369/704 2700/5371/705 2699/5372/705 2697/5370/704
f 2700/5371/705 2702/5373/706 2701/5374/706 2699/5372/705
f 2702/5373/706 2704/5375/707 2703/5376/707 2701/5374/706
f 2704/5375/707 2706/5377/708 2705/5378/708 2703/5376/707
f 2706/5377/708 2708/5379/709 2707/5380/709 2705/5378/708
f 2708/5379/709 2710/5381/710 2709/5382/710 2707/5380/709
f 2710/5381/710 2712/5383/711 2711/5384/711 2709/5382/710
f 2712/5383/711 2714/5385/712 2713/5386/712 2711/5384/711
f 2714/5385/712 2716/5387/713 2715/5388/713 2713/5386/712
f 2716/5387/713 2718/5389/714 2717/5390/714 2715/5388/713
f 2718/5389/714 2720/5391/715 2719/5392/715 2717/5390/714
f 2720/5391/715 2722/5393/716 2721/5394/716 2719/5392/715
f 2722/5393/716 2724/5395/717 2723/5396/717 2721/5394/716
f 2724/5395/717 2726/5397/718 2725/5398/718 2723/5396/717
f 2726/5397/718 2728/5399/719 2727/5400/719 2725/5398/718
f 2728/5399/719 2730/5401/720 2729/5402/720 2727/5400/719
f 2730/5401/720 2732/5403/721 2731/5404/721 2729/5402/720
f 2732/5403/721 2734/5405/722 2733/5406/722 2731/5404/721
f 2734/5405/722 2736/5407/723 2735/5408/723 2733/5406/722
f 2736/5407/723 2738/5409/724 2737/5410/724 2735/5408/723
f 2738/5409/724 2740/5411/725 2739/5412/725 2737/5410/724
f 2740/5411/725 2742/5413/726 2741/5414/726 2739/5412/725
f 2742/5413/726 2744/5415/727 2743/5416/727 2741/5414/726
f 2744/5415/727 2746/5417/728 2745/5418/728 2743/5416/727
f 2746/5417/728 2748/5419/729 2747/5420/729 2745/5418/728
f 2748/5419/729 2750/5421/730 2749/5422/730 2747/5420/729
f 2750/5421/730 2752/5423/506 2751/5424/506 2749/5422/730
f 2752/5423/506 2754/5425/731 2753/5426/731 2751/5424/506
f 2754/5425/731 2756/5427/612 2755/5428/612 2753/5426/731
f 2756/5427/612 2758/5429/732 2757/5430/732 2755/5428/612
f 2758/5429/732 2760/5431/733 2759/5432/733 2757/5430/732
f 2760/5431/733 2762/5433/734 2761/5434/734 2759/5432/733
f 2762/5433/734 2764/5435/735 2763/5436/735 2761/5434/734
f 2764/5435/735 2766/5437/736 2765/5438/736 2763/5436/735
f 2766/5437/736 2768/5439/737 2767/5440/737 2765/5438/736
f 2768/5439/737 2770/5441/738 2769/5442/738 2767/5440/737
f 2770/5441/738 2772/5443/739 2771/5444/739 2769/5442/738
f 2772/5443/739 2774/5445/740 2773/5446/740 2771/5444/739
f 2774/5445/740 2776/5447/741 2775/5448/741 2773/5446/740
f 2776/5447/741 2778/5449/742 2777/5450/742 2775/5448/741
f 2778/5449/742 2780/5451/743 2779/5452/743 2777/5450/742
f 2780/5451/743 2782/5453/744 2781/5454/744 2779/5452/743
f 2782/5453/744 2784/5455/745 2783/5456/745 2781/5454/744
f 2784/5455/745 2786/5457/746 2785/5458/746 2783/5456/745
f 2786/5457/746 2788/5459/747 2787/5460/747 2785/5458/746
f 2788/5459/747 2790/5461/748 2789/5462/748 2787/5460/747
f 2790/5461/748 2792/5463/749 2791/5464/749 2789/5462/748
f 2792/5463/749 2794/5465/750 2793/5466/750 2791/5464/749
f 2794/5465/750 2796/5467/751 2795/5468/751 2793/5466/750
f 2796/5467/751 2798/5469/752 2797/5470/752 2795/5468/751
f 2798/5469/752 2800/5471/753 2799/5472/753 2797/5470/752
f 2800/5471/753 2802/5473/754 2801/5474/754 2799/5472/753
f 2802/5473/754 2804/5475/755 2803/5476/755 2801/5474/754
f 2804/5475/755 2806/5477/756 2805/5478/756 2803/5476/755
f 2806/5477/756 2808/5479/757 2807/5480/757 2805/5478/756
f 2808/5479/757 2810/5481/758 2809/5482/758 2807/5480/757
f 2810/5481/758 2812/5483/759 2811/5484/759 2809/5482/758
f 2812/5483/759 2814/5485/760 2813/5486/760 2811/5484/759
f 2814/5485/760 2816/5487/761 2815/5488/761 2813/5486/760
f 2816/5487/761 2818/5489/762 2817/5490/762 2815/5488/761
f 2818/5489/762 2820/5491/763 2819/5492/763 2817/5490/762
f 2820/5491/763 2822/5493/764 2821/5494/764 2819/5492/763
f 2822/5493/764 2824/5495/765 2823/5496/765 2821/5494/764
f 2824/5495/765 2826/5497/766 2825/5498/766 2823/5496/765
f 2826/5497/766 2828/5499/767 2827/5500/767 2825/5498/766
f 2828/5499/767 2830/5501/768 2829/5502/768 2827/5500/767
f 2830/5501/768 2832/5503/769 2831/5504/769 2829/5502/768
f 2832/5503/769 2834/5505/770 2833/5506/770 2831/5504/769
f 2834/5505/770 2836/5507/771 2835/5508/771 2833/5506/770
f 2836/5507/771 2838/5509/772 2837/5510/772 2835/5508/771
f 2838/5509/772 2840/5511/773 2839/5512/773 2837/5510/772
f 2840/5511/773 2842/5513/774 2841/5514/774 2839/5512/773
f 2842/5513/774 2844/5515/775 2843/5516/775 2841/5514/774
f 2844/5515/775 2846/5517/607 2845/5518/607 2843/5516/775
f 2846/5517/607 2848/5519/776 2847/5520/776 2845/5518/607
f 2848/5519/776 2850/5521/777 2849/5522/777 2847/5520/776
f 2850/5521/777 2852/5523/778 2851/5524/778 2849/5522/777
f 2852/5523/778 2854/5525/779 2853/5526/779 2851/5524/778
f 2854/5525/779 2856/5527/780 2855/5528/780 2853/5526/779
f 2856/5527/780 2858/5529/781 2857/5530/781 2855/5528/780
f 2858/5529/781 2860/5531/782 2859/5532/782 2857/5530/781
f 2860/5531/782 2862/5533/783 2861/5534/783 2859/5532/782
f 2862/5533/783 2864/5535/784 2863/5536/784 2861/5534/783
f 2864/5535/784 2598/5537/654 2597/5538/654 2863/5536/784
f 5207/5539/10 5209/1493/10 5208/1496/10 5206/5540/10
f 5211/1494/11 5213/5541/11 5212/5542/11 5210/1495/11
f 5213/5541/11 5215/5543/9 5214/5544/9 5212/5542/11
f 5215/5543/9 5217/1497/9 5216/1500/9 5214/5544/9
f 5219/1498/8 5221/5545/8 5220/5546/8 5218/1499/8
f 5221/5545/8 5223/5547/10 5222/5548/10 5220/5546/8
f 5223/5547/10 5225/5549/109 5224/5550/109 5222/5548/10
f 5225/5549/109 5227/5551/785 5226/5552/785 5224/5550/109
f 5227/5551/785 5229/5553/786 5228/5554/786 5226/5552/785
f 5229/5553/786 5231/5555/787 5230/5556/787 5228/5554/786
f 5231/5555/787 5233/5557/12 5232/5558/12 5230/5556/787
f 5233/5557/12 5235/5559/8 5234/5560/8 5232/5558/12
f 5235/5559/8 5207/5561/10 5206/5562/10 5234/5560/8
f 5237/5563/788 5239/5564/789 5238/5565/789 5236/5566/788
f 5239/5564/789 5241/5567/790 5240/5568/790 5238/5565/789
f 5241/5567/790 5243/5569/791 5242/5570/791 5240/5568/790
f 5243/5569/791 5245/5571/792 5244/5572/792 5242/5570/791
f 5245/5571/792 5247/5573/793 5246/5574/793 5244/5572/792
f 5247/5573/793 5249/5575/794 5248/5576/794 5246/5574/793
f 5249/5575/794 5251/5577/795 5250/5578/795 5248/5576/794
f 5251/5577/795 5253/5579/796 5252/5580/796 5250/5578/795
f 5253/5579/796 5255/5581/797 5254/5582/797 5252/5580/796
f 5255/5581/797 5257/5583/798 5256/5584/798 5254/5582/797
f 5257/5583/798 5259/5585/799 5258/5586/799 5256/5584/798
f 5259/5585/799 5261/5587/800 5260/5588/800 5258/5586/799
f 5261/5587/800 5263/5589/801 5262/5590/801 5260/5588/800
f 5263/5589/801 5265/5591/802 5264/5592/802 5262/5590/801
f 5265/5591/802 5267/5593/803 5266/5594/803 5264/5592/802
f 5267/5593/803 5269/5595/804 5268/5596/804 5266/5594/803
f 5269/5595/804 5271/5597/805 5270/5598/805 5268/5596/804
f 5271/5597/805 5273/5599/806 5272/5600/806 5270/5598/805
f 5273/5599/806 5275/5601/807 5274/5602/807 5272/5600/806
f 5275/5601/807 5277/5603/808 5276/5604/808 5274/5602/807
f 5277/5603/808 5279/5605/809 5278/5606/809 5276/5604/808
f 5279/5605/809 5281/5607/810 5280/5608/810 5278/5606/809
f 5281/5607/810 5283/5609/811 5282/5610/811 5280/5608/810
f 5283/5609/811 5285/5611/812 5284/5612/812 5282/5610/811
f 5285/5611/812 5287/5613/813 5286/5614/813 5284/5612/812
f 5287/5613/813 5289/5615/814 5288/5616/814 5286/5614/813
f 5289/5615/814 5291/5617/815 5290/5618/815 5288/5616/814
f 5291/5617/815 5293/5619/816 5292/5620/816 5290/5618/815
f 5293/5619/816 5295/5621/287 5294/5622/287 5292/5620/816
f 5295/5621/287 5297/5623/817 5296/5624/817 5294/5622/287
f 5297/5623/817 5299/5625/818 5298/5626/818 5296/5624/817
f 5299/5625/818 5301/5627/819 5300/5628/819 5298/5626/818
f 5301/5627/819 5303/5629/820 5302/5630/820 5300/5628/819
f 5303/5629/820 5305/5631/821 5304/5632/821 5302/5630/820
f 5305/5631/821 5307/5633/822 5306/5634/822 5304/5632/821
f 5307/5633/822 5309/5635/823 5308/5636/823 5306/5634/822
f 5309/5635/823 5311/5637/824 5310/5638/824 5308/5636/823
f 5311/5637/824 5313/5639/825 5312/5640/825 5310/5638/824
f 5313/5639/825 5315/5641/826 5314/5642/826 5312/5640/825
f 5315/5641/826 5317/5643/827 5316/5644/827 5314/5642/826
f 5317/5643/827 5319/5645/828 5318/5646/828 5316/5644/827
f 5319/5645/828 5321/5647/829 5320/5648/829 5318/5646/828
f 5321/5647/829 5323/5649/830 5322/5650/830 5320/5648/829
f 5323/5649/830 5325/5651/831 5324/5652/831 5322/5650/830
f 5325/5651/831 5327/5653/832 5326/5654/832 5324/5652/831
f 5327/5653/832 5329/5655/314 5328/5656/314 5326/5654/832
f 5329/5655/314 5331/5657/833 5330/5658/833 5328/5656/314
f 5331/5657/833 5333/5659/834 5332/5660/834 5330/5658/833
f 5333/5659/834 5335/5661/835 5334/5662/835 5332/5660/834
f 5335/5661/835 5337/5663/836 5336/5664/836 5334/5662/835
f 5337/5663/836 5339/5665/837 5338/5666/837 5336/5664/836
f 5339/5665/837 5341/5667/838 5340/5668/838 5338/5666/837
f 5341/5667/838 5343/5669/839 5342/5670/839 5340/5668/838
f 5343/5669/839 5345/5671/840 5344/5672/840 5342/5670/839
f 5345/5671/840 5347/5673/841 5346/5674/841 5344/5672/840
f 5347/5673/841 5349/5675/842 5348/5676/842 5346/5674/841
f 5349/5675/842 5351/5677/843 5350/5678/843 5348/5676/842
f 5351/5677/843 5353/5679/844 5352/5680/844 5350/5678/843
f 5353/5679/844 5355/5681/845 5354/5682/845 5352/5680/844
f 5355/5681/845 5357/5683/846 5356/5684/846 5354/5682/845
f 5357/5683/846 5359/5685/847 5358/5686/847 5356/5684/846
f 5359/5685/847 5361/5687/848 5360/5688/848 5358/5686/847
f 5361/5687/848 5363/5689/849 5362/5690/849 5360/5688/848
f 5363/5689/849 5365/5691/850 5364/5692/850 5362/5690/849
f 5365/5691/850 5367/5693/851 5366/5694/851 5364/5692/850
f 5367/5693/851 5369/5695/852 5368/5696/852 5366/5694/851
f 5369/5695/852 5371/5697/853 5370/5698/853 5368/5696/852
f 5371/5697/853 5373/5699/854 5372/5700/854 5370/5698/853
f 5373/5699/854 5375/5701/855 5374/5702/855 5372/5700/854
f 5375/5701/855 5377/5703/856 5376/5704/856 5374/5702/855
f 5377/5703/856 5379/5705/857 5378/5706/857 5376/5704/856
f 5379/5705/857 5381/5707/858 5380/5708/858 5378/5706/857
f 5381/5707/858 5383/5709/859 5382/5710/859 5380/5708/858
f 5383/5709/859 5385/5711/860 5384/5712/860 5382/5710/859
f 5385/5711/860 5387/5713/861 5386/5714/861 5384/5712/860
f 5387/5713/861 5389/5715/862 5388/5716/862 5386/5714/861
f 5389/5715/862 5391/5717/863 5390/5718/863 5388/5716/862
f 5391/5717/863 5393/5719/864 5392/5720/864 5390/5718/863
f 5393/5719/864 5395/5721/865 5394/5722/865 5392/5720/864
f 5395/5721/865 5397/5723/866 5396/5724/866 5394/5722/865
f 5397/5723/866 5399/5725/780 5398/5726/780 5396/5724/866
f 5399/5725/780 5401/5727/867 5400/5728/867 5398/5726/780
f 5401/5727/867 5403/5729/868 5402/5730/868 5400/5728/867
f 5403/5729/868 5405/5731/869 5404/5732/869 5402/5730/868
f 5405/5731/869 5407/5733/870 5406/5734/870 5404/5732/869
f 5407/5733/870 5409/5735/365 5408/5736/365 5406/5734/870
f 5409/5735/365 5411/5737/871 5410/5738/871 5408/5736/365
f 5411/5737/871 5413/5739/872 5412/5740/872 5410/5738/871
f 5413/5739/872 5415/5741/873 5414/5742/873 5412/5740/872
f 5415/5741/873 5417/5743/874 5416/5744/874 5414/5742/873
f 5417/5743/874 5419/5745/875 5418/5746/875 5416/5744/874
f 5419/5745/875 5421/5747/876 5420/5748/876 5418/5746/875
f 5421/5747/876 5423/5749/877 5422/5750/877 5420/5748/876
f 5423/5749/877 5425/5751/878 5424/5752/878 5422/5750/877
f 5425/5751/878 5427/5753/879 5426/5754/879 5424/5752/878
f 5427/5753/879 5429/5755/880 5428/5756/880 5426/5754/879
f 5429/5755/880 5431/5757/881 5430/5758/881 5428/5756/880
f 5431/5757/881 5237/5759/788 5236/5760/788 5430/5758/881
f 5433/5761/882 5435/5762/883 5434/5763/883 5432/5764/882
f 5435/5762/883 5437/5765/884 5436/5766/884 5434/5763/883
f 5437/5765/884 5439/5767/885 5438/5768/885 5436/5766/884
f 5439/5767/885 5441/5769/886 5440/5770/886 5438/5768/885
f 5441/5769/886 5443/5771/887 5442/5772/887 5440/5770/886
f 5443/5771/887 5445/5773/888 5444/5774/888 5442/5772/887
f 5445/5773/888 5447/5775/889 5446/5776/889 5444/5774/888
f 5447/5775/889 5449/5777/890 5448/5778/890 5446/5776/889
f 5449/5777/890 5451/5779/891 5450/5780/891 5448/5778/890
f 5451/5779/891 5453/5781/892 5452/5782/892 5450/5780/891
f 5453/5781/892 5455/5783/893 5454/5784/893 5452/5782/892
f 5455/5783/893 5457/5785/894 5456/5786/894 5454/5784/893
f 5457/5785/894 5459/5787/895 5458/5788/895 5456/5786/894
f 5459/5787/895 5461/5789/896 5460/5790/896 5458/5788/895
f 5461/5789/896 5463/5791/897 5462/5792/897 5460/5790/896
f 5463/5791/897 5465/5793/898 5464/5794/898 5462/5792/897
f 5465/5793/898 5467/5795/899 5466/5796/899 5464/5794/898
f 5467/5795/899 5469/5797/900 5468/5798/900 5466/5796/899
f 5469/5797/900 5471/5799/901 5470/5800/901 5468/5798/900
f 5471/5799/901 5473/5801/902 5472/5802/902 5470/5800/901
f 5473/5801/902 5475/5803/903 5474/5804/903 5472/5802/902
f 5475/5803/903 5477/5805/904 5476/5806/904 5474/5804/903
f 5477/5805/904 5479/5807/905 5478/5808/905 5476/5806/904
f 5479/5807/905 5481/5809/906 5480/5810/906 5478/5808/905
f 5481/5809/906 5483/5811/10 5482/5812/10 5480/5810/906
f 5483/5811/10 5485/5813/109 5484/5814/109 5482/5812/10
f 5485/5813/109 5433/5815/882 5432/5816/882 5484/5814/109
f 5487/5817/907 5489/5818/908 5488/5819/908 5486/5820/907
f 5489/5818/908 5491/5821/909 5490/5822/909 5488/5819/908
f 5491/5821/909 5493/5823/910 5492/5824/910 5490/5822/909
f 5493/5823/910 5495/5825/911 5494/5826/911 5492/5824/910
f 5495/5825/911 5497/5827/912 5496/5828/912 5494/5826/911
f 5497/5827/912 5499/5829/913 5498/5830/913 5496/5828/912
f 5499/5829/913 5501/5831/914 5500/5832/914 5498/5830/913
f 5501/5831/914 5503/5833/915 5502/5834/915 5500/5832/914
f 5503/5833/915 5505/5835/916 5504/5836/916 5502/5834/915
f 5505/5835/916 5507/5837/917 5506/5838/917 5504/5836/916
f 5507/5837/917 5509/5839/918 5508/5840/918 5506/5838/917
f 5509/5839/918 5511/5841/919 5510/5842/919 5508/5840/918
f 5511/5841/919 5513/5843/920 5512/5844/920 5510/5842/919
f 5513/5843/920 5515/5845/921 5514/5846/921 5512/5844/920
f 5515/5845/921 5517/5847/922 5516/5848/922 5514/5846/921
f 5517/5847/922 5519/5849/923 5518/5850/923 5516/5848/922
f 5519/5849/923 5521/5851/924 5520/5852/925 5518/5850/923
f 5521/5851/924 5523/5853/926 5522/5854/926 5520/5852/925
f 5523/5853/926 5525/5855/927 5524/5856/927 5522/5854/926
f 5525/5855/927 5527/5857/928 5526/5858/928 5524/5856/927
f 5527/5857/928 5529/5859/929 5528/5860/929 5526/5858/928
f 5529/5859/929 5531/5861/930 5530/5862/930 5528/5860/929
f 5531/5861/930 5533/5863/931 5532/5864/931 5530/5862/930
f 5533/5863/931 5535/5865/932 5534/5866/932 5532/5864/931
f 5535/5865/932 5537/5867/8 5536/5868/8 5534/5866/932
f 5537/5867/8 5539/5869/12 5538/5870/12 5536/5868/8
f 5539/5869/12 5487/5871/907 5486/5872/907 5538/5870/12
f 5541/5873/933 5543/5874/934 5542/5875/934 5540/5876/933
f 5543/5874/934 5545/5877/935 5544/5878/935 5542/5875/934
f 5545/5877/935 5547/5879/936 5546/5880/936 5544/5878/935
f 5547/5879/936 5549/5881/937 5548/5882/937 5546/5880/936
f 5549/5881/937 5551/5883/938 5550/5884/938 5548/5882/937
f 5551/5883/938 5553/5885/939 5552/5886/939 5550/5884/938
f 5553/5885/939 5555/5887/940 5554/5888/940 5552/5886/939
f 5555/5887/940 5557/5889/941 5556/5890/941 5554/5888/940
f 5557/5889/941 5559/5891/942 5558/5892/942 5556/5890/941
f 5559/5891/942 5561/5893/943 5560/5894/943 5558/5892/942
f 5561/5893/943 5563/5895/944 5562/5896/944 5560/5894/943
f 5563/5895/944 5565/5897/945 5564/5898/945 5562/5896/944
f 5565/5897/945 5567/5899/946 5566/5900/946 5564/5898/945
f 5567/5899/946 5569/5901/947 5568/5902/947 5566/5900/946
f 5569/5901/947 5571/5903/948 5570/5904/948 5568/5902/947
f 5571/5903/948 5573/5905/949 5572/5906/949 5570/5904/948
f 5573/5905/949 5575/5907/950 5574/5908/950 5572/5906/949
f 5575/5907/950 5577/5909/951 5576/5910/951 5574/5908/950
f 5577/5909/951 5579/5911/952 5578/5912/952 5576/5910/951
f 5579/5911/952 5581/5913/953 5580/5914/953 5578/5912/952
f 5581/5913/953 5583/5915/954 5582/5916/954 5580/5914/953
f 5583/5915/954 5585/5917/955 5584/5918/955 5582/5916/954
f 5585/5917/955 5587/5919/956 5586/5920/956 5584/5918/955
f 5587/5919/956 5589/5921/957 5588/5922/957 5586/5920/956
f 5589/5921/957 5591/5923/958 5590/5924/958 5588/5922/957
f 5591/5923/958 5593/5925/959 5592/5926/959 5590/5924/958
f 5593/5925/959 5595/5927/960 5594/5928/960 5592/5926/959
f 5595/5927/960 5597/5929/961 5596/5930/961 5594/5928/960
f 5597/5929/961 5599/5931/139 5598/5932/139 5596/5930/961
f 5599/5931/139 5601/5933/962 5600/5934/962 5598/5932/139
f 5601/5933/962 5603/5935/963 5602/5936/963 5600/5934/962
f 5603/5935/963 5605/5937/964 5604/5938/964 5602/5936/963
f 5605/5937/964 5607/5939/965 5606/5940/965 5604/5938/964
f 5607/5939/965 5609/5941/966 5608/5942/966 5606/5940/965
f 5609/5941/966 5611/5943/967 5610/5944/967 5608/5942/966
f 5611/5943/967 5613/5945/968 5612/5946/968 5610/5944/967
f 5613/5945/968 5615/5947/969 5614/5948/969 5612/5946/968
f 5615/5947/969 5617/5949/970 5616/5950/970 5614/5948/969
f 5617/5949/970 5619/5951/971 5618/5952/971 5616/5950/970
f 5619/5951/971 5621/5953/972 5620/5954/972 5618/5952/971
f 5621/5953/972 5623/5955/973 5622/5956/973 5620/5954/972
f 5623/5955/973 5625/5957/974 5624/5958/974 5622/5956/973
f 5625/5957/974 5627/5959/975 5626/5960/975 5624/5958/974
f 5627/5959/975 5629/5961/976 5628/5962/976 5626/5960/975
f 5629/5961/976 5631/5963/977 5630/5964/977 5628/5962/976
f 5631/5963/977 5633/5965/978 5632/5966/978 5630/5964/977
f 5633/5965/978 5635/5967/979 5634/5968/979 5632/5966/978
f 5635/5967/979 5541/5969/933 5540/5970/933 5634/5968/979
f 5637/5971/980 5639/5972/981 5638/5973/981 5636/5974/980
f 5639/5972/981 5641/5975/982 5640/5976/982 5638/5973/981
f 5641/5975/982 5643/5977/983 5642/5978/983 5640/5976/982
f 5643/5977/983 5645/5979/984 5644/5980/984 5642/5978/983
f 5645/5979/984 5647/5981/985 5646/5982/985 5644/5980/984
f 5647/5981/985 5649/5983/986 5648/5984/986 5646/5982/985
f 5649/5983/986 5651/5985/987 5650/5986/987 5648/5984/986
f 5651/5985/987 5653/5987/156 5652/5988/156 5650/5986/987
f 5653/5987/156 5655/5989/988 5654/5990/988 5652/5988/156
f 5655/5989/988 5657/5991/989 5656/5992/989 5654/5990/988
f 5657/5991/989 5659/5993/990 5658/5994/990 5656/5992/989
f 5659/5993/990 5661/5995/991 5660/5996/991 5658/5994/990
f 5661/5995/991 5663/5997/992 5662/5998/992 5660/5996/991
f 5663/5997/992 5665/5999/993 5664/6000/993 5662/5998/992
f 5665/5999/993 5667/6001/994 5666/6002/994 5664/6000/993
f 5667/6001/994 5669/6003/995 5668/6004/995 5666/6002/994
f 5669/6003/995 5671/6005/996 5670/6006/996 5668/6004/995
f 5671/6005/996 5673/6007/997 5672/6008/997 5670/6006/996
f 5673/6007/997 5675/6009/998 5674/6010/998 5672/6008/997
f 5675/6009/998 5677/6011/999 5676/6012/999 5674/6010/998
f 5677/6011/999 5679/6013/1000 5678/6014/1000 5676/6012/999
f 5679/6013/1000 5681/6015/1001 5680/6016/1001 5678/6014/1000
f 5681/6015/1001 5683/6017/1002 5682/6018/1002 5680/6016/1001
f 5683/6017/1002 5685/6019/1003 5684/6020/1003 5682/6018/1002
f 5685/6019/1003 5687/6021/1004 5686/6022/1004 5684/6020/1003
f 5687/6021/1004 5689/6023/1005 5688/6024/1005 5686/6022/1004
f 5689/6023/1005 5691/6025/1006 5690/6026/1006 5688/6024/1005
f 5691/6025/1006 5693/6027/1007 5692/6028/1007 5690/6026/1006
f 5693/6027/1007 5695/6029/1008 5694/6030/1008 5692/6028/1007
f 5695/6029/1008 5697/6031/1009 5696/6032/1009 5694/6030/1008
f 5697/6031/1009 5699/6033/1010 5698/6034/1010 5696/6032/1009
f 5699/6033/1010 5701/6035/1011 5700/6036/1011 5698/6034/1010
f 5701/6035/1011 5703/6037/1012 5702/6038/1012 5700/6036/1011
f 5703/6037/1012 5705/6039/1013 5704/6040/1013 5702/6038/1012
f 5705/6039/1013 5707/6041/1014 5706/6042/1014 5704/6040/1013
f 5707/6041/1014 5709/6043/1015 5708/6044/1015 5706/6042/1014
f 5709/6043/1015 5711/6045/1016 5710/6046/1016 5708/6044/1015
f 5711/6045/1016 5713/6047/1017 5712/6048/1017 5710/6046/1016
f 5713/6047/1017 5715/6049/1018 5714/6050/1018 5712/6048/1017
f 5715/6049/1018 5717/6051/1019 5716/6052/1019 5714/6050/1018
f 5717/6051/1019 5719/6053/1020 5718/6054/1020 5716/6052/1019
f 5719/6053/1020 5721/6055/1021 5720/6056/1021 5718/6054/1020
f 5721/6055/1021 5723/6057/1022 5722/6058/1022 5720/6056/1021
f 5723/6057/1022 5725/6059/1023 5724/6060/1023 5722/6058/1022
f 5725/6059/1023 5727/6061/1024 5726/6062/1024 5724/6060/1023
f 5727/6061/1024 5729/6063/1025 5728/6064/1025 5726/6062/1024
f 5729/6063/1025 5731/6065/1026 5730/6066/1026 5728/6064/1025
f 5731/6065/1026 5637/6067/980 5636/6068/980 5730/6066/1026
f 5733/6069/13 5735/6070/1027 5734/6071/1027 5732/6072/13
f 5735/6070/1027 5737/6073/1028 5736/6074/1028 5734/6071/1027
f 5737/6073/1028 5739/6075/1029 5738/6076/1029 5736/6074/1028
f 5739/6075/1029 5741/6077/1030 5740/6078/1030 5738/6076/1029
f 5741/6077/1030 5743/6079/1031 5742/6080/1031 5740/6078/1030
f 5743/6079/1031 5745/6081/1032 5744/6082/1032 5742/6080/1031
f 5745/6081/1032 5747/6083/1033 5746/6084/1033 5744/6082/1032
f 5747/6083/1033 5749/6085/1034 5748/6086/1034 5746/6084/1033
f 5749/6085/1034 5751/6087/1035 5750/6088/1035 5748/6086/1034
f 5751/6087/1035 5753/6089/1036 5752/6090/1036 5750/6088/1035
f 5753/6089/1036 5755/6091/196 5754/6092/196 5752/6090/1036
f 5755/6091/196 5757/6093/1037 5756/6094/1037 5754/6092/196
f 5757/6093/1037 5759/6095/1038 5758/6096/1038 5756/6094/1037
f 5759/6095/1038 5761/6097/1039 5760/6098/1039 5758/6096/1038
f 5761/6097/1039 5763/6099/1040 5762/6100/1040 5760/6098/1039
f 5763/6099/1040 5765/6101/1041 5764/6102/1041 5762/6100/1040
f 5765/6101/1041 5767/6103/1042 5766/6104/1042 5764/6102/1041
f 5767/6103/1042 5769/6105/1043 5768/6106/1043 5766/6104/1042
f 5769/6105/1043 5771/6107/1044 5770/6108/1044 5768/6106/1043
f 5771/6107/1044 5773/6109/1045 5772/6110/1045 5770/6108/1044
f 5773/6109/1045 5775/6111/1046 5774/6112/1046 5772/6110/1045
f 5775/6111/1046 5777/6113/1047 5776/6114/1047 5774/6112/1046
f 5777/6113/1047 5779/6115/1048 5778/6116/1048 5776/6114/1047
f 5779/6115/1048 5781/6117/1049 5780/6118/1049 5778/6116/1048
f 5781/6117/1049 5783/6119/8 5782/6120/8 5780/6118/1049
f 5783/6119/8 5785/6121/10 5784/6122/10 5782/6120/8
f 5785/6121/10 5787/6123/1050 5786/6124/1050 5784/6122/10
f 5787/6123/1050 5789/6125/1051 5788/6126/1051 5786/6124/1050
f 5789/6125/1051 5791/6127/1052 5790/6128/1052 5788/6126/1051
f 5791/6127/1052 5793/6129/1053 5792/6130/1053 5790/6128/1052
f 5793/6129/1053 5795/6131/1054 5794/6132/1054 5792/6130/1053
f 5795/6131/1054 5797/6133/1055 5796/6134/1055 5794/6132/1054
f 5797/6133/1055 5799/6135/1056 5798/6136/1056 5796/6134/1055
f 5799/6135/1056 5801/6137/1057 5800/6138/1057 5798/6136/1056
f 5801/6137/1057 5803/6139/1058 5802/6140/1058 5800/6138/1057
f 5803/6139/1058 5805/6141/1059 5804/6142/1059 5802/6140/1058
f 5805/6141/1059 5807/6143/1060 5806/6144/1060 5804/6142/1059
f 5807/6143/1060 5809/6145/1061 5808/6146/1061 5806/6144/1060
f 5809/6145/1061 5811/6147/1062 5810/6148/1062 5808/6146/1061
f 5811/6147/1062 5813/6149/1063 5812/6150/1063 5810/6148/1062
f 5813/6149/1063 5815/6151/1064 5814/6152/1064 5812/6150/1063
f 5815/6151/1064 5817/6153/1065 5816/6154/1065 5814/6152/1064
f 5817/6153/1065 5819/6155/1066 5818/6156/1066 5816/6154/1065
f 5819/6155/1066 5821/6157/1067 5820/6158/1067 5818/6156/1066
f 5821/6157/1067 5823/6159/1068 5822/6160/1068 5820/6158/1067
f 5823/6159/1068 5825/6161/1069 5824/6162/1069 5822/6160/1068
f 5825/6161/1069 5827/6163/1070 5826/6164/1070 5824/6162/1069
f 5827/6163/1070 5829/6165/1071 5828/6166/1071 5826/6164/1070
f 5829/6165/1071 5831/6167/1072 5830/6168/1072 5828/6166/1071
f 5831/6167/1072 5833/6169/1073 5832/6170/1073 5830/6168/1072
f 5833/6169/1073 5835/6171/1074 5834/6172/1074 5832/6170/1073
f 5835/6171/1074 5837/6173/8 5836/6174/8 5834/6172/1074
f 5837/6173/8 5839/6175/10 5838/6176/10 5836/6174/8
f 5839/6175/10 5841/6177/109 5840/6178/109 5838/6176/10
f 5841/6177/109 5843/6179/12 5842/6180/12 5840/6178/109
f 5843/6179/12 5845/1501/12 5844/1504/12 5842/6180/12
f 5847/6181/1075 5849/6182/1076 5848/6183/1076 5846/6184/1075
f 5849/6182/1076 5851/6185/1077 5850/6186/1077 5848/6183/1076
f 5851/6185/1077 5853/6187/1078 5852/6188/1078 5850/6186/1077
f 5853/6187/1078 5855/6189/1079 5854/6190/1079 5852/6188/1078
f 5855/6189/1079 5857/6191/1080 5856/6192/1080 5854/6190/1079
f 5857/6191/1080 5859/6193/1081 5858/6194/1081 5856/6192/1080
f 5859/6193/1081 5861/6195/1082 5860/6196/1082 5858/6194/1081
f 5861/6195/1082 5863/6197/1083 5862/6198/1083 5860/6196/1082
f 5863/6197/1083 5865/6199/1084 5864/6200/1084 5862/6198/1083
f 5865/6199/1084 5867/6201/1085 5866/6202/1085 5864/6200/1084
f 5867/6201/1085 5869/6203/1086 5868/6204/1086 5866/6202/1085
f 5869/6203/1086 5871/6205/1087 5870/6206/1087 5868/6204/1086
f 5871/6205/1087 5873/6207/1088 5872/6208/1088 5870/6206/1087
f 5873/6207/1088 5875/6209/1089 5874/6210/1089 5872/6208/1088
f 5875/6209/1089 5877/6211/1090 5876/6212/1090 5874/6210/1089
f 5877/6211/1090 5879/6213/1091 5878/6214/1091 5876/6212/1090
f 5879/6213/1091 5881/6215/1092 5880/6216/1092 5878/6214/1091
f 5881/6215/1092 5883/6217/1093 5882/6218/1093 5880/6216/1092
f 5883/6217/1093 5885/6219/1094 5884/6220/1094 5882/6218/1093
f 5885/6219/1094 5887/6221/1095 5886/6222/1095 5884/6220/1094
f 5887/6221/1095 5889/6223/1096 5888/6224/1096 5886/6222/1095
f 5889/6223/1096 5891/6225/1097 5890/6226/1097 5888/6224/1096
f 5891/6225/1097 5893/6227/1098 5892/6228/1098 5890/6226/1097
f 5893/6227/1098 5895/6229/1099 5894/6230/1099 5892/6228/1098
f 5895/6229/1099 5897/6231/1100 5896/6232/1100 5894/6230/1099
f 5897/6231/1100 5899/6233/1101 5898/6234/1101 5896/6232/1100
f 5899/6233/1101 5901/6235/1102 5900/6236/1102 5898/6234/1101
f 5901/6235/1102 5903/6237/1103 5902/6238/1103 5900/6236/1102
f 5903/6237/1103 5905/6239/1104 5904/6240/1104 5902/6238/1103
f 5905/6239/1104 5907/6241/1105 5906/6242/1105 5904/6240/1104
f 5907/6241/1105 5909/6243/1106 5908/6244/1106 5906/6242/1105
f 5909/6243/1106 5911/6245/1107 5910/6246/1107 5908/6244/1106
f 5911/6245/1107 5913/6247/1108 5912/6248/1108 5910/6246/1107
f 5913/6247/1108 5915/6249/1109 5914/6250/1109 5912/6248/1108
f 5915/6249/1109 5917/6251/1110 5916/6252/1110 5914/6250/1109
f 5917/6251/1110 5919/6253/1111 5918/6254/1111 5916/6252/1110
f 5919/6253/1111 5921/6255/1112 5920/6256/1112 5918/6254/1111
f 5921/6255/1112 5923/6257/1113 5922/6258/1113 5920/6256/1112
f 5923/6257/1113 5925/6259/1114 5924/6260/1114 5922/6258/1113
f 5925/6259/1114 5927/6261/1115 5926/6262/1115 5924/6260/1114
f 5927/6261/1115 5929/6263/1116 5928/6264/1116 5926/6262/1115
f 5929/6263/1116 5931/6265/1117 5930/6266/1117 5928/6264/1116
f 5931/6265/1117 5933/6267/1118 5932/6268/1118 5930/6266/1117
f 5933/6267/1118 5935/6269/1119 5934/6270/1119 5932/6268/1118
f 5935/6269/1119 5937/6271/1120 5936/6272/1120 5934/6270/1119
f 5937/6271/1120 5939/6273/1121 5938/6274/1121 5936/6272/1120
f 5939/6273/1121 5941/6275/1122 5940/6276/1122 5938/6274/1121
f 5941/6275/1122 5943/6277/1123 5942/6278/1123 5940/6276/1122
f 5943/6277/1123 5945/6279/1124 5944/6280/1124 5942/6278/1123
f 5945/6279/1124 5947/6281/1125 5946/6282/1125 5944/6280/1124
f 5947/6281/1125 5949/6283/1126 5948/6284/1126 5946/6282/1125
f 5949/6283/1126 5951/6285/1127 5950/6286/1127 5948/6284/1126
f 5951/6285/1127 5953/6287/1128 5952/6288/1128 5950/6286/1127
f 5953/6287/1128 5955/6289/1129 5954/6290/1129 5952/6288/1128
f 5955/6289/1129 5957/6291/1130 5956/6292/1130 5954/6290/1129
f 5957/6291/1130 5959/6293/1131 5958/6294/1131 5956/6292/1130
f 5959/6293/1131 5961/6295/731 5960/6296/731 5958/6294/1131
f 5961/6295/731 5963/6297/1132 5962/6298/1132 5960/6296/731
f 5963/6297/1132 5965/6299/1133 5964/6300/1133 5962/6298/1132
f 5965/6299/1133 5967/6301/1134 5966/6302/1134 5964/6300/1133
f 5967/6301/1134 5969/6303/1135 5968/6304/1135 5966/6302/1134
f 5969/6303/1135 5971/6305/1136 5970/6306/1136 5968/6304/1135
f 5971/6305/1136 5973/6307/1137 5972/6308/1137 5970/6306/1136
f 5973/6307/1137 5975/6309/1138 5974/6310/1138 5972/6308/1137
f 5975/6309/1138 5977/6311/1139 5976/6312/1139 5974/6310/1138
f 5977/6311/1139 5979/6313/1140 5978/6314/1140 5976/6312/1139
f 5979/6313/1140 5981/6315/1141 5980/6316/1141 5978/6314/1140
f 5981/6315/1141 5983/6317/1142 5982/6318/1142 5980/6316/1141
f 5983/6317/1142 5985/6319/1143 5984/6320/1143 5982/6318/1142
f 5985/6319/1143 5987/6321/1144 5986/6322/1144 5984/6320/1143
f 5987/6321/1144 5989/6323/1145 5988/6324/1145 5986/6322/1144
f 5989/6323/1145 5991/6325/1146 5990/6326/1146 5988/6324/1145
f 5991/6325/1146 5993/6327/1147 5992/6328/1147 5990/6326/1146
f 5993/6327/1147 5995/6329/1148 5994/6330/1148 5992/6328/1147
f 5995/6329/1148 5997/6331/1149 5996/6332/1149 5994/6330/1148
f 5997/6331/1149 5999/6333/1150 5998/6334/1150 5996/6332/1149
f 5999/6333/1150 6001/6335/1151 6000/6336/1151 5998/6334/1150
f 6001/6335/1151 6003/6337/1152 6002/6338/1152 6000/6336/1151
f 6003/6337/1152 6005/6339/1153 6004/6340/1153 6002/6338/1152
f 6005/6339/1153 6007/6341/1154 6006/6342/1154 6004/6340/1153
f 6007/6341/1154 6009/6343/1155 6008/6344/1155 6006/6342/1154
f 6009/6343/1155 6011/6345/1156 6010/6346/1156 6008/6344/1155
f 6011/6345/1156 6013/6347/1157 6012/6348/1157 6010/6346/1156
f 6013/6347/1157 6015/6349/1158 6014/6350/1158 6012/6348/1157
f 6015/6349/1158 6017/6351/1159 6016/6352/1159 6014/6350/1158
f 6017/6351/1159 6019/6353/1160 6018/6354/1160 6016/6352/1159
f 6019/6353/1160 6021/6355/1161 6020/6356/1161 6018/6354/1160
f 6021/6355/1161 6023/6357/1162 6022/6358/1162 6020/6356/1161
f 6023/6357/1162 6025/6359/1163 6024/6360/1163 6022/6358/1162
f 6025/6359/1163 6027/6361/1164 6026/6362/1164 6024/6360/1163
f 6027/6361/1164 6029/6363/1165 6028/6364/1165 6026/6362/1164
f 6029/6363/1165 6031/6365/1166 6030/6366/1166 6028/6364/1165
f 6031/6365/1166 6033/6367/1167 6032/6368/1167 6030/6366/1166
f 6033/6367/1167 6035/6369/1168 6034/6370/1168 6032/6368/1167
f 6035/6369/1168 6037/6371/1169 6036/6372/1169 6034/6370/1168
f 6037/6371/1169 6039/6373/1170 6038/6374/1170 6036/6372/1169
f 6039/6373/1170 6041/6375/1171 6040/6376/1171 6038/6374/1170
f 6041/6375/1171 6043/6377/1172 6042/6378/1172 6040/6376/1171
f 6043/6377/1172 6045/6379/1173 6044/6380/1173 6042/6378/1172
f 6045/6379/1173 6047/6381/1174 6046/6382/1174 6044/6380/1173
f 6047/6381/1174 6049/6383/1175 6048/6384/1175 6046/6382/1174
f 6049/6383/1175 6051/6385/768 6050/6386/768 6048/6384/1175
f 6051/6385/768 6053/6387/1176 6052/6388/1176 6050/6386/768
f 6053/6387/1176 6055/6389/1177 6054/6390/1177 6052/6388/1176
f 6055/6389/1177 6057/6391/1178 6056/6392/1178 6054/6390/1177
f 6057/6391/1178 6059/6393/1179 6058/6394/1179 6056/6392/1178
f 6059/6393/1179 6061/6395/1180 6060/6396/1180 6058/6394/1179
f 6061/6395/1180 6063/6397/1181 6062/6398/1181 6060/6396/1180
f 6063/6397/1181 6065/6399/1182 6064/6400/1182 6062/6398/1181
f 6065/6399/1182 6067/6401/1183 6066/6402/1183 6064/6400/1182
f 6067/6401/1183 6069/6403/1184 6068/6404/1184 6066/6402/1183
f 6069/6403/1184 6071/6405/1185 6070/6406/1185 6068/6404/1184
f 6071/6405/1185 6073/6407/1186 6072/6408/1186 6070/6406/1185
f 6073/6407/1186 6075/6409/1187 6074/6410/1187 6072/6408/1186
f 6075/6409/1187 6077/6411/1188 6076/6412/1188 6074/6410/1187
f 6077/6411/1188 6079/6413/1189 6078/6414/1189 6076/6412/1188
f 6079/6413/1189 6081/6415/1190 6080/6416/1190 6078/6414/1189
f 6081/6415/1190 6083/6417/1191 6082/6418/1191 6080/6416/1190
f 6083/6417/1191 6085/6419/1192 6084/6420/1192 6082/6418/1191
f 6085/6419/1192 6087/6421/1193 6086/6422/1193 6084/6420/1192
f 6087/6421/1193 6089/6423/1194 6088/6424/1194 6086/6422/1193
f 6089/6423/1194 6091/1505/14 6090/1508/14 6088/6424/1194
f 6095/1509/16 6097/1511/17 6096/1514/17 6094/1510/16
f 6099/1512/18 6101/6425/1195 6100/6426/1195 6098/1513/18
f 6101/6425/1195 6103/6427/1196 6102/6428/1196 6100/6426/1195
f 6103/6427/1196 6105/6429/1197 6104/6430/1197 6102/6428/1196
f 6105/6429/1197 6107/6431/1198 6106/6432/1198 6104/6430/1197
f 6107/6431/1198 6109/6433/1199 6108/6434/1199 6106/6432/1198
f 6109/6433/1199 6111/6435/1200 6110/6436/1200 6108/6434/1199
f 6111/6435/1200 6113/6437/1201 6112/6438/1201 6110/6436/1200
f 6113/6437/1201 6115/6439/1202 6114/6440/1202 6112/6438/1201
f 6115/6439/1202 6117/6441/1203 6116/6442/1203 6114/6440/1202
f 6117/6441/1203 6119/6443/1204 6118/6444/1204 6116/6442/1203
f 6119/6443/1204 5847/6445/1075 5846/6446/1075 6118/6444/1204
f 6121/6447/1205 6123/6448/1206 6122/6449/1206 6120/6450/1205
f 6123/6448/1206 6125/6451/1207 6124/6452/1207 6122/6449/1206
f 6125/6451/1207 6127/6453/1208 6126/6454/1208 6124/6452/1207
f 6127/6453/1208 6129/6455/1209 6128/6456/1209 6126/6454/1208
f 6129/6455/1209 6131/6457/1210 6130/6458/1210 6128/6456/1209
f 6131/6457/1210 6133/6459/1211 6132/6460/1211 6130/6458/1210
f 6133/6459/1211 6135/6461/1212 6134/6462/1212 6132/6460/1211
f 6135/6461/1212 6137/6463/1213 6136/6464/1213 6134/6462/1212
f 6137/6463/1213 6139/6465/1214 6138/6466/1214 6136/6464/1213
f 6139/6465/1214 6141/6467/1215 6140/6468/1215 6138/6466/1214
f 6141/6467/1215 6143/6469/1216 6142/6470/1216 6140/6468/1215
f 6143/6469/1216 6145/6471/1217 6144/6472/1217 6142/6470/1216
f 6145/6471/1217 6147/6473/1218 6146/6474/1218 6144/6472/1217
f 6147/6473/1218 6149/6475/1219 6148/6476/1219 6146/6474/1218
f 6149/6475/1219 6151/6477/1220 6150/6478/1220 6148/6476/1219
f 6151/6477/1220 6153/6479/1221 6152/6480/1221 6150/6478/1220
f 6153/6479/1221 6155/6481/1222 6154/6482/1222 6152/6480/1221
f 6155/6481/1222 6157/6483/1223 6156/6484/1223 6154/6482/1222
f 6157/6483/1223 6159/6485/1224 6158/6486/1224 6156/6484/1223
f 6159/6485/1224 6161/6487/1225 6160/6488/1225 6158/6486/1224
f 6161/6487/1225 6163/6489/1226 6162/6490/1226 6160/6488/1225
f 6163/6489/1226 6165/6491/1227 6164/6492/1227 6162/6490/1226
f 6165/6491/1227 6167/6493/1228 6166/6494/1228 6164/6492/1227
f 6167/6493/1228 6169/6495/1229 6168/6496/1229 6166/6494/1228
f 6169/6495/1229 6171/6497/1230 6170/6498/1230 6168/6496/1229
f 6171/6497/1230 6173/6499/646 6172/6500/646 6170/6498/1230
f 6173/6499/646 6175/6501/1231 6174/6502/1231 6172/6500/646
f 6175/6501/1231 6177/6503/1232 6176/6504/1232 6174/6502/1231
f 6177/6503/1232 6179/6505/1233 6178/6506/1233 6176/6504/1232
f 6179/6505/1233 6181/6507/1234 6180/6508/1234 6178/6506/1233
f 6181/6507/1234 6183/6509/1235 6182/6510/1235 6180/6508/1234
f 6183/6509/1235 6185/6511/1236 6184/6512/1236 6182/6510/1235
f 6185/6511/1236 6187/6513/1237 6186/6514/1237 6184/6512/1236
f 6187/6513/1237 6189/6515/1238 6188/6516/1238 6186/6514/1237
f 6189/6515/1238 6191/6517/1239 6190/6518/1239 6188/6516/1238
f 6191/6517/1239 6193/6519/1240 6192/6520/1240 6190/6518/1239
f 6193/6519/1240 6121/6521/1205 6120/6522/1205 6192/6520/1240
f 6195/6523/10 6197/6524/109 6196/6525/109 6194/6526/10
f 6197/6524/109 6199/6527/12 6198/6528/12 6196/6525/109
f 6199/6527/12 6201/6529/8 6200/6530/8 6198/6528/12
f 6201/6529/8 6195/6531/10 6194/6532/10 6200/6530/8
f 6203/6533/1241 6205/6534/1242 6204/6535/1242 6202/6536/1241
f 6205/6534/1242 6207/6537/1243 6206/6538/1243 6204/6535/1242
f 6207/6537/1243 6209/6539/1244 6208/6540/1244 6206/6538/1243
f 6209/6539/1244 6211/6541/1245 6210/6542/1245 6208/6540/1244
f 6211/6541/1245 6213/6543/1246 6212/6544/1246 6210/6542/1245
f 6213/6543/1246 6215/6545/1247 6214/6546/1247 6212/6544/1246
f 6215/6545/1247 6217/6547/1248 6216/6548/1248 6214/6546/1247
f 6217/6547/1248 6219/6549/1249 6218/6550/1249 6216/6548/1248
f 6219/6549/1249 6221/6551/1250 6220/6552/1250 6218/6550/1249
f 6221/6551/1250 6223/6553/1251 6222/6554/1251 6220/6552/1250
f 6223/6553/1251 6225/6555/1252 6224/6556/1252 6222/6554/1251
f 6225/6555/1252 6227/6557/1253 6226/6558/1253 6224/6556/1252
f 6227/6557/1253 6229/6559/1254 6228/6560/1254 6226/6558/1253
f 6229/6559/1254 6231/6561/1255 6230/6562/1255 6228/6560/1254
f 6231/6561/1255 6233/6563/1256 6232/6564/1256 6230/6562/1255
f 6233/6563/1256 6235/6565/1257 6234/6566/1257 6232/6564/1256
f 6235/6565/1257 6237/6567/1258 6236/6568/1258 6234/6566/1257
f 6237/6567/1258 6239/6569/1259 6238/6570/1259 6236/6568/1258
f 6239/6569/1259 6241/6571/1260 6240/6572/1260 6238/6570/1259
f 6241/6571/1260 6243/6573/1261 6242/6574/1261 6240/6572/1260
f 6243/6573/1261 6245/6575/1262 6244/6576/1262 6242/6574/1261
f 6245/6575/1262 6247/6577/1263 6246/6578/1263 6244/6576/1262
f 6247/6577/1263 6249/6579/1264 6248/6580/1264 6246/6578/1263
f 6249/6579/1264 6251/6581/1265 6250/6582/1265 6248/6580/1264
f 6251/6581/1265 6253/6583/1266 6252/6584/1266 6250/6582/1265
f 6253/6583/1266 6255/6585/1267 6254/6586/1267 6252/6584/1266
f 6255/6585/1267 6257/6587/1268 6256/6588/1268 6254/6586/1267
f 6257/6587/1268 6259/6589/1269 6258/6590/1269 6256/6588/1268
f 6259/6589/1269 6261/6591/1270 6260/6592/1270 6258/6590/1269
f 6261/6591/1270 6263/6593/1271 6262/6594/1271 6260/6592/1270
f 6263/6593/1271 6265/6595/1272 6264/6596/1272 6262/6594/1271
f 6265/6595/1272 6267/6597/1273 6266/6598/1273 6264/6596/1272
f 6267/6597/1273 6269/6599/1274 6268/6600/1274 6266/6598/1273
f 6269/6599/1274 6271/6601/1275 6270/6602/1275 6268/6600/1274
f 6271/6601/1275 6273/6603/1276 6272/6604/1276 6270/6602/1275
f 6273/6603/1276 6275/6605/1277 6274/6606/1277 6272/6604/1276
f 6275/6605/1277 6277/6607/109 6276/6608/109 6274/6606/1277
f 6277/6607/109 6279/6609/12 6278/6610/12 6276/6608/109
f 6279/6609/12 6281/6611/8 6280/6612/8 6278/6610/12
f 6281/6611/8 6203/6613/1241 6202/6614/1241 6280/6612/8
f 6283/6615/1278 6285/6616/1279 6284/6617/1279 6282/6618/1278
f 6285/6616/1279 6287/6619/1280 6286/6620/1280 6284/6617/1279
f 6287/6619/1280 6289/6621/1281 6288/6622/1281 6286/6620/1280
f 6289/6621/1281 6291/6623/1282 6290/6624/1282 6288/6622/1281
f 6291/6623/1282 6293/6625/1283 6292/6626/1283 6290/6624/1282
f 6293/6625/1283 6295/6627/1284 6294/6628/1284 6292/6626/1283
f 6295/6627/1284 6297/6629/1285 6296/6630/1285 6294/6628/1284
f 6297/6629/1285 6299/6631/1286 6298/6632/1286 6296/6630/1285
f 6299/6631/1286 6301/6633/1287 6300/6634/1287 6298/6632/1286
f 6301/6633/1287 6303/6635/1288 6302/6636/1288 6300/6634/1287
f 6303/6635/1288 6305/6637/1289 6304/6638/1289 6302/6636/1288
f 6305/6637/1289 6307/6639/1290 6306/6640/1290 6304/6638/1289
f 6307/6639/1290 6309/6641/1291 6308/6642/1291 6306/6640/1290
f 6309/6641/1291 6311/6643/1292 6310/6644/1292 6308/6642/1291
f 6311/6643/1292 6313/6645/1293 6312/6646/1293 6310/6644/1292
f 6313/6645/1293 6315/6647/1294 6314/6648/1294 6312/6646/1293
f 6315/6647/1294 6317/6649/1295 6316/6650/1295 6314/6648/1294
f 6317/6649/1295 6319/6651/1296 6318/6652/1296 6316/6650/1295
f 6319/6651/1296 6321/6653/1204 6320/6654/1204 6318/6652/1296
f 6321/6653/1204 6323/6655/1297 6322/6656/1297 6320/6654/1204
f 6323/6655/1297 6325/6657/1298 6324/6658/1298 6322/6656/1297
f 6325/6657/1298 6327/6659/1299 6326/6660/1299 6324/6658/1298
f 6327/6659/1299 6329/6661/1300 6328/6662/1300 6326/6660/1299
f 6329/6661/1300 6331/6663/1301 6330/6664/1301 6328/6662/1300
f 6331/6663/1301 6333/6665/1302 6332/6666/1302 6330/6664/1301
f 6333/6665/1302 6335/6667/1303 6334/6668/1303 6332/6666/1302
f 6335/6667/1303 6337/6669/1304 6336/6670/1304 6334/6668/1303
f 6337/6669/1304 6339/6671/1305 6338/6672/1305 6336/6670/1304
f 6339/6671/1305 6341/6673/1306 6340/6674/1306 6338/6672/1305
f 6341/6673/1306 6343/6675/1307 6342/6676/1307 6340/6674/1306
f 6343/6675/1307 6345/6677/1308 6344/6678/1308 6342/6676/1307
f 6345/6677/1308 6347/6679/1309 6346/6680/1309 6344/6678/1308
f 6347/6679/1309 6349/6681/566 6348/6682/566 6346/6680/1309
f 6349/6681/566 6351/6683/1310 6350/6684/1310 6348/6682/566
f 6351/6683/1310 6353/6685/1311 6352/6686/1311 6350/6684/1310
f 6353/6685/1311 6355/6687/109 6354/6688/109 6352/6686/1311
f 6355/6687/109 6357/6689/1312 6356/6690/1312 6354/6688/109
f 6357/6689/1312 6283/6691/1278 6282/6692/1278 6356/6690/1312
f 6359/6693/109 6361/6694/12 6360/6695/12 6358/6696/109
f 6361/6694/12 6363/6697/653 6362/6698/653 6360/6695/12
f 6363/6697/653 6365/6699/652 6364/6700/652 6362/6698/653
f 6365/6699/652 6367/6701/651 6366/6702/651 6364/6700/652
f 6367/6701/651 6369/6703/650 6368/6704/650 6366/6702/651
f 6369/6703/650 6359/6705/109 6358/6706/109 6368/6704/650
f 6371/6707/1313 6373/6708/1314 6372/6709/1314 6370/6710/1313
f 6373/6708/1314 6375/6711/1315 6374/6712/1315 6372/6709/1314
f 6375/6711/1315 6377/6713/1316 6376/6714/1316 6374/6712/1315
f 6377/6713/1316 6379/6715/1317 6378/6716/1317 6376/6714/1316
f 6379/6715/1317 6381/6717/1318 6380/6718/1318 6378/6716/1317
f 6381/6717/1318 6383/6719/1319 6382/6720/1319 6380/6718/1318
f 6383/6719/1319 6385/6721/1320 6384/6722/1320 6382/6720/1319
f 6385/6721/1320 6387/6723/1321 6386/6724/1321 6384/6722/1320
f 6387/6723/1321 6389/6725/1322 6388/6726/1322 6386/6724/1321
f 6389/6725/1322 6391/6727/1323 6390/6728/1323 6388/6726/1322
f 6391/6727/1323 6393/6729/1324 6392/6730/1324 6390/6728/1323
f 6393/6729/1324 6395/6731/1325 6394/6732/1325 6392/6730/1324
f 6395/6731/1325 6397/6733/1326 6396/6734/1326 6394/6732/1325
f 6397/6733/1326 6399/6735/1327 6398/6736/1327 6396/6734/1326
f 6399/6735/1327 6401/6737/1328 6400/6738/1328 6398/6736/1327
f 6401/6737/1328 6403/6739/1329 6402/6740/1329 6400/6738/1328
f 6403/6739/1329 6405/6741/1330 6404/6742/1330 6402/6740/1329
f 6405/6741/1330 6407/6743/1331 6406/6744/1331 6404/6742/1330
f 6407/6743/1331 6409/6745/1332 6408/6746/1332 6406/6744/1331
f 6409/6745/1332 6411/6747/1333 6410/6748/1333 6408/6746/1332
f 6411/6747/1333 6413/6749/1334 6412/6750/1334 6410/6748/1333
f 6413/6749/1334 6415/6751/1335 6414/6752/1335 6412/6750/1334
f 6415/6751/1335 6417/6753/1336 6416/6754/1336 6414/6752/1335
f 6417/6753/1336 6419/6755/1337 6418/6756/1337 6416/6754/1336
f 6419/6755/1337 6421/6757/1338 6420/6758/1338 6418/6756/1337
f 6421/6757/1338 6423/6759/1339 6422/6760/1339 6420/6758/1338
f 6423/6759/1339 6425/6761/1340 6424/6762/1340 6422/6760/1339
f 6425/6761/1340 6427/6763/1341 6426/6764/1341 6424/6762/1340
f 6427/6763/1341 6429/6765/1342 6428/6766/1342 6426/6764/1341
f 6429/6765/1342 6431/6767/1343 6430/6768/1343 6428/6766/1342
f 6431/6767/1343 6433/6769/1344 6432/6770/1344 6430/6768/1343
f 6433/6769/1344 6435/6771/1345 6434/6772/1345 6432/6770/1344
f 6435/6771/1345 6437/6773/1346 6436/6774/1346 6434/6772/1345
f 6437/6773/1346 6439/6775/1347 6438/6776/1347 6436/6774/1346
f 6439/6775/1347 6441/6777/1348 6440/6778/1348 6438/6776/1347
f 6441/6777/1348 6443/6779/1349 6442/6780/1349 6440/6778/1348
f 6443/6779/1349 6445/6781/1350 6444/6782/1350 6442/6780/1349
f 6445/6781/1350 6447/6783/1351 6446/6784/1351 6444/6782/1350
f 6447/6783/1351 6449/6785/1352 6448/6786/1352 6446/6784/1351
f 6449/6785/1352 6451/6787/1353 6450/6788/1353 6448/6786/1352
f 6451/6787/1353 6453/6789/1354 6452/6790/1354 6450/6788/1353
f 6453/6789/1354 6455/6791/1355 6454/6792/1355 6452/6790/1354
f 6455/6791/1355 6457/6793/1356 6456/6794/1356 6454/6792/1355
f 6457/6793/1356 6459/6795/1357 6458/6796/1357 6456/6794/1356
f 6459/6795/1357 6461/6797/1358 6460/6798/1358 6458/6796/1357
f 6461/6797/1358 6463/6799/1359 6462/6800/1359 6460/6798/1358
f 6463/6799/1359 6465/6801/1360 6464/6802/1360 6462/6800/1359
f 6465/6801/1360 6467/6803/1361 6466/6804/1361 6464/6802/1360
f 6467/6803/1361 6469/6805/1362 6468/6806/1362 6466/6804/1361
f 6469/6805/1362 6471/6807/1363 6470/6808/1363 6468/6806/1362
f 6471/6807/1363 6473/6809/1364 6472/6810/1364 6470/6808/1363
f 6473/6809/1364 6475/6811/1365 6474/6812/1365 6472/6810/1364
f 6475/6811/1365 6477/6813/1366 6476/6814/1366 6474/6812/1365
f 6477/6813/1366 6479/6815/1367 6478/6816/1367 6476/6814/1366
f 6479/6815/1367 6481/6817/1368 6480/6818/1368 6478/6816/1367
f 6481/6817/1368 6483/6819/1369 6482/6820/1369 6480/6818/1368
f 6483/6819/1369 6485/6821/1370 6484/6822/1370 6482/6820/1369
f 6485/6821/1370 6487/6823/1371 6486/6824/1371 6484/6822/1370
f 6487/6823/1371 6489/6825/1372 6488/6826/1372 6486/6824/1371
f 6489/6825/1372 6491/6827/1373 6490/6828/1373 6488/6826/1372
f 6491/6827/1373 6493/6829/1374 6492/6830/1374 6490/6828/1373
f 6493/6829/1374 6495/6831/1375 6494/6832/1375 6492/6830/1374
f 6495/6831/1375 6497/6833/1376 6496/6834/1376 6494/6832/1375
f 6497/6833/1376 6499/6835/1377 6498/6836/1377 6496/6834/1376
f 6499/6835/1377 6501/6837/1378 6500/6838/1378 6498/6836/1377
f 6501/6837/1378 6503/6839/1379 6502/6840/1379 6500/6838/1378
f 6503/6839/1379 6505/6841/1380 6504/6842/1380 6502/6840/1379
f 6505/6841/1380 6507/6843/1381 6506/6844/1381 6504/6842/1380
f 6507/6843/1381 6509/6845/1382 6508/6846/1382 6506/6844/1381
f 6509/6845/1382 6511/6847/1383 6510/6848/1383 6508/6846/1382
f 6511/6847/1383 6513/6849/1384 6512/6850/1384 6510/6848/1383
f 6513/6849/1384 6515/6851/1385 6514/6852/1385 6512/6850/1384
f 6515/6851/1385 6517/6853/1386 6516/6854/1386 6514/6852/1385
f 6517/6853/1386 6519/6855/1387 6518/6856/1387 6516/6854/1386
f 6519/6855/1387 6521/6857/1388 6520/6858/1388 6518/6856/1387
f 6521/6857/1388 6523/6859/1389 6522/6860/1389 6520/6858/1388
f 6523/6859/1389 6525/6861/768 6524/6862/768 6522/6860/1389
f 6525/6861/768 6527/6863/461 6526/6864/461 6524/6862/768
f 6527/6863/461 6529/6865/1276 6528/6866/1276 6526/6864/461
f 6529/6865/1276 6531/6867/1390 6530/6868/1390 6528/6866/1276
f 6531/6867/1390 6533/6869/1391 6532/6870/1391 6530/6868/1390
f 6533/6869/1391 6535/6871/1392 6534/6872/1392 6532/6870/1391
f 6535/6871/1392 6537/6873/1393 6536/6874/1393 6534/6872/1392
f 6537/6873/1393 6539/6875/1394 6538/6876/1394 6536/6874/1393
f 6539/6875/1394 6541/6877/1395 6540/6878/1395 6538/6876/1394
f 6541/6877/1395 6543/6879/1396 6542/6880/1396 6540/6878/1395
f 6543/6879/1396 6545/6881/1397 6544/6882/1397 6542/6880/1396
f 6545/6881/1397 6547/6883/1398 6546/6884/1398 6544/6882/1397
f 6547/6883/1398 6549/6885/1399 6548/6886/1399 6546/6884/1398
f 6549/6885/1399 6551/6887/1400 6550/6888/1400 6548/6886/1399
f 6551/6887/1400 6553/6889/1401 6552/6890/1401 6550/6888/1400
f 6553/6889/1401 6555/6891/1402 6554/6892/1402 6552/6890/1401
f 6555/6891/1402 6557/6893/1403 6556/6894/1403 6554/6892/1402
f 6557/6893/1403 6559/6895/1404 6558/6896/1404 6556/6894/1403
f 6559/6895/1404 6561/6897/1405 6560/6898/1405 6558/6896/1404
f 6561/6897/1405 6563/6899/1406 6562/6900/1406 6560/6898/1405
f 6563/6899/1406 6565/6901/1407 6564/6902/1407 6562/6900/1406
f 6565/6901/1407 6567/6903/1408 6566/6904/1408 6564/6902/1407
f 6567/6903/1408 6569/6905/1409 6568/6906/1409 6566/6904/1408
f 6569/6905/1409 6571/6907/1410 6570/6908/1410 6568/6906/1409
f 6571/6907/1410 6573/6909/1411 6572/6910/1411 6570/6908/1410
f 6573/6909/1411 6575/6911/1412 6574/6912/1412 6572/6910/1411
f 6575/6911/1412 6577/6913/1413 6576/6914/1413 6574/6912/1412
f 6577/6913/1413 6579/6915/1414 6578/6916/1414 6576/6914/1413
f 6579/6915/1414 6581/6917/1415 6580/6918/1415 6578/6916/1414
f 6581/6917/1415 6583/6919/1416 6582/6920/1416 6580/6918/1415
f 6583/6919/1416 6585/6921/1417 6584/6922/1417 6582/6920/1416
f 6585/6921/1417 6587/6923/1418 6586/6924/1418 6584/6922/1417
f 6587/6923/1418 6589/6925/1419 6588/6926/1419 6586/6924/1418
f 6589/6925/1419 6591/6927/1420 6590/6928/1420 6588/6926/1419
f 6591/6927/1420 6593/6929/1421 6592/6930/1421 6590/6928/1420
f 6593/6929/1421 6595/6931/1422 6594/6932/1422 6592/6930/1421
f 6595/6931/1422 6597/6933/1423 6596/6934/1423 6594/6932/1422
f 6597/6933/1423 6599/6935/1424 6598/6936/1424 6596/6934/1423
f 6599/6935/1424 6601/6937/1425 6600/6938/1425 6598/6936/1424
f 6601/6937/1425 6603/6939/506 6602/6940/506 6600/6938/1425
f 6603/6939/506 6605/6941/1426 6604/6942/1426 6602/6940/506
f 6605/6941/1426 6607/6943/1427 6606/6944/1427 6604/6942/1426
f 6607/6943/1427 6609/6945/1428 6608/6946/1428 6606/6944/1427
f 6609/6945/1428 6611/6947/1429 6610/6948/1429 6608/6946/1428
f 6611/6947/1429 6613/6949/1430 6612/6950/1430 6610/6948/1429
f 6613/6949/1430 6615/6951/1431 6614/6952/1431 6612/6950/1430
f 6615/6951/1431 6617/6953/1432 6616/6954/1432 6614/6952/1431
f 6617/6953/1432 6619/6955/1271 6618/6956/1271 6616/6954/1432
f 6619/6955/1271 6621/6957/1433 6620/6958/1433 6618/6956/1271
f 6621/6957/1433 6623/6959/1434 6622/6960/1434 6620/6958/1433
f 6623/6959/1434 6625/6961/1435 6624/6962/1435 6622/6960/1434
f 6625/6961/1435 6627/6963/1436 6626/6964/1436 6624/6962/1435
f 6627/6963/1436 6629/6965/191 6628/6966/191 6626/6964/1436
f 6629/6965/191 6631/6967/1437 6630/6968/1437 6628/6966/191
f 6631/6967/1437 6633/6969/1438 6632/6970/1438 6630/6968/1437
f 6633/6969/1438 6635/6971/1439 6634/6972/1439 6632/6970/1438
f 6635/6971/1439 6637/6973/1440 6636/6974/1440 6634/6972/1439
f 6637/6973/1440 6371/6975/1313 6370/6976/1313 6636/6974/1440
usemtl SVGMat.008
s off
f 6696/6977/1 6698/6978/1 6697/6979/1
f 6720/6980/1 6722/6981/1 6721/6982/1
f 6719/6983/1 6722/6981/1 6720/6980/1
f 6696/6977/1 6699/6984/1 6698/6978/1
f 6719/6983/1 6723/6985/1 6722/6981/1
f 6695/6986/1 6699/6984/1 6696/6977/1
f 6718/6987/1 6723/6985/1 6719/6983/1
f 6695/6986/1 6700/6988/1 6699/6984/1
f 6717/6989/1 6723/6985/1 6718/6987/1
f 6695/6986/1 6701/6990/1 6700/6988/1
f 6717/6989/1 6724/6991/1 6723/6985/1
f 6694/6992/1 6701/6990/1 6695/6986/1
f 6716/6993/1 6757/6994/1 6717/6989/1
f 6757/6994/1 6724/6991/1 6717/6989/1
f 6694/6992/1 6661/6995/1 6701/6990/1
f 6661/6995/1 6702/6996/1 6701/6990/1
f 6715/6997/1 6757/6994/1 6716/6993/1
f 6661/6995/1 6703/6998/1 6702/6996/1
f 6694/6992/1 6662/6999/1 6661/6995/1
f 6660/7000/1 6703/6998/1 6661/6995/1
f 6715/6997/1 6758/7001/1 6757/6994/1
f 6756/7002/1 6724/6991/1 6757/6994/1
f 6756/7002/1 6725/7003/1 6724/6991/1
f 6693/7004/1 6662/6999/1 6694/6992/1
f 6659/7005/1 6703/6998/1 6660/7000/1
f 6715/6997/1 6759/7006/1 6758/7001/1
f 6693/7004/1 6663/7007/1 6662/6999/1
f 6755/7008/1 6725/7003/1 6756/7002/1
f 6714/7009/1 6759/7006/1 6715/6997/1
f 6659/7005/1 6704/7010/1 6703/6998/1
f 6658/7011/1 6704/7010/1 6659/7005/1
f 6714/7009/1 6760/7012/1 6759/7006/1
f 6693/7004/1 6664/7013/1 6663/7007/1
f 6754/7014/1 6725/7003/1 6755/7008/1
f 6713/7015/1 6760/7012/1 6714/7009/1
f 6658/7011/1 6705/7016/1 6704/7010/1
f 6754/7014/1 6726/7017/1 6725/7003/1
f 6692/7018/1 6664/7013/1 6693/7004/1
f 6713/7015/1 6761/7019/1 6760/7012/1
f 6657/7020/1 6705/7016/1 6658/7011/1
f 6692/7018/1 6665/7021/1 6664/7013/1
f 6753/7022/1 6726/7017/1 6754/7014/1
f 6712/7023/1 6761/7019/1 6713/7015/1
f 6657/7020/1 6706/7024/1 6705/7016/1
f 6712/7023/1 6762/7025/1 6761/7019/1
f 6656/7026/1 6706/7024/1 6657/7020/1
f 6692/7018/1 6666/7027/1 6665/7021/1
f 6752/7028/1 6726/7017/1 6753/7022/1
f 6711/7029/1 6762/7025/1 6712/7023/1
f 6656/7026/1 6707/7030/1 6706/7024/1
f 6752/7028/1 6727/7031/1 6726/7017/1
f 6691/7032/1 6666/7027/1 6692/7018/1
f 6710/7033/1 6762/7025/1 6711/7029/1
f 6656/7026/1 6708/7034/1 6707/7030/1
f 6710/7033/1 6763/7035/1 6762/7025/1
f 6655/7036/1 6708/7034/1 6656/7026/1
f 6691/7032/1 6667/7037/1 6666/7027/1
f 6751/7038/1 6727/7031/1 6752/7028/1
f 6751/7038/1 6728/7039/1 6727/7031/1
f 6690/7040/1 6667/7037/1 6691/7032/1
f 6709/7041/1 6763/7035/1 6710/7033/1
f 6655/7036/1 6709/7041/1 6708/7034/1
f 6709/7041/1 6764/7042/1 6763/7035/1
f 6654/7043/1 6709/7041/1 6655/7036/1
f 6690/7040/1 6668/7044/1 6667/7037/1
f 6750/7045/1 6728/7039/1 6751/7038/1
f 6654/7043/1 6764/7042/1 6709/7041/1
f 6750/7045/1 6729/7046/1 6728/7039/1
f 6689/7047/1 6668/7044/1 6690/7040/1
f 6654/7043/1 6765/7048/1 6764/7042/1
f 6653/7049/1 6765/7048/1 6654/7043/1
f 6689/7047/1 6669/7050/1 6668/7044/1
f 6749/7051/1 6729/7046/1 6750/7045/1
f 6749/7051/1 6730/7052/1 6729/7046/1
f 6688/7053/1 6669/7050/1 6689/7047/1
f 6653/7049/1 6766/7054/1 6765/7048/1
f 6652/7055/1 6766/7054/1 6653/7049/1
f 6688/7053/1 6670/7056/1 6669/7050/1
f 6748/7057/1 6730/7052/1 6749/7051/1
f 6652/7055/1 6767/7058/1 6766/7054/1
f 6651/7059/1 6767/7058/1 6652/7055/1
f 6748/7057/1 6731/7060/1 6730/7052/1
f 6687/7061/1 6670/7056/1 6688/7053/1
f 6747/7062/1 6731/7060/1 6748/7057/1
f 6687/7061/1 6671/7063/1 6670/7056/1
f 6651/7059/1 6768/7064/1 6767/7058/1
f 6650/7065/1 6768/7064/1 6651/7059/1
f 6747/7062/1 6732/7066/1 6731/7060/1
f 6686/7067/1 6671/7063/1 6687/7061/1
f 6746/7068/1 6732/7066/1 6747/7062/1
f 6686/7067/1 6672/7069/1 6671/7063/1
f 6650/7065/1 6769/7070/1 6768/7064/1
f 6649/7071/1 6769/7070/1 6650/7065/1
f 6746/7068/1 6733/7072/1 6732/7066/1
f 6685/7073/1 6672/7069/1 6686/7067/1
f 6745/7074/1 6733/7072/1 6746/7068/1
f 6685/7073/1 6673/7075/1 6672/7069/1
f 6648/7076/1 6769/7070/1 6649/7071/1
f 6647/7077/2 6769/7070/2 6648/7076/2
f 6646/7078/1 6769/7070/1 6647/7077/1
f 6645/7079/1 6769/7070/1 6646/7078/1
f 6644/7080/1 6769/7070/1 6645/7079/1
f 6643/7081/1 6769/7070/1 6644/7080/1
f 6642/7082/1 6769/7070/1 6643/7081/1
f 6641/7083/1 6769/7070/1 6642/7082/1
f 6640/7084/2 6769/7070/2 6641/7083/2
f 6639/7085/1 6769/7070/1 6640/7084/1
f 6638/7086/1 6769/7070/1 6639/7085/1
f 6684/7087/1 6673/7075/1 6685/7073/1
f 6683/7088/1 6673/7075/1 6684/7087/1
f 6682/7089/1 6673/7075/1 6683/7088/1
f 6681/7090/1 6673/7075/1 6682/7089/1
f 6680/7091/1 6673/7075/1 6681/7090/1
f 6679/7092/1 6673/7075/1 6680/7091/1
f 6678/7093/1 6673/7075/1 6679/7092/1
f 6677/7094/1 6673/7075/1 6678/7093/1
f 6676/7095/1 6673/7075/1 6677/7094/1
f 6675/7096/1 6673/7075/1 6676/7095/1
f 6674/7097/1 6673/7075/1 6675/7096/1
f 6744/7098/1 6733/7072/1 6745/7074/1
f 6743/7099/2 6733/7072/2 6744/7098/2
f 6742/7100/1 6733/7072/1 6743/7099/1
f 6741/7101/2 6733/7072/2 6742/7100/2
f 6740/7102/1 6733/7072/1 6741/7101/1
f 6739/7103/1 6733/7072/1 6740/7102/1
f 6738/7104/1 6733/7072/1 6739/7103/1
f 6737/7105/1 6733/7072/1 6738/7104/1
f 6736/7106/1 6733/7072/1 6737/7105/1
f 6735/7107/1 6733/7072/1 6736/7106/1
f 6734/7108/1 6733/7072/1 6735/7107/1
f 6828/7109/2 6829/7110/2 6830/7111/2
f 6852/7112/2 6853/7113/2 6854/7114/2
f 6851/7115/2 6852/7112/2 6854/7114/2
f 6828/7109/2 6830/7111/2 6831/7116/2
f 6851/7115/2 6854/7114/2 6855/7117/2
f 6827/7118/2 6828/7109/2 6831/7116/2
f 6850/7119/2 6851/7115/2 6855/7117/2
f 6827/7118/2 6831/7116/2 6832/7120/2
f 6849/7121/2 6850/7119/2 6855/7117/2
f 6827/7118/2 6832/7120/2 6833/7122/2
f 6849/7121/2 6855/7117/2 6856/7123/2
f 6826/7124/2 6827/7118/2 6833/7122/2
f 6848/7125/2 6849/7121/2 6889/7126/2
f 6889/7126/2 6849/7121/2 6856/7123/2
f 6826/7124/2 6833/7122/2 6793/7127/2
f 6793/7127/2 6833/7122/2 6834/7128/2
f 6847/7129/2 6848/7125/2 6889/7126/2
f 6793/7127/2 6834/7128/2 6835/7130/2
f 6826/7124/2 6793/7127/2 6794/7131/2
f 6792/7132/2 6793/7127/2 6835/7130/2
f 6847/7129/2 6889/7126/2 6890/7133/2
f 6888/7134/2 6889/7126/2 6856/7123/2
f 6888/7134/2 6856/7123/2 6857/7135/2
f 6825/7136/2 6826/7124/2 6794/7131/2
f 6791/7137/2 6792/7132/2 6835/7130/2
f 6847/7129/2 6890/7133/2 6891/7138/2
f 6825/7136/2 6794/7131/2 6795/7139/2
f 6887/7140/2 6888/7134/2 6857/7135/2
f 6846/7141/2 6847/7129/2 6891/7138/2
f 6791/7137/2 6835/7130/2 6836/7142/2
f 6790/7143/2 6791/7137/2 6836/7142/2
f 6846/7141/2 6891/7138/2 6892/7144/2
f 6825/7136/2 6795/7139/2 6796/7145/2
f 6886/7146/2 6887/7140/2 6857/7135/2
f 6845/7147/2 6846/7141/2 6892/7144/2
f 6790/7143/2 6836/7142/2 6837/7148/2
f 6886/7146/2 6857/7135/2 6858/7149/2
f 6824/7150/2 6825/7136/2 6796/7145/2
f 6845/7147/2 6892/7144/2 6893/7151/2
f 6789/7152/2 6790/7143/2 6837/7148/2
f 6824/7150/2 6796/7145/2 6797/7153/2
f 6885/7154/2 6886/7146/2 6858/7149/2
f 6844/7155/2 6845/7147/2 6893/7151/2
f 6789/7152/2 6837/7148/2 6838/7156/2
f 6844/7155/2 6893/7151/2 6894/7157/2
f 6788/7158/2 6789/7152/2 6838/7156/2
f 6824/7150/2 6797/7153/2 6798/7159/2
f 6884/7160/2 6885/7154/2 6858/7149/2
f 6843/7161/2 6844/7155/2 6894/7157/2
f 6788/7158/2 6838/7156/2 6839/7162/2
f 6884/7160/2 6858/7149/2 6859/7163/2
f 6823/7164/2 6824/7150/2 6798/7159/2
f 6842/7165/2 6843/7161/2 6894/7157/2
f 6788/7158/2 6839/7162/2 6840/7166/2
f 6842/7165/2 6894/7157/2 6895/7167/2
f 6787/7168/2 6788/7158/2 6840/7166/2
f 6823/7164/2 6798/7159/2 6799/7169/2
f 6883/7170/2 6884/7160/2 6859/7163/2
f 6883/7170/2 6859/7163/2 6860/7171/2
f 6822/7172/2 6823/7164/2 6799/7169/2
f 6841/7173/2 6842/7165/2 6895/7167/2
f 6787/7168/2 6840/7166/2 6841/7173/2
f 6841/7173/2 6895/7167/2 6896/7174/2
f 6786/7175/2 6787/7168/2 6841/7173/2
f 6822/7172/2 6799/7169/2 6800/7176/2
f 6882/7177/2 6883/7170/2 6860/7171/2
f 6786/7175/2 6841/7173/2 6896/7174/2
f 6882/7177/2 6860/7171/2 6861/7178/2
f 6821/7179/2 6822/7172/2 6800/7176/2
f 6786/7175/2 6896/7174/2 6897/7180/2
f 6785/7181/2 6786/7175/2 6897/7180/2
f 6821/7179/2 6800/7176/2 6801/7182/2
f 6881/7183/2 6882/7177/2 6861/7178/2
f 6881/7183/2 6861/7178/2 6862/7184/2
f 6820/7185/2 6821/7179/2 6801/7182/2
f 6785/7181/2 6897/7180/2 6898/7186/2
f 6784/7187/2 6785/7181/2 6898/7186/2
f 6820/7185/2 6801/7182/2 6802/7188/2
f 6880/7189/2 6881/7183/2 6862/7184/2
f 6784/7187/2 6898/7186/2 6899/7190/2
f 6783/7191/2 6784/7187/2 6899/7190/2
f 6880/7189/2 6862/7184/2 6863/7192/2
f 6819/7193/2 6820/7185/2 6802/7188/2
f 6879/7194/2 6880/7189/2 6863/7192/2
f 6819/7193/2 6802/7188/2 6803/7195/2
f 6783/7191/2 6899/7190/2 6900/7196/2
f 6782/7197/2 6783/7191/2 6900/7196/2
f 6879/7194/2 6863/7192/2 6864/7198/2
f 6818/7199/2 6819/7193/2 6803/7195/2
f 6878/7200/2 6879/7194/2 6864/7198/2
f 6818/7199/2 6803/7195/2 6804/7201/2
f 6782/7197/2 6900/7196/2 6901/7202/2
f 6781/7203/2 6782/7197/2 6901/7202/2
f 6878/7200/2 6864/7198/2 6865/7204/2
f 6817/7205/2 6818/7199/2 6804/7201/2
f 6877/7206/2 6878/7200/2 6865/7204/2
f 6817/7205/2 6804/7201/2 6805/7207/2
f 6780/7208/1 6781/7203/1 6901/7202/1
f 6779/7209/1 6780/7208/1 6901/7202/1
f 6778/7210/1 6779/7209/1 6901/7202/1
f 6777/7211/1 6778/7210/1 6901/7202/1
f 6776/7212/1 6777/7211/1 6901/7202/1
f 6775/7213/1 6776/7212/1 6901/7202/1
f 6774/7214/1 6775/7213/1 6901/7202/1
f 6773/7215/2 6774/7214/2 6901/7202/2
f 6772/7216/1 6773/7215/1 6901/7202/1
f 6771/7217/2 6772/7216/2 6901/7202/2
f 6770/7218/1 6771/7217/1 6901/7202/1
f 6816/7219/1 6817/7205/1 6805/7207/1
f 6815/7220/2 6816/7219/2 6805/7207/2
f 6814/7221/1 6815/7220/1 6805/7207/1
f 6813/7222/1 6814/7221/1 6805/7207/1
f 6812/7223/1 6813/7222/1 6805/7207/1
f 6811/7224/1 6812/7223/1 6805/7207/1
f 6810/7225/1 6811/7224/1 6805/7207/1
f 6809/7226/1 6810/7225/1 6805/7207/1
f 6808/7227/1 6809/7226/1 6805/7207/1
f 6807/7228/1 6808/7227/1 6805/7207/1
f 6806/7229/1 6807/7228/1 6805/7207/1
f 6876/7230/1 6877/7206/1 6865/7204/1
f 6875/7231/1 6876/7230/1 6865/7204/1
f 6874/7232/1 6875/7231/1 6865/7204/1
f 6873/7233/1 6874/7232/1 6865/7204/1
f 6872/7234/1 6873/7233/1 6865/7204/1
f 6871/7235/1 6872/7234/1 6865/7204/1
f 6870/7236/1 6871/7235/1 6865/7204/1
f 6869/7237/2 6870/7236/2 6865/7204/2
f 6868/7238/1 6869/7237/1 6865/7204/1
f 6867/7239/1 6868/7238/1 6865/7204/1
f 6866/7240/1 6867/7239/1 6865/7204/1
s 1
f 6903/7241/19 6905/7242/19 6904/7243/19 6902/7244/19
f 6905/7242/19 6907/7245/19 6906/7246/19 6904/7243/19
f 6907/7245/19 6909/7247/19 6908/7248/19 6906/7246/19
f 6909/7247/19 6911/7249/19 6910/7250/19 6908/7248/19
f 6911/7249/19 6913/7251/19 6912/7252/19 6910/7250/19
f 6913/7251/19 6915/7253/19 6914/7254/19 6912/7252/19
f 6915/7253/19 6917/7255/19 6916/7256/19 6914/7254/19
f 6917/7255/19 6919/7257/19 6918/7258/19 6916/7256/19
f 6919/7257/19 6921/7259/19 6920/7260/19 6918/7258/19
f 6921/7259/19 6923/7261/19 6922/7262/19 6920/7260/19
f 6923/7261/19 6925/7263/1441 6924/7264/1441 6922/7262/19
f 6925/7263/1441 6927/7265/1442 6926/7266/1442 6924/7264/1441
f 6927/7265/1442 6929/7267/1443 6928/7268/1443 6926/7266/1442
f 6929/7267/1443 6931/7269/1444 6930/7270/1444 6928/7268/1443
f 6931/7269/1444 6933/7271/1445 6932/7272/1445 6930/7270/1444
f 6933/7271/1445 6935/7273/1446 6934/7274/1446 6932/7272/1445
f 6935/7273/1446 6937/7275/1447 6936/7276/1447 6934/7274/1446
f 6937/7275/1447 6939/7277/1448 6938/7278/1448 6936/7276/1447
f 6939/7277/1448 6941/7279/1449 6940/7280/1449 6938/7278/1448
f 6941/7279/1449 6943/7281/1450 6942/7282/1450 6940/7280/1449
f 6943/7281/1450 6945/7283/1451 6944/7284/1451 6942/7282/1450
f 6945/7283/1451 6947/7285/1452 6946/7286/1452 6944/7284/1451
f 6947/7285/1452 6949/7287/1453 6948/7288/1453 6946/7286/1452
f 6949/7287/1453 6951/7289/1454 6950/7290/1454 6948/7288/1453
f 6951/7289/1454 6953/7291/1455 6952/7292/1455 6950/7290/1454
f 6953/7291/1455 6955/7293/1456 6954/7294/1456 6952/7292/1455
f 6955/7293/1456 6957/7295/1457 6956/7296/1457 6954/7294/1456
f 6957/7295/1457 6959/7297/1458 6958/7298/1458 6956/7296/1457
f 6959/7297/1458 6961/7299/1459 6960/7300/1459 6958/7298/1458
f 6961/7299/1459 6963/7301/1460 6962/7302/1460 6960/7300/1459
f 6963/7301/1460 6965/7303/1461 6964/7304/1461 6962/7302/1460
f 6965/7303/1461 6967/7305/1462 6966/7306/1462 6964/7304/1461
f 6967/7305/1462 6969/7307/1463 6968/7308/1463 6966/7306/1462
f 6969/7307/1463 6971/7309/1464 6970/7310/1464 6968/7308/1463
f 6971/7309/1464 6973/7311/1465 6972/7312/1465 6970/7310/1464
f 6973/7311/1465 6975/7313/19 6974/7314/19 6972/7312/1465
f 6975/7313/19 6977/7315/19 6976/7316/19 6974/7314/19
f 6977/7315/19 6979/7317/19 6978/7318/19 6976/7316/19
f 6979/7317/19 6981/7319/19 6980/7320/19 6978/7318/19
f 6981/7319/19 6983/7321/19 6982/7322/19 6980/7320/19
f 6983/7321/19 6985/7323/19 6984/7324/19 6982/7322/19
f 6985/7323/19 6987/7325/19 6986/7326/19 6984/7324/19
f 6987/7325/19 6989/7327/19 6988/7328/19 6986/7326/19
f 6989/7327/19 6991/7329/19 6990/7330/19 6988/7328/19
f 6991/7329/19 6993/7331/19 6992/7332/19 6990/7330/19
f 6993/7331/19 6995/7333/19 6994/7334/19 6992/7332/19
f 6995/7333/19 6997/7335/1466 6996/7336/1466 6994/7334/19
f 6997/7335/1466 6999/7337/1467 6998/7338/1467 6996/7336/1466
f 6999/7337/1467 7001/7339/1468 7000/7340/1468 6998/7338/1467
f 7001/7339/1468 7003/7341/1469 7002/7342/1469 7000/7340/1468
f 7003/7341/1469 7005/7343/1470 7004/7344/1470 7002/7342/1469
f 7005/7343/1470 7007/7345/1471 7006/7346/1471 7004/7344/1470
f 7007/7345/1471 7009/7347/1472 7008/7348/1472 7006/7346/1471
f 7009/7347/1472 7011/7349/1473 7010/7350/1473 7008/7348/1472
f 7011/7349/1473 7013/7351/1474 7012/7352/1474 7010/7350/1473
f 7013/7351/1474 7015/7353/1475 7014/7354/1475 7012/7352/1474
f 7015/7353/1475 7017/7355/1476 7016/7356/1476 7014/7354/1475
f 7017/7355/1476 7019/7357/1477 7018/7358/1477 7016/7356/1476
f 7019/7357/1477 7021/7359/1478 7020/7360/1478 7018/7358/1477
f 7021/7359/1478 7023/7361/1479 7022/7362/1479 7020/7360/1478
f 7023/7361/1479 7025/7363/1480 7024/7364/1480 7022/7362/1479
f 7025/7363/1480 7027/7365/1481 7026/7366/1481 7024/7364/1480
f 7027/7365/1481 7029/7367/1482 7028/7368/1482 7026/7366/1481
f 7029/7367/1482 7031/7369/1483 7030/7370/1483 7028/7368/1482
f 7031/7369/1483 7033/7371/1484 7032/7372/1484 7030/7370/1483
f 7033/7371/1484 7035/7373/1485 7034/7374/1485 7032/7372/1484
f 7035/7373/1485 7037/7375/1486 7036/7376/1486 7034/7374/1485
f 7037/7375/1486 7039/7377/1487 7038/7378/1487 7036/7376/1486
f 7039/7377/1487 7041/7379/1488 7040/7380/1488 7038/7378/1487
f 7041/7379/1488 7043/7381/1489 7042/7382/1489 7040/7380/1488
f 7043/7381/1489 7045/7383/22 7044/7384/22 7042/7382/1489
f 7045/7383/22 7047/7385/1490 7046/7386/1490 7044/7384/22
f 7047/7385/1490 7049/7387/1491 7048/7388/1491 7046/7386/1490
f 7049/7387/1491 7051/7389/1492 7050/7390/1492 7048/7388/1491
f 7051/7389/1492 7053/7391/1493 7052/7392/1493 7050/7390/1492
f 7053/7391/1493 7055/7393/1494 7054/7394/1494 7052/7392/1493
f 7055/7393/1494 7057/7395/1495 7056/7396/1495 7054/7394/1494
f 7057/7395/1495 7059/7397/1496 7058/7398/1496 7056/7396/1495
f 7059/7397/1496 7061/7399/1497 7060/7400/1497 7058/7398/1496
f 7061/7399/1497 7063/7401/1498 7062/7402/1498 7060/7400/1497
f 7063/7401/1498 7065/7403/1499 7064/7404/1499 7062/7402/1498
f 7065/7403/1499 7067/7405/1500 7066/7406/1500 7064/7404/1499
f 7067/7405/1500 7069/7407/1501 7068/7408/1501 7066/7406/1500
f 7069/7407/1501 7071/7409/1502 7070/7410/1502 7068/7408/1501
f 7071/7409/1502 7073/7411/1503 7072/7412/1503 7070/7410/1502
f 7073/7411/1503 7075/7413/1504 7074/7414/1504 7072/7412/1503
f 7075/7413/1504 7077/7415/1505 7076/7416/1505 7074/7414/1504
f 7077/7415/1505 7079/7417/1506 7078/7418/1506 7076/7416/1505
f 7079/7417/1506 7081/7419/1507 7080/7420/1507 7078/7418/1506
f 7081/7419/1507 7083/7421/1508 7082/7422/1508 7080/7420/1507
f 7083/7421/1508 7085/7423/1509 7084/7424/1509 7082/7422/1508
f 7085/7423/1509 7087/7425/1510 7086/7426/1510 7084/7424/1509
f 7087/7425/1510 7089/7427/1511 7088/7428/1511 7086/7426/1510
f 7089/7427/1511 7091/7429/1512 7090/7430/1512 7088/7428/1511
f 7091/7429/1512 7093/7431/1513 7092/7432/1513 7090/7430/1512
f 7093/7431/1513 7095/7433/19 7094/7434/19 7092/7432/1513
f 7095/7433/19 7097/7435/19 7096/7436/19 7094/7434/19
f 7097/7435/19 7099/7437/19 7098/7438/19 7096/7436/19
f 7099/7437/19 7101/7439/19 7100/7440/19 7098/7438/19
f 7101/7439/19 7103/7441/19 7102/7442/19 7100/7440/19
f 7103/7441/19 7105/7443/19 7104/7444/19 7102/7442/19
f 7105/7443/19 7107/7445/19 7106/7446/19 7104/7444/19
f 7107/7445/19 7109/7447/19 7108/7448/19 7106/7446/19
f 7109/7447/19 7111/7449/19 7110/7450/19 7108/7448/19
f 7111/7449/19 7113/7451/19 7112/7452/19 7110/7450/19
f 7113/7451/19 7115/7453/19 7114/7454/19 7112/7452/19
f 7115/7453/19 7117/7455/1514 7116/7456/1514 7114/7454/19
f 7117/7455/1514 7119/7457/1515 7118/7458/1515 7116/7456/1514
f 7119/7457/1515 7121/7459/1516 7120/7460/1516 7118/7458/1515
f 7121/7459/1516 7123/7461/1517 7122/7462/1517 7120/7460/1516
f 7123/7461/1517 7125/7463/1518 7124/7464/1518 7122/7462/1517
f 7125/7463/1518 7127/7465/1519 7126/7466/1519 7124/7464/1518
f 7127/7465/1519 7129/7467/1520 7128/7468/1520 7126/7466/1519
f 7129/7467/1520 7131/7469/1521 7130/7470/1521 7128/7468/1520
f 7131/7469/1521 7133/7471/1522 7132/7472/1522 7130/7470/1521
f 7133/7471/1522 7135/7473/1523 7134/7474/1523 7132/7472/1522
f 7135/7473/1523 7137/7475/1524 7136/7476/1524 7134/7474/1523
f 7137/7475/1524 7139/7477/1525 7138/7478/1525 7136/7476/1524
f 7139/7477/1525 7141/7479/1526 7140/7480/1526 7138/7478/1525
f 7141/7479/1526 7143/7481/1527 7142/7482/1527 7140/7480/1526
f 7143/7481/1527 7145/7483/1528 7144/7484/1528 7142/7482/1527
f 7145/7483/1528 7147/7485/1529 7146/7486/1529 7144/7484/1528
f 7147/7485/1529 7149/7487/1530 7148/7488/1530 7146/7486/1529
f 7149/7487/1530 7151/7489/1531 7150/7490/1531 7148/7488/1530
f 7151/7489/1531 7153/7491/1532 7152/7492/1532 7150/7490/1531
f 7153/7491/1532 7155/7493/1533 7154/7494/1533 7152/7492/1532
f 7155/7493/1533 7157/7495/1534 7156/7496/1534 7154/7494/1533
f 7157/7495/1534 7159/7497/1535 7158/7498/1535 7156/7496/1534
f 7159/7497/1535 7161/7499/1536 7160/7500/1536 7158/7498/1535
f 7161/7499/1536 7163/7501/1537 7162/7502/1537 7160/7500/1536
f 7163/7501/1537 7165/7503/1538 7164/7504/1538 7162/7502/1537
f 7165/7503/1538 6903/7505/19 6902/7506/19 7164/7504/1538
